"ID","TIME","DV","PRED","IPRED","RES","IRES","IWRES","CWRES","NPDE","NPD","EPRED","ERES","PDE","eta.cl","eta.v","eta.ka"
"1",0.25,2.84,2.68539710318889,3.42417093901131,0.154602896811106,-0.584170939011309,-1.08188958147394,0.121482833548452,-1.56749086413344,0.104213400269085,2.969282934428,-0.129282934428005,0.0585,-0.63934800839277,-0.159176819045621,0.0976338267334811
"1",0.57,6.57,4.85003224377061,6.10195101171569,1.71996775622939,0.468048988284313,0.486430750406813,0.670807089303816,-0.102953344255004,0.832724719277444,4.91212743672597,1.65787256327403,0.459,-0.63934800839277,-0.159176819045621,0.0976338267334811
"1",1.12,10.5,6.63610034969053,8.24279175331174,3.86389965030947,2.25720824668826,1.73658373029057,1.6120023758532,1.87349545336949,2.14441062091184,6.33684176741504,4.16315823258496,0.9695,-0.63934800839277,-0.159176819045621,0.0976338267334811
"1",2.02,9.66,7.27589464450798,9.04570933493292,2.38410535549202,0.614290665067079,0.430655219057254,1.33014543330895,1.25631992690541,1.70604339688896,6.9048749501715,2.7551250498285,0.8955,-0.63934800839277,-0.159176819045621,0.0976338267334811
"1",3.82,8.58,6.58174106952021,8.53619254405196,1.99825893047979,0.0438074559480377,0.0325448487758721,1.26621895855408,0.415193850778427,1.59819313992282,6.42967027961297,2.15032972038703,0.661,-0.63934800839277,-0.159176819045621,0.0976338267334811
"1",5.1,8.36,5.9205183903805,7.99173571867652,2.4394816096195,0.368264281323479,0.292224693444155,1.63091468219956,0.426148007841278,2.0046544617651,5.83362420362115,2.52637579637885,0.665,-0.63934800839277,-0.159176819045621,0.0976338267334811
"1",7.03,7.47,5.02244171302052,7.21730205516123,2.44755828697948,0.252697944838774,0.22203695142475,1.78437373846254,0.388021666217977,1.92683657326391,4.992924386958,2.477075613042,0.651,-0.63934800839277,-0.159176819045621,0.0976338267334811
"1",9.05,6.89,4.22528920601922,6.48532098618249,2.66471079398078,0.404679013817508,0.395710554873576,2.08851102063993,1.02153718691949,2.34553097080668,4.22200190467922,2.66799809532078,0.8465,-0.63934800839277,-0.159176819045621,0.0976338267334811
"1",12.12,5.94,3.24904171597636,5.51238048339725,2.69095828402364,0.42761951660275,0.49194523612746,2.3094666574797,1.63048042059242,2.40891554581546,3.26854324569316,2.67145675430684,0.9485,-0.63934800839277,-0.159176819045621,0.0976338267334811
"1",24.37,3.28,1.1388362999445,2.88176821617543,2.1411637000555,0.398231783824568,0.876345376216342,2.4936196935837,2.51214432793046,2.51214432793046,1.21670317732992,2.06329682267008,0.994,-0.63934800839277,-0.159176819045621,0.0976338267334811
"2",0.27,1.72,3.12692350379828,3.97746394737506,-1.40692350379828,-2.25746394737506,-3.59925816809434,-0.606739284340992,-2.15707270447901,-0.942376332597951,3.41350138553958,-1.69350138553958,0.0155,0.127090130128298,-0.0381432110160774,0.260914052665739
"2",0.52,7.91,5.01681042913381,6.0909506714659,2.89318957086619,1.8190493285341,1.89390339046499,1.10574499766758,1.22919154022989,1.18757726318858,5.12222745402723,2.78777254597277,0.8905,0.127090130128298,-0.0381432110160774,0.260914052665739
"2",1,8.31,6.98989558192481,7.90761505762955,1.32010441807519,0.402384942370448,0.322696777458314,0.554853034408,0.738846849185214,0.763777243849522,6.66136178943003,1.64863821056997,0.77,0.127090130128298,-0.0381432110160774,0.260914052665739
"2",1.92,8.33,7.95859055456352,8.29824138672195,0.371409445436483,0.0317586132780452,0.0242702301474882,0.165048004806133,0.585814765687599,0.514360457501001,7.46405212213946,0.865947877860537,0.721,0.127090130128298,-0.0381432110160774,0.260914052665739
"2",3.5,6.85,7.38519428390142,7.26979517518592,-0.535194283901417,-0.41979517518592,-0.366196083736454,-0.408665181704149,-0.0765267914162924,-0.128188248098485,7.13496385072891,-0.284963850728913,0.4695,0.127090130128298,-0.0381432110160774,0.260914052665739
"2",5.02,6.08,6.52413138308181,6.24444256602127,-0.44413138308181,-0.164442566021268,-0.167000971304531,-0.366672036954951,-0.172556559594787,-0.224973358313812,6.45118865232055,-0.371188652320548,0.4315,0.127090130128298,-0.0381432110160774,0.260914052665739
"2",7.03,5.4,5.49719988489809,5.09804936751572,-0.0971998848980871,0.30195063248428,0.375604108824854,-0.105988204457745,0.283230695100174,-0.00125331446543256,5.46856051570698,-0.0685605157069773,0.6115,0.127090130128298,-0.0381432110160774,0.260914052665739
"2",9,4.55,4.6445252090426,4.17860336677024,-0.0945252090426045,0.371396633229758,0.563644456650766,-0.103909605041522,0.402929620719847,-0.0351000017727088,4.65364934484581,-0.103649344845809,0.6565,0.127090130128298,-0.0381432110160774,0.260914052665739
"2",12,3.01,3.59287353759461,3.08672172380987,-0.582873537594611,-0.0767217238098747,-0.157622895530413,-0.568709245983933,-0.37319945737831,-0.553384719555673,3.62335259007614,-0.613352590076137,0.3545,0.127090130128298,-0.0381432110160774,0.260914052665739
"2",24.3,0.9,1.25397709864568,0.89168062021415,-0.353977098645683,0.00831937978585018,0.0591670682482512,-0.552908057663067,-0.566579361742592,-0.566579361742592,1.33851918980193,-0.438519189801933,0.2855,0.127090130128298,-0.0381432110160774,0.260914052665739
"3",0.27,4.4,3.21930988004686,4.18705876565703,1.18069011995314,0.212941234342972,0.322514420887297,0.558375804328508,-0.646431416324407,0.591776890591446,3.50987504939549,0.890124950604506,0.259,0.0723644700874371,-0.0019121758429487,0.337234955535977
"3",0.58,6.9,5.52237154619572,6.67933876617023,1.37762845380428,0.220661233829766,0.209503363083972,0.513419787302606,0.623433027304938,0.617355904828379,5.54831706739943,1.35168293260057,0.7335,0.0723644700874371,-0.0019121758429487,0.337234955535977
"3",1.02,8.2,7.24812615723767,8.10884725605373,0.951873842762333,0.0911527439462709,0.0712867892112895,0.371241694137989,0.618873040548629,0.569524867039805,6.92068971551745,1.27931028448255,0.732,0.0723644700874371,-0.0019121758429487,0.337234955535977
"3",2.02,7.8,8.1989559053784,8.33040012264816,-0.398955905378402,-0.530400122648165,-0.403771983754482,-0.32631377464752,0.0840709769111597,0.095396369056892,7.65506220490814,0.144937795091864,0.5335,0.0723644700874371,-0.0019121758429487,0.337234955535977
"3",3.62,7.5,7.53389117675679,7.30657623511305,-0.0338911767567893,0.193423764886954,0.16787821385655,-0.0340964285434271,0.285840874881166,0.161118588510745,7.28724889718755,0.212751102812449,0.6125,0.0723644700874371,-0.0019121758429487,0.337234955535977
"3",5.08,6.2,6.68292150072304,6.39057805692582,-0.482921500723037,-0.190578056925821,-0.189117264939239,-0.362037898570165,-0.266310613204095,-0.271508452017839,6.61354737289202,-0.413547372892016,0.395,0.0723644700874371,-0.0019121758429487,0.337234955535977
"3",7.07,5.3,5.64029046114428,5.31973639904499,-0.340290461144281,-0.0197363990449944,-0.0235275243784984,-0.27241971480342,-0.331853346436817,-0.237846695417749,5.64839702653306,-0.348397026533065,0.37,0.0723644700874371,-0.0019121758429487,0.337234955535977
"3",9,4.9,4.78174981749159,4.45274130275758,0.118250182508408,0.447258697242419,0.636985810278747,0.111311863825876,0.284535542671622,0.168741467620538,4.78670373554376,0.11329626445624,0.612,0.0723644700874371,-0.0019121758429487,0.337234955535977
"3",12.15,3.7,3.65184580191364,3.33061770009396,0.048154198086364,0.369382299906038,0.703314745560702,0.0554004478811272,0.330529375804139,0.0865867478738458,3.67534586430565,0.0246541356943495,0.6295,0.0723644700874371,-0.0019121758429487,0.337234955535977
"3",24.17,1.05,1.30546977733401,1.0998487293605,-0.255469777334013,-0.0498487293604981,-0.287421705964735,-0.369312968495636,-0.393432594110967,-0.393432594110967,1.39804181519772,-0.348041815197721,0.347,0.0723644700874371,-0.0019121758429487,0.337234955535977
"4",0.35,1.89,3.81896318356118,3.07585823288443,-1.92896318356118,-1.18585823288443,-2.44492130910578,-1.03246499051871,-0.584327490777854,-1.14792385353143,4.03987714982883,-2.14987714982883,0.2795,-0.0128548450747252,-0.0711444696314554,-0.361015928215672
"4",0.6,4.6,5.47187302206311,4.6132882739892,-0.871873022063115,-0.013288273989196,-0.0182665448770479,-0.365960196439461,-1.15278169388419,-0.298921424090857,5.52900871843874,-0.92900871843874,0.1245,-0.0128548450747252,-0.0711444696314554,-0.361015928215672
"4",1.07,8.6,7.15735775810125,6.48122639862639,1.44264224189875,2.11877360137361,2.07312643042027,0.493387208317534,0.841621233572914,0.887146559018876,6.81675417505872,1.78324582494128,0.8,-0.0128548450747252,-0.0711444696314554,-0.361015928215672
"4",2.13,8.38,7.95747221752947,7.98229888850041,0.42252778247053,0.397701111499591,0.31595646547717,0.109821553361403,0.490189231715209,0.565108452006584,7.48542077265815,0.894579227341849,0.688,-0.0128548450747252,-0.0711444696314554,-0.361015928215672
"4",3.5,7.54,7.38519428390142,7.81533213268709,0.154805716098584,-0.275332132687085,-0.223412715392442,0.0443866460007133,0.129452004719563,0.346456061065837,7.13649968579425,0.40350031420575,0.5515,-0.0128548450747252,-0.0711444696314554,-0.361015928215672
"4",5.02,6.88,6.52413138308181,6.99648366230914,0.355868616918189,-0.116483662309143,-0.105580477014543,0.256940485234122,0.0916199503884748,0.361133033557212,6.43648020059188,0.443519799408117,0.5365,-0.0128548450747252,-0.0711444696314554,-0.361015928215672
"4",7.02,5.78,5.50190281828675,5.8760338261706,0.278097181713251,-0.0960338261705953,-0.103642617515503,0.240447918601484,-0.173828812501662,0.291067101912652,5.48989260753467,0.29010739246533,0.431,-0.0128548450747252,-0.0711444696314554,-0.361015928215672
"4",9.02,5.33,4.63658281068516,4.90598923987299,0.693417189314843,0.424010760127015,0.548086006511783,0.587556937025396,0.611301497195671,0.626480230433775,4.64023602637209,0.689763973627912,0.7295,-0.0128548450747252,-0.0711444696314554,-0.361015928215672
"4",11.98,4.19,3.59902835102597,3.7512856781485,0.590971648974026,0.438714321851497,0.741651877924442,0.537878352770411,0.909663498116024,0.579873392427704,3.6375163393235,0.552483660676502,0.8185,-0.0128548450747252,-0.0711444696314554,-0.361015928215672
"4",24.65,1.15,1.21697373435061,1.18854559310831,-0.0669737343506096,-0.0385455931083052,-0.205663543402779,-0.0881930446348554,-0.10043372051147,-0.10043372051147,1.31728092366302,-0.167280923663023,0.46,-0.0128548450747252,-0.0711444696314554,-0.361015928215672
"5",0.3,2.02,4.52440787490525,3.77384510236731,-2.50440787490525,-1.75384510236731,-2.94717273845568,-1.09762030288036,-0.638727837484811,-1.34075503369022,4.93865717702298,-2.91865717702298,0.2615,0.0808235665559359,0.0406529669992818,-0.173957604312516
"5",0.52,5.63,6.68147934425549,5.69348275503629,-1.05147934425549,-0.0634827550362909,-0.0707092423902519,-0.339279511616805,-1.4430726743709,-0.310737745487592,6.89957468597088,-1.26957468597088,0.0745,0.0808235665559359,0.0406529669992818,-0.173957604312516
"5",1,11.4,9.30927002501804,8.24244404605346,2.09072997498196,3.15755595394654,2.4293689430486,0.664243088939702,1.03429130603461,0.815126332701155,9.0205363617164,2.3794636382836,0.8495,0.0808235665559359,0.0406529669992818,-0.173957604312516
"5",2.02,9.33,10.6061548798052,9.86715729317116,-1.27615487980517,-0.537157293171155,-0.345229463071986,-0.574271704432015,-0.159849030337808,-0.335828761460265,10.0738347405371,-0.74383474053711,0.4365,0.0808235665559359,0.0406529669992818,-0.173957604312516
"5",3.5,8.74,9.83573602355961,9.37599617593275,-1.09573602355961,-0.635996175932751,-0.430165434670848,-0.610401432114861,-0.280622443558663,-0.450985499432371,9.61733483536522,-0.877334835365218,0.3895,0.0808235665559359,0.0406529669992818,-0.173957604312516
"5",5.02,7.56,8.68895679655896,8.30077653377414,-1.12895679655896,-0.740776533774143,-0.565935479606349,-0.662577481300562,-0.512930410614728,-0.562170292257926,8.59080376295105,-1.03080376295105,0.304,0.0808235665559359,0.0406529669992818,-0.173957604312516
"5",7.02,7.09,7.32753420799098,6.96306922703351,-0.237534207990985,0.126930772966486,0.115601811424749,-0.141886894130865,0.0351000017727088,-0.134509119884533,7.33200304706697,-0.242003047066969,0.514,0.0808235665559359,0.0406529669992818,-0.173957604312516
"5",9.1,5.9,6.13295441528654,5.78663966753053,-0.232954415286539,0.113360332469466,0.12423189179413,-0.148368085103072,0.0564290691624739,-0.137038959961148,6.15680286831116,-0.256802868311158,0.5225,0.0808235665559359,0.0406529669992818,-0.173957604312516
"5",12,4.37,4.78505430234191,4.46924260436545,-0.415054302341911,-0.0992426043654522,-0.140819452040952,-0.295469386306491,-0.252053126562294,-0.300232259380722,4.8401825615769,-0.470182561576903,0.4005,0.0808235665559359,0.0406529669992818,-0.173957604312516
"5",24.35,1.57,1.66293855211255,1.48733729293249,-0.0929385521125505,0.0826627070675134,0.352450867391252,-0.097287953246806,-0.085328794885629,-0.085328794885629,1.7721789909484,-0.202178990948402,0.466,0.0808235665559359,0.0406529669992818,-0.173957604312516
"6",0.27,1.29,2.84265773072571,1.77050654665176,-1.55265773072571,-0.480506546651761,-1.72107659895645,-1.21187321622001,0.162388406424307,-1.17498679206609,3.09144256255686,-1.80144256255686,0.5645,0.208603623195264,0.0834003885691315,-0.459640802118899
"6",0.58,3.08,4.87626626595649,3.25836171392081,-1.79626626595649,-0.178361713920809,-0.347136891640467,-0.892802195814635,-1.81841976311127,-0.797776846125238,4.84146722122025,-1.76146722122025,0.0345,0.208603623195264,0.0834003885691315,-0.459640802118899
"6",1.15,6.44,6.65634977411051,4.93520260888333,-0.216349774110511,1.50479739111667,1.93362151756351,-0.0845838365550149,0.23913616440915,0.0740130516888602,6.31152523627127,0.128474763728727,0.5945,0.208603623195264,0.0834003885691315,-0.459640802118899
"6",2.03,6.32,7.23962074735499,5.96285671171899,-0.919620747354988,0.357143288281015,0.379827624294944,-0.631705840766404,0.0463892557053899,-0.248173718459313,6.75425673661214,-0.434256736612137,0.5185,0.208603623195264,0.0834003885691315,-0.459640802118899
"6",3.57,5.53,6.67809577496355,5.93932655929447,-1.14809577496355,-0.409326559294469,-0.437050023451851,-1.06231463785158,-0.230118100657266,-0.683960672350682,6.47591725918056,-0.945917259180559,0.409,0.208603623195264,0.0834003885691315,-0.459640802118899
"6",5,4.94,5.94105291690085,5.35075391326261,-1.00105291690085,-0.410753913262612,-0.48681635400773,-0.920575699805334,-0.353117971973689,-0.743795835483078,5.86636228715304,-0.926362287153035,0.362,0.208603623195264,0.0834003885691315,-0.459640802118899
"6",7,4.02,5.01029145825976,4.45806904390366,-0.990291458259758,-0.438069043903658,-0.623152299745166,-0.905047521159571,-0.518656932080391,-0.948254319426888,5.00971533562685,-0.989715335626851,0.302,0.208603623195264,0.0834003885691315,-0.459640802118899
"6",9.22,3.46,4.14354683223991,3.60212585359153,-0.683546832239907,-0.142125853591525,-0.250214590765226,-0.638111872621024,-0.407010876264466,-0.668209299725723,4.15867123644752,-0.698671236447523,0.342,0.208603623195264,0.0834003885691315,-0.459640802118899
"6",12.1,2.78,3.23841544767201,2.72515140442944,-0.458415447672009,0.0548485955705615,0.127636034678742,-0.446207605342606,-0.362471121637244,-0.493017814484465,3.30276562016327,-0.522765620163274,0.3585,0.208603623195264,0.0834003885691315,-0.459640802118899
"6",23.85,0.92,1.18473714644653,0.871858542728219,-0.264737146446531,0.0481414572717811,0.350164111342065,-0.414396442645728,-0.464904287509594,-0.464904287509594,1.27631604130365,-0.356316041303654,0.321,0.208603623195264,0.0834003885691315,-0.459640802118899
"7",0.25,0.85,3.30664568676244,1.31118258579948,-2.45664568676244,-0.461182585799477,-2.23053044261573,-1.99906571479129,1.02789334580214,-2.24140272760494,3.64351199017124,-2.79351199017124,0.848,0.220419655999453,0.0815721198130928,-0.953015643059554
"7",0.5,2.35,5.50462704947973,2.41311523799376,-3.15462704947973,-0.0631152379937574,-0.165864937584921,-1.51167406354285,-1.5180571187365,-1.44663206715898,5.59971395862643,-3.24971395862643,0.0645,0.220419655999453,0.0815721198130928,-0.953015643059554
"7",1.02,5.02,7.9201378539352,4.15693383208951,-2.9001378539352,0.863066167910494,1.31664716539801,-1.08297039826667,-0.811636919657297,-1.03643338949379,7.59072726571247,-2.57072726571247,0.2085,0.220419655999453,0.0815721198130928,-0.953015643059554
"7",2.02,6.58,8.9591240025658,6.03413301186589,-2.3791240025658,0.545866988134109,0.573680884398736,-1.242912280855,-0.874217164866483,-1.00894711035745,8.51729406414906,-1.93729406414906,0.191,0.220419655999453,0.0815721198130928,-0.953015643059554
"7",3.48,7.09,8.32091226555162,6.82674546627907,-1.23091226555162,0.263254533720933,0.244546007136,-1.22844039207768,-0.302855480891349,-0.575430768607773,8.0740720663672,-0.984072066367204,0.381,0.220419655999453,0.0815721198130928,-0.953015643059554
"7",5,6.66,7.35205298466481,6.57831215627684,-0.69205298466481,0.081687843723163,0.0787483353255087,-0.946389784639941,-0.0263226363109528,-0.349118964035977,7.26899521911687,-0.608995219116868,0.4895,0.220419655999453,0.0815721198130928,-0.953015643059554
"7",6.98,5.25,6.21084858640762,5.74145314848307,-0.960848586407624,-0.491453148483067,-0.542823603807935,-0.836071918140651,-0.30154361075976,-0.655726678798253,6.19024642121522,-0.940246421215222,0.3815,0.220419655999453,0.0815721198130928,-0.953015643059554
"7",9,4.39,5.22509086017293,4.81137932191993,-0.83509086017293,-0.421379321919933,-0.555395107970823,-0.532175036872696,-0.490189231715209,-0.640265509214374,5.22282590914564,-0.832825909145636,0.312,0.220419655999453,0.0815721198130928,-0.953015643059554
"7",12.05,3.53,4.02472407759671,3.60070406507602,-0.494724077596705,-0.0707040650760251,-0.124524665113762,-0.198362337916864,-0.244298041744808,-0.388021666217977,4.03971746131172,-0.509717461311725,0.4035,0.220419655999453,0.0815721198130928,-0.953015643059554
"7",24.22,1.15,1.42041573963431,1.09138511783764,-0.270415739634306,0.0586148821623558,0.340587179691258,-0.223001458790931,-0.339809491013167,-0.339809491013167,1.51123547892291,-0.361235478922913,0.367,0.220419655999453,0.0815721198130928,-0.953015643059554
"8",0.25,3.05,3.02608181030987,2.7065665612186,0.0239181896901264,0.343433438781402,0.804678307955397,0.0257344648523432,0.980174478741705,0.0451346284814213,3.32013673237543,-0.270136732375429,0.8365,0.108933684644465,0.0986069271700775,-0.0156124648340576
"8",0.52,3.05,5.16503437363095,4.63099604931626,-2.11503437363095,-1.58099604931626,-2.16498455136279,-0.920587145723163,-2.36561812686429,-0.940424226940959,5.26167126287618,-2.21167126287618,0.009,0.108933684644465,0.0986069271700775,-0.0156124648340576
"8",0.98,7.31,7.14265191535421,6.42517160319143,0.167348084645792,0.884828396808569,0.873318677128794,0.0900031741322814,0.310737745487592,0.192947607634794,6.88402955754802,0.425970442451976,0.622,0.108933684644465,0.0986069271700775,-0.0156124648340576
"8",2.02,7.56,8.1989559053784,7.40515820239552,-0.638955905378402,0.154841797604476,0.132602676742859,-0.38300766138801,0.153505060378057,-0.0777838416469152,7.73318440180046,-0.17318440180046,0.561,0.108933684644465,0.0986069271700775,-0.0156124648340576
"8",3.53,6.59,7.58609243515106,6.85900650338008,-0.996092435151061,-0.269006503380083,-0.248713862624581,-0.722976384125662,-0.288453003564521,-0.518656932080391,7.37881526346051,-0.788815263460514,0.3865,0.108933684644465,0.0986069271700775,-0.0156124648340576
"8",5.05,5.88,6.69988876407563,6.05255841871523,-0.819888764075633,-0.172558418715226,-0.18079881928019,-0.640669981283969,-0.175101346834981,-0.442676144203821,6.56119875897788,-0.681198758977883,0.4305,0.108933684644465,0.0986069271700775,-0.0156124648340576
"8",7.15,4.73,5.60183255280835,5.05162548592311,-0.871832552808351,-0.321625485923112,-0.403754836079891,-0.749061940533345,-0.462113401776377,-0.621911595580624,5.54258684459942,-0.812586844599424,0.322,0.108933684644465,0.0986069271700775,-0.0156124648340576
"8",9.07,4.57,4.75319118699614,4.27906067945815,-0.183191186996139,0.290939320541852,0.431173839069276,-0.149200490317339,0.33848198588974,-0.0765267914162924,4.71442102600558,-0.144421026005578,0.6325,0.108933684644465,0.0986069271700775,-0.0156124648340576
"8",12.1,3,3.66750549448855,3.29279896756708,-0.667505494488551,-0.292798967567082,-0.563900853132829,-0.655916505255142,-0.683960672350682,-0.569524867039805,3.69204868553722,-0.692048685537221,0.247,0.108933684644465,0.0986069271700775,-0.0156124648340576
"8",24.12,1.25,1.31106784129404,1.16461472468447,-0.0610678412940364,0.0853852753155337,0.464942379413422,-0.0812540513776668,-0.0426255851769444,-0.0426255851769444,1.37726422918959,-0.127264229189588,0.483,0.108933684644465,0.0986069271700775,-0.0156124648340576
"9",0.3,7.37,2.39345809082018,6.39844774002713,4.97654190917982,0.971552259972872,0.962919466859818,2.55924792264006,-1.78046434169203,2.51214432793046,2.62796261965103,4.74203738034897,0.0375,-0.19864216209335,-0.154833107815164,1.38192517900249
"9",0.63,9.03,3.96448043777751,7.31572365125936,5.06551956222249,1.71427634874064,1.48601081128896,2.45442278796333,2.96773792534179,2.87816173909548,3.9626487319609,5.0673512680391,0.9985,-0.19864216209335,-0.154833107815164,1.38192517900249
"9",1.05,7.14,5.01062577209938,7.22724849600706,2.12937422790062,-0.0872484960070645,-0.0765567325482751,0.740207365895521,1.40171623705705,1.50237611995585,4.8287315435727,2.3112684564273,0.9195,-0.19864216209335,-0.154833107815164,1.38192517900249
"9",2.02,6.33,5.61076452685939,6.68848566084241,0.71923547314061,-0.358485660842411,-0.33989315306173,0.4614038231528,0.60376483779863,0.857805268668243,5.30090346855586,1.02909653144414,0.727,-0.19864216209335,-0.154833107815164,1.38192517900249
"9",3.53,5.66,5.19136568409896,5.91036326105929,0.46863431590104,-0.250363261059292,-0.268630210918337,0.543141295530548,0.194224627598883,0.691900208021989,4.99324598273512,0.666754017264876,0.577,-0.19864216209335,-0.154833107815164,1.38192517900249
"9",5.02,5.67,4.59654711080764,5.23129567977167,1.07345288919236,0.438704320228333,0.53181559825708,1.17552570055532,0.879740322840219,1.24535850227512,4.53314448958647,1.13685551041353,0.8105,-0.19864216209335,-0.154833107815164,1.38192517900249
"9",7.17,4.24,3.82693198339619,4.38657619119618,0.413068016603813,-0.14657619119618,-0.211902549879068,0.574890600964876,-0.175101346834981,0.585814765687599,3.77460431851616,0.465395681483839,0.4305,-0.19864216209335,-0.154833107815164,1.38192517900249
"9",8.8,4.11,3.32876640647721,3.8383134986581,0.781233593522791,0.271686501341903,0.448875648264552,0.978628342509679,0.887146559018876,0.99857627061566,3.31782774562964,0.792172254370356,0.8125,-0.19864216209335,-0.154833107815164,1.38192517900249
"9",11.6,3.16,2.61949563135008,3.05164427210249,0.540504368649917,0.108355727897514,0.225173041785554,0.739838240811173,0.777269136616444,0.733915893269371,2.61971778440974,0.540282215590262,0.7815,-0.19864216209335,-0.154833107815164,1.38192517900249
"9",24.43,1.12,0.873709244659659,1.06689708147555,0.246290755340342,0.0531029185244485,0.315641639759393,0.499750253772386,0.493017814484465,0.493017814484465,0.925127013966123,0.194872986033877,0.689,-0.19864216209335,-0.154833107815164,1.38192517900249
"10",0.37,2.89,4.97270377173457,2.86715073759249,-2.08270377173457,0.0228492624075125,0.0505382368743034,-0.936513280490254,0.785773831524484,-0.883437383594245,5.21120925975538,-2.32120925975538,0.784,-0.169300210619153,-0.00755414632244654,-0.690898603350575
"10",0.77,5.22,7.81532229663094,5.10043742683513,-2.59532229663094,0.119562573164868,0.148657305510086,-0.880152916434832,-0.497268105627901,-0.822135118817414,7.62493829270247,-2.40493829270247,0.3095,-0.169300210619153,-0.00755414632244654,-0.690898603350575
"10",1.02,6.41,8.80015317103911,6.14453513387781,-2.39015317103911,0.26546486612219,0.273978476696473,-0.814883914731314,-0.60376483779863,-0.676064018891723,8.36110075463086,-1.95110075463086,0.273,-0.169300210619153,-0.00755414632244654,-0.690898603350575
"10",2.05,7.83,9.95389565103643,8.56020027541883,-2.12389565103643,-0.730200275418825,-0.540949214302847,-1.01756075618331,-0.986271298702238,-0.683960672350682,9.34710580322959,-1.51710580322959,0.162,-0.169300210619153,-0.00755414632244654,-0.690898603350575
"10",3.55,10.21,9.19644802246061,9.28462471522791,1.01355197753939,0.925375284772095,0.632050776659032,0.134759425001046,0.329205984302651,0.735557557385111,8.92306278364836,1.28693721635164,0.629,-0.169300210619153,-0.00755414632244654,-0.690898603350575
"10",5.05,9.18,8.13452278199028,8.84230763083058,1.04547721800972,0.337692369169424,0.242188799374661,0.396596782368729,0.182742585445444,0.775574942818884,7.95997579608987,1.22002420391013,0.5725,-0.169300210619153,-0.00755414632244654,-0.690898603350575
"10",7.08,8.02,6.84218088669969,7.81528631118312,1.17781911330031,0.20471368881688,0.166111774899285,0.697432765097563,0.0916199503884748,0.832724719277444,6.77472432977038,1.24527567022962,0.5365,-0.169300210619153,-0.00755414632244654,-0.690898603350575
"10",9.38,7.14,5.61989796649066,6.65231680321448,1.52010203350934,0.487683196785519,0.46490401433776,1.03737303627361,0.696684917063051,1.05156319787049,5.60577370022149,1.53422629977851,0.757,-0.169300210619153,-0.00755414632244654,-0.690898603350575
"10",12.1,5.68,4.45282124054901,5.46490205716574,1.22717875945099,0.215097942834261,0.249604437220137,0.92421057957896,0.857805268668243,0.978150286262471,4.45160480427961,1.22839519572039,0.8045,-0.169300210619153,-0.00755414632244654,-0.690898603350575
"10",23.7,2.42,1.65005998440417,2.34933890614139,0.769940015595826,0.0706610938586065,0.190736194210064,0.820060140935479,0.811636919657297,0.811636919657297,1.77055855754922,0.649441442450781,0.7915,-0.169300210619153,-0.00755414632244654,-0.690898603350575
"11",0.25,4.86,3.28660540987297,4.69061088851278,1.57339459012703,0.169389111487216,0.229010033420283,0.67514737553671,-0.881587346996175,0.729002717805219,3.63167618425438,1.22832381574562,0.189,0.33003734093862,0.157082432417132,0.683330279844744
"11",0.5,7.24,5.47126567342227,6.79576354842821,1.76873432657773,0.444236451571792,0.414547556269441,0.555575627639114,1.00271166502655,0.706302562840088,5.57314772744541,1.66685227255459,0.842,0.33003734093862,0.157082432417132,0.683330279844744
"11",0.98,8,7.75758221270258,7.97316491040218,0.242417787297418,0.0268350895978218,0.0213437502478007,-0.292837337854647,0.566579361742592,0.228831349263525,7.4552606913899,0.544739308610096,0.7145,0.33003734093862,0.157082432417132,0.683330279844744
"11",1.98,6.81,8.90403516533447,7.62947216765381,-2.09403516533447,-0.819472167653808,-0.681142756197821,-1.57919437795281,-0.401570695630149,-0.794335744958528,8.40193226626025,-1.59193226626025,0.344,0.33003734093862,0.157082432417132,0.683330279844744
"11",3.6,5.87,8.19514134340279,6.49141832494264,-2.32514134340279,-0.621418324942643,-0.607075751753439,-1.68639684079082,-0.585814765687599,-1.32853932885681,7.92747841345781,-2.05747841345781,0.279,0.33003734093862,0.157082432417132,0.683330279844744
"11",5.02,5.22,7.29516509199148,5.61837712319761,-2.07516509199148,-0.398377123197606,-0.44965759319061,-1.58869390651937,-0.560703031875083,-1.39174377939633,7.23253658638543,-2.01253658638544,0.2875,0.33003734093862,0.157082432417132,0.683330279844744
"11",7.03,4.45,6.14686896220423,4.57931392017524,-1.69686896220423,-0.12931392017524,-0.179078434416296,-1.36773250727148,-0.431644239383956,-1.26185768696257,6.14279723291256,-1.69279723291256,0.333,0.33003734093862,0.157082432417132,0.683330279844744
"11",9.03,3.62,5.18010776724047,3.73621249303062,-1.56010776724047,-0.116212493030624,-0.197251210530161,-1.3187287950778,-0.703089460330929,-1.19778687013904,5.20437697770196,-1.58437697770196,0.241,0.33003734093862,0.157082432417132,0.683330279844744
"11",12.12,2.69,3.97643911507554,2.72836014709524,-1.28643911507554,-0.0383601470952377,-0.0891614236221455,-1.16273405806155,-1.05156319787049,-1.13351034349384,4.04492046425617,-1.35492046425617,0.1465,0.33003734093862,0.157082432417132,0.683330279844744
"11",24.08,0.86,1.42882401133605,0.808083022651234,-0.56882401133605,0.051916977348766,0.407428912247598,-0.809505230006799,-0.797776846125238,-0.797776846125238,1.53863107717584,-0.678631077175838,0.2125,0.33003734093862,0.157082432417132,0.683330279844744
"12",0.25,1.25,3.54044891713959,2.1715397199639,-2.29044891713959,-0.9215397199639,-2.69119215924323,-1.45336793464272,0.223688107921854,-1.58926755705139,3.83128384748956,-2.58128384748956,0.5885,0.0853790190449379,-0.0942754214586681,-0.668833688021279
"12",0.5,3.96,5.89384310348334,3.90674524914531,-1.93384310348334,0.0532547508546859,0.0864453609573796,-0.753995906214344,-1.34693862611028,-0.676064018891723,5.93242172721976,-1.97242172721976,0.089,0.0853790190449379,-0.0942754214586681,-0.668833688021279
"12",1,7.82,8.41964695095488,6.36653653910937,-0.599646950954881,1.45346346089063,1.44776912259972,-0.260615194795031,-0.124398198069055,-0.00626661170175047,7.97245819030655,-0.152458190306547,0.4505,0.0853790190449379,-0.0942754214586681,-0.668833688021279
"12",2,9.72,9.59242569589492,8.6867235448451,0.127574304105085,1.0332764551549,0.754325797575274,-0.222215673957785,0.198057597362455,0.396142373892698,8.98887384112319,0.73112615887681,0.5785,0.0853790190449379,-0.0942754214586681,-0.668833688021279
"12",3.52,9.75,8.88231497870031,9.11836647378756,0.867685021299694,0.631633526212442,0.439285186567967,0.149944942565969,0.528719569060194,0.680796918764575,8.62378096778484,1.12621903221516,0.7015,0.0853790190449379,-0.0942754214586681,-0.668833688021279
"12",5.07,8.57,7.82548332057171,8.30442651432233,0.744516679428291,0.265573485677674,0.202802588979963,0.342653801966136,0.504371986238381,0.57247532185051,7.71976716683841,0.850232833161586,0.693,0.0853790190449379,-0.0942754214586681,-0.668833688021279
"12",7.07,6.59,6.5990153298156,6.93904190270644,-0.00901532981560038,-0.349041902706436,-0.31898957125607,0.0434941587911478,-0.135773931302112,0.0765267914162922,6.58964778465738,0.000352215342618756,0.446,0.0853790190449379,-0.0942754214586681,-0.668833688021279
"12",9.03,6.11,5.58019739153952,5.71360721822392,0.529802608460479,0.396392781776082,0.439960597812839,0.427437390901366,0.60376483779863,0.460719308890325,5.56491446831392,0.545085531686083,0.727,0.0853790190449379,-0.0942754214586681,-0.668833688021279
"12",12.05,4.57,4.30930052752778,4.20208102058655,0.260699472472216,0.367918979413447,0.555246970384338,0.262504020003558,0.632592172467837,0.240426031142308,4.33703663944476,0.232963360555237,0.7365,0.0853790190449379,-0.0942754214586681,-0.668833688021279
"12",24.15,1.17,1.52998730305806,1.21723393704483,-0.359987303058056,-0.0472339370448307,-0.246081248622731,-0.403221509963399,-0.452373408825423,-0.452373408825423,1.66171424539709,-0.491714245397086,0.3255,0.0853790190449379,-0.0942754214586681,-0.668833688021279
