ID,TIME,NPDE,PD
1,0.25,0.057684425107984175,0.057684425107984175
1,0.57,1.5804668183993615,0.8064212470182404
1,1.12,2.257129244486225,2.014090812018139
1,2.02,0.93458929107348,1.7279343223884185
1,3.82,0.7030894603309285,1.5220362417358566
1,5.1,1.1901180418964232,1.895697923991838
1,7.03,1.3225051367384357,2.0537489106318225
1,9.05,1.4832801273356213,2.5121443279304616
1,12.12,1.3469386261102798,2.3656181268642924
1,24.37,1.895697923991838,2.7477813854449926
2,0.27,-0.892733324320856,-0.892733324320856
2,0.52,3.090232306167813,1.1650469223056024
2,1.0,0.6219115955806241,0.7621005409950667
2,1.92,-0.1281882480984855,0.4901892317152093
2,3.5,-0.8416212335729142,-0.15857972975384352
2,5.02,-0.5563084669589183,-0.21726735034186337
2,7.03,0.30285548089134906,0.015040336678635672
2,9.0,0.27150845201783863,-0.02506890825871106
2,12.0,-0.6557266787982536,-0.5388360302784503
2,24.3,-0.2249733583138115,-0.5651084520065838
3,0.27,0.640265509214374,0.640265509214374
3,0.58,0.47049696790494155,0.6588376927361878
3,1.02,0.25075957188291603,0.5769103773332716
3,2.02,-0.37454349919944274,0.08029831289205504
3,3.62,0.05015358346473367,0.1509692154967774
3,5.08,-0.3054807880993974,-0.34512553147047237
3,7.07,-0.11051620356204167,-0.26371439822153003
3,9.0,0.37992646704130745,0.10295334425500396
3,12.15,0.2533471031357997,0.05015358346473367
3,24.17,-0.8029562883093937,-0.3934325941109665
4,0.35,-1.1030625561995975,-1.1030625561995975
4,0.6,0.9781502862624715,-0.30285548089134906
4,1.07,2.096927429164342,0.8238936303385574
4,2.13,0.41246312944140495,0.5739524185685732
4,3.5,-0.1206099341193072,0.25075957188291603
4,5.02,0.08532879488562917,0.3477872042786274
4,7.02,-0.0401168101849681,0.313369438883806
4,9.02,0.4958503473474532,0.643345405392917
4,11.98,0.28453554267162146,0.5301614450555192
4,24.65,-0.848786685915967,-0.10043372051146975
5,0.3,-1.3285393288568095,-1.3285393288568095
5,0.52,1.1650469223056024,-0.29499198822262623
5,1.0,2.1200716897421508,0.9191827351468196
5,2.02,-0.6310619790594988,-0.2871466943147454
5,3.5,-0.7322762047230995,-0.3398094910131668
5,5.02,-0.6776399648779957,-0.5651084520065838
5,7.02,0.16874146762053788,-0.06270677794321385
5,9.1,0.16365848623314114,-0.17637416478086135
5,12.0,-0.15604189276104993,-0.3371550769952773
5,24.35,0.060195411728956635,-0.14083537039712724
6,0.27,-1.2318637087349833,-1.2318637087349833
6,0.58,0.08281329193188133,-0.7789655643475452
6,1.15,1.195222781437427,0.1079945694091542
6,2.03,-0.15857972975384352,-0.2741101160351471
6,3.57,-0.8344987348257402,-0.6998836001973415
6,5.0,-0.7789655643475452,-0.7891916526582226
6,7.0,-0.7926187177017121,-0.9581244654219025
6,9.22,-0.13324452361112385,-0.7127507602200429
6,12.1,0.10043372051146988,-0.5621702922579265
6,23.85,0.1865671818365193,-0.5359400266474904
7,0.25,-2.0969274291643423,-2.0969274291643423
7,0.5,-0.13324452361112385,-1.4466320671589785
7,1.02,0.1611185885107453,-0.9985762706156592
7,2.02,-0.35045134327346134,-0.9620987539131419
7,3.48,-0.21470156800174456,-0.5215265718289321
7,5.0,-0.15604189276104993,-0.3054807880993974
7,6.98,-0.643345405392917,-0.6464314163244075
7,9.0,-0.32920598430265113,-0.6007597742493187
7,12.05,-0.02256156839022472,-0.39072570019687003
7,24.22,-0.03008407662018911,-0.3584587932511938
8,0.25,0.08029831289205504,0.08029831289205504
8,0.52,-1.7991181068379674,-1.0152220332170279
8,0.98,1.1601198829975203,0.19933589806120677
8,2.02,0.10295334425500396,-0.0828132919318812
8,3.53,-0.47891373411225585,-0.5272787914395085
8,5.05,-0.4288945040742016,-0.4845437824410791
8,7.15,-0.5475513533264015,-0.6682092997257233
8,9.07,0.3398094910131668,-0.0953963690568919
8,12.1,-0.46211340177637733,-0.5887932119109196
8,24.12,0.5887932119109196,-0.057684425107984175
9,0.3,2.5121443279304616,2.5121443279304616
9,0.63,0.5244005127080407,2.878161739095483
9,1.05,-1.616436371115022,1.5717868165098594
9,2.02,-0.6464314163244075,0.8238936303385574
9,3.53,0.4649042875095946,0.6310619790594988
9,5.02,1.3917437793963254,1.2480848111275475
9,7.17,0.4206646196376157,0.4901892317152093
9,8.8,0.9620987539131419,0.9741138770593092
9,11.6,0.1712845859315065,0.8238936303385574
9,24.43,-0.4097354803212811,0.5301614450555192
10,0.37,-0.8203791459684608,-0.8203791459684608
10,0.77,-0.16874146762053802,-0.7688202934580621
10,1.02,0.0752698620998299,-0.6280060144375695
10,2.05,-0.21470156800174456,-0.7454495481807891
10,3.55,1.0625193022708668,0.6871312867954694
10,5.05,0.5709994731129873,0.7290027178052185
10,7.08,0.4649042875095946,0.8742171648664837
10,9.38,0.5680514983389827,1.1030625561995975
10,12.1,0.0752698620998299,0.8596173642419117
10,23.7,-0.05266352689406844,0.8098959147358981
11,0.25,0.6871312867954694,0.6871312867954694
11,0.5,0.37185608938507475,0.6371916745044746
11,0.98,-0.4958503473474533,0.20957422288964916
11,1.98,-1.2646411356610803,-0.7322762047230995
11,3.6,-1.0450496996583891,-1.287270563107941
11,5.02,-0.9822026953334699,-1.46838379824566
11,7.03,-0.313369438883806,-1.2988366326425054
11,9.03,-0.11556159710538316,-1.1263911290388007
11,12.12,0.045134628481421316,-1.0581216176847767
11,24.08,0.3054807880993974,-0.7621005409950667
12,0.25,-1.706043396888962,-1.706043396888962
12,0.5,0.5417365601128167,-0.8133803882134043
12,1.0,1.0068642787985225,-0.12566134685507402
12,2.0,0.6249559034946874,0.27150845201783863
12,3.52,0.40701087626446575,0.5680514983389827
12,5.07,0.26111995954851813,0.5533847195556727
12,7.07,-0.5417365601128168,0.0025066308995717666
12,9.03,0.20189347914185074,0.36648929388943374
12,12.05,0.08784483789587182,0.26371439822153003
12,24.15,-1.1311309008386337,-0.42066461963761553
