"ID","TIME","npde","pd"
1,0.25,0.0576844251079842,0.523
1,0.57,1.58046681839936,0.79
1,1.12,2.25712924448622,0.978
1,2.02,0.93458929107348,0.958
1,3.82,0.703089460330929,0.936
1,5.1,1.19011804189642,0.971
1,7.03,1.32250513673844,0.98
1,9.05,1.48328012733562,0.994
1,12.12,1.34693862611028,0.991
1,24.37,1.89569792399184,0.997
2,0.27,-0.892733324320856,0.186
2,0.52,3.09023230616781,0.878
2,1,0.621911595580624,0.777
2,1.92,-0.128188248098485,0.688
2,3.5,-0.841621233572914,0.437
2,5.02,-0.556308466958918,0.414
2,7.03,0.302855480891349,0.506
2,9,0.271508452017839,0.49
2,12,-0.655726678798253,0.295
2,24.3,-0.224973358313812,0.286
3,0.27,0.640265509214374,0.739
3,0.58,0.470496967904941,0.745
3,1.02,0.250759571882916,0.718
3,2.02,-0.374543499199443,0.532
3,3.62,0.0501535834647337,0.56
3,5.08,-0.305480788099397,0.365
3,7.07,-0.110516203562042,0.396
3,9,0.379926467041307,0.541
3,12.15,0.2533471031358,0.52
3,24.17,-0.802956288309394,0.347
4,0.35,-1.1030625561996,0.135
4,0.6,0.978150286262471,0.381
4,1.07,2.09692742916434,0.795
4,2.13,0.412463129441405,0.717
4,3.5,-0.120609934119307,0.599
4,5.02,0.0853287948856292,0.636
4,7.02,-0.0401168101849681,0.623
4,9.02,0.495850347347453,0.74
4,11.98,0.284535542671622,0.702
4,24.65,-0.848786685915967,0.46
5,0.3,-1.32853932885681,0.092
5,0.52,1.1650469223056,0.384
5,1,2.12007168974215,0.821
5,2.02,-0.631061979059499,0.387
5,3.5,-0.7322762047231,0.367
5,5.02,-0.677639964877996,0.286
5,7.02,0.168741467620538,0.475
5,9.1,0.163658486233141,0.43
5,12,-0.15604189276105,0.368
5,24.35,0.0601954117289566,0.444
6,0.27,-1.23186370873498,0.109
6,0.58,0.0828132919318813,0.218
6,1.15,1.19522278143743,0.543
6,2.03,-0.158579729753843,0.392
6,3.57,-0.83449873482574,0.242
6,5,-0.778965564347545,0.215
6,7,-0.792618717701712,0.169
6,9.22,-0.133244523611124,0.238
6,12.1,0.10043372051147,0.287
6,23.85,0.186567181836519,0.296
7,0.25,-2.09692742916434,0.018
7,0.5,-0.133244523611124,0.074
7,1.02,0.161118588510745,0.159
7,2.02,-0.350451343273461,0.168
7,3.48,-0.214701568001745,0.301
7,5,-0.15604189276105,0.38
7,6.98,-0.643345405392917,0.259
7,9,-0.329205984302651,0.274
7,12.05,-0.0225615683902247,0.348
7,24.22,-0.0300840766201891,0.36
8,0.25,0.080298312892055,0.532
8,0.52,-1.79911810683797,0.155
8,0.98,1.16011988299752,0.579
8,2.02,0.102953344255004,0.467
8,3.53,-0.478913734112256,0.299
8,5.05,-0.428894504074201,0.314
8,7.15,-0.547551353326401,0.252
8,9.07,0.339809491013167,0.462
8,12.1,-0.462113401776377,0.278
8,24.12,0.58879321191092,0.477
9,0.3,2.51214432793046,0.994
9,0.63,0.524400512708041,0.998
9,1.05,-1.61643637111502,0.942
9,2.02,-0.646431416324407,0.795
9,3.53,0.464904287509595,0.736
9,5.02,1.39174377939633,0.894
9,7.17,0.420664619637616,0.688
9,8.8,0.962098753913142,0.835
9,11.6,0.171284585931506,0.795
9,24.43,-0.409735480321281,0.702
10,0.37,-0.820379145968461,0.206
10,0.77,-0.168741467620538,0.221
10,1.02,0.0752698620998299,0.265
10,2.05,-0.214701568001745,0.228
10,3.55,1.06251930227087,0.754
10,5.05,0.570999473112987,0.767
10,7.08,0.464904287509595,0.809
10,9.38,0.568051498338983,0.865
10,12.1,0.0752698620998299,0.805
10,23.7,-0.0526635268940685,0.791
11,0.25,0.687131286795469,0.754
11,0.5,0.371856089385075,0.738
11,0.98,-0.495850347347453,0.583
11,1.98,-1.26464113566108,0.232
11,3.6,-1.04504969965839,0.099
11,5.02,-0.98220269533347,0.071
11,7.03,-0.313369438883806,0.097
11,9.03,-0.115561597105383,0.13
11,12.12,0.0451346284814213,0.145
11,24.08,0.305480788099397,0.223
12,0.25,-1.70604339688896,0.044
12,0.5,0.541736560112817,0.208
12,1,1.00686427879852,0.45
12,2,0.624955903494687,0.607
12,3.52,0.407010876264466,0.715
12,5.07,0.261119959548518,0.71
12,7.07,-0.541736560112817,0.501
12,9.03,0.201893479141851,0.643
12,12.05,0.0878448378958718,0.604
12,24.15,-1.13113090083863,0.337
