quantity,pkpy2,nlmixr2
PRED,2.685397103188908,2.68539710318889
PRED,4.85003224377064,4.85003224377061
PRED,6.636100349690566,6.63610034969053
PRED,7.275894644508027,7.27589464450798
PRED,6.581741069520251,6.58174106952021
PRED,5.920518390380538,5.9205183903805
PRED,5.022441713020553,5.02244171302052
PRED,4.225289206019244,4.22528920601922
PRED,3.2490417159763747,3.24904171597636
PRED,1.1388362999445079,1.1388362999445
PRED,3.1269235037982943,3.12692350379828
PRED,5.01681042913384,5.01681042913381
PRED,6.989895581924847,6.98989558192481
PRED,7.9585905545635605,7.95859055456352
PRED,7.385194283901456,7.38519428390142
PRED,6.524131383081848,6.52413138308181
PRED,5.497199884898117,5.49719988489809
PRED,4.644525209042631,4.6445252090426
PRED,3.5928735375946315,3.59287353759461
PRED,1.2539770986456906,1.25397709864568
PRED,3.219309880046882,3.21930988004686
PRED,5.522371546195752,5.52237154619572
PRED,7.248126157237705,7.24812615723767
PRED,8.198955905378446,8.1989559053784
PRED,7.533891176756831,7.53389117675679
PRED,6.682921500723074,6.68292150072304
PRED,5.6402904611443105,5.64029046114428
PRED,4.781749817491618,4.78174981749159
PRED,3.6518458019136575,3.65184580191364
PRED,1.305469777334021,1.30546977733401
PRED,3.8189631835611983,3.81896318356118
PRED,5.4718730220631455,5.47187302206311
PRED,7.157357758101287,7.15735775810125
PRED,7.957472217529518,7.95747221752947
PRED,7.38519428390146,7.38519428390142
PRED,6.5241313830818495,6.52413138308181
PRED,5.50190281828678,5.50190281828675
PRED,4.636582810685184,4.63658281068516
PRED,3.599028351025995,3.59902835102597
PRED,1.2169737343506162,1.21697373435061
PRED,4.524407874905272,4.52440787490525
PRED,6.681479344255526,6.68147934425549
PRED,9.309270025018094,9.30927002501804
PRED,10.606154879805233,10.6061548798052
PRED,9.83573602355967,9.83573602355961
PRED,8.68895679655901,8.68895679655896
PRED,7.3275342079910315,7.32753420799098
PRED,6.132954415286579,6.13295441528654
PRED,4.785054302341942,4.78505430234191
PRED,1.6629385521125613,1.66293855211255
PRED,2.8426577307257244,2.84265773072571
PRED,4.876266265956516,4.87626626595649
PRED,6.656349774110551,6.65634977411051
PRED,7.239620747355032,7.23962074735499
PRED,6.678095774963585,6.67809577496355
PRED,5.94105291690089,5.94105291690085
PRED,5.010291458259787,5.01029145825976
PRED,4.143546832239931,4.14354683223991
PRED,3.238415447672028,3.23841544767201
PRED,1.1847371464465386,1.18473714644653
PRED,3.306645686762464,3.30664568676244
PRED,5.504627049479757,5.50462704947973
PRED,7.920137853935243,7.9201378539352
PRED,8.959124002565854,8.9591240025658
PRED,8.32091226555167,8.32091226555162
PRED,7.352052984664853,7.35205298466481
PRED,6.21084858640766,6.21084858640762
PRED,5.225090860172961,5.22509086017293
PRED,4.024724077596729,4.02472407759671
PRED,1.4204157396343142,1.42041573963431
PRED,3.026081810309889,3.02608181030987
PRED,5.165034373630977,5.16503437363095
PRED,7.142651915354246,7.14265191535421
PRED,8.198955905378446,8.1989559053784
PRED,7.586092435151103,7.58609243515106
PRED,6.69988876407567,6.69988876407563
PRED,5.601832552808382,5.60183255280835
PRED,4.753191186996165,4.75319118699614
PRED,3.6675054944885708,3.66750549448855
PRED,1.311067841294043,1.31106784129404
PRED,2.393458090820194,2.39345809082018
PRED,3.964480437777536,3.96448043777751
PRED,5.01062577209941,5.01062577209938
PRED,5.610764526859422,5.61076452685939
PRED,5.191365684098989,5.19136568409896
PRED,4.596547110807665,4.59654711080764
PRED,3.8269319833962094,3.82693198339619
PRED,3.3287664064772278,3.32876640647721
PRED,2.619495631350097,2.61949563135008
PRED,0.8737092446596633,0.873709244659659
PRED,4.972703771734593,4.97270377173457
PRED,7.815322296630978,7.81532229663094
PRED,8.800153171039154,8.80015317103911
PRED,9.953895651036486,9.95389565103643
PRED,9.196448022460663,9.19644802246061
PRED,8.134522781990325,8.13452278199028
PRED,6.842180886699722,6.84218088669969
PRED,5.61989796649069,5.61989796649066
PRED,4.452821240549037,4.45282124054901
PRED,1.6500599844041817,1.65005998440417
PRED,3.2866054098729918,3.28660540987297
PRED,5.471265673422301,5.47126567342227
PRED,7.7575822127026255,7.75758221270258
PRED,8.904035165334516,8.90403516533447
PRED,8.195141343402835,8.19514134340279
PRED,7.295165091991523,7.29516509199148
PRED,6.14686896220426,6.14686896220423
PRED,5.180107767240495,5.18010776724047
PRED,3.9764391150755634,3.97643911507554
PRED,1.4288240113360577,1.42882401133605
PRED,3.5404489171396056,3.54044891713959
PRED,5.893843103483374,5.89384310348334
PRED,8.41964695095493,8.41964695095488
PRED,9.592425695894972,9.59242569589492
PRED,8.882314978700355,8.88231497870031
PRED,7.825483320571752,7.82548332057171
PRED,6.599015329815638,6.5990153298156
PRED,5.5801973915395555,5.58019739153952
PRED,4.30930052752781,4.30930052752778
PRED,1.5299873030580655,1.52998730305806
IPRED,3.424141850700816,3.42417093901131
IPRED,6.1020081751971755,6.10195101171569
IPRED,8.243039771489574,8.24279175331174
IPRED,9.046100535287689,9.04570933493292
IPRED,8.536479832589889,8.53619254405196
IPRED,7.991887216500487,7.99173571867652
IPRED,7.2172677004336405,7.21730205516123
IPRED,6.485127689042929,6.48532098618249
IPRED,5.512006254707938,5.51238048339725
IPRED,2.8811346916469014,2.88176821617543
IPRED,3.977361143791885,3.97746394737506
IPRED,6.090836139721892,6.0909506714659
IPRED,7.907544960667451,7.90761505762955
IPRED,8.298245608506374,8.29824138672195
IPRED,7.269822532680113,7.26979517518592
IPRED,6.244465057786657,6.24444256602127
IPRED,5.0980643677274,5.09804936751572
IPRED,4.178612831666612,4.17860336677024
IPRED,3.0867255269709135,3.08672172380987
IPRED,0.8916779422606764,0.89168062021415
IPRED,4.1870530770400896,4.18705876565703
IPRED,6.6793432393146315,6.67933876617023
IPRED,8.10886819899082,8.10884725605373
IPRED,8.330434153583717,8.33040012264816
IPRED,7.306601198358024,7.30657623511305
IPRED,6.39059243885135,6.39057805692582
IPRED,5.3197396040178555,5.31973639904499
IPRED,4.452736853626055,4.45274130275758
IPRED,3.33060566514242,3.33061770009396
IPRED,1.0998337835347074,1.0998487293605
IPRED,3.0757166155332687,3.07585823288443
IPRED,4.613110478913358,4.6132882739892
IPRED,6.481055531023296,6.48122639862639
IPRED,7.98224149445296,7.98229888850041
IPRED,7.815370081295275,7.81533213268709
IPRED,6.996545413156364,6.99648366230914
IPRED,5.876081730754432,5.8760338261706
IPRED,4.906016545292725,4.90598923987299
IPRED,3.751289817144869,3.7512856781485
IPRED,1.1885236691413297,1.18854559310831
IPRED,3.773737194419165,3.77384510236731
IPRED,5.693347657563886,5.69348275503629
IPRED,8.242322130584874,8.24244404605346
IPRED,9.86713342638892,9.86715729317116
IPRED,9.376042271625137,9.37599617593275
IPRED,8.300831576500894,8.30077653377414
IPRED,6.963113897457707,6.96306922703351
IPRED,5.786672181489028,5.78663966753053
IPRED,4.469262265657085,4.46924260436545
IPRED,1.487336046922304,1.48733729293249
IPRED,1.7704783056299207,1.77050654665176
IPRED,3.2583199787221866,3.25836171392081
IPRED,4.9351638465778995,4.93520260888333
IPRED,5.962844003210322,5.96285671171899
IPRED,5.939347172924298,5.93932655929447
IPRED,5.350783422195386,5.35075391326261
IPRED,4.458096177775006,4.45806904390366
IPRED,3.602146247193686,3.60212585359153
IPRED,2.725164339190095,2.72515140442944
IPRED,0.8718591730279023,0.871858542728219
IPRED,1.3111129687430354,1.31118258579948
IPRED,2.412999858877567,2.41311523799376
IPRED,4.156777555443334,4.15693383208951
IPRED,6.034007638094335,6.03413301186589
IPRED,6.826728967663284,6.82674546627907
IPRED,6.5783785805765795,6.57831215627684
IPRED,5.741561845538228,5.74145314848307
IPRED,4.811486752427767,4.81137932191993
IPRED,3.600783181285174,3.60070406507602
IPRED,1.091392269332983,1.09138511783764
IPRED,2.706566028413853,2.7065665612186
IPRED,4.630989265955127,4.63099604931626
IPRED,6.425151298490271,6.42517160319143
IPRED,7.405119513889268,7.40515820239552
IPRED,6.85896737418013,6.85900650338008
IPRED,6.052527233438409,6.05255841871523
IPRED,5.0516049396179215,5.05162548592311
IPRED,4.279047704281497,4.27906067945815
IPRED,3.292794379901997,3.29279896756708
IPRED,1.16462067599115,1.16461472468447
IPRED,6.397001699768049,6.39844774002713
IPRED,7.315597980180005,7.31572365125936
IPRED,7.227557717666285,7.22724849600706
IPRED,6.6888107900728935,6.68848566084241
IPRED,5.910616222158332,5.91036326105929
IPRED,5.231489276258618,5.23129567977167
IPRED,4.386701864457929,4.38657619119618
IPRED,3.8383991434650393,3.8383134986581
IPRED,3.051679148297079,3.05164427210249
IPRED,1.0668560656173496,1.06689708147555
IPRED,2.8671499076166063,2.86715073759249
IPRED,5.100436077927148,5.10043742683513
IPRED,6.144533604429983,6.14453513387781
IPRED,8.560198688541961,8.56020027541883
IPRED,9.284623840171554,9.28462471522791
IPRED,8.842307592720278,8.84230763083058
IPRED,7.815287220305519,7.81528631118312
IPRED,6.65231848185887,6.65231680321448
IPRED,5.46490431360491,5.46490205716574
IPRED,2.349341483885097,2.34933890614139
IPRED,4.690614464502269,4.69061088851278
IPRED,6.795748243439758,6.79576354842821
IPRED,7.973120146909669,7.97316491040218
IPRED,7.6294161082833085,7.62947216765381
IPRED,6.491372783470637,6.49141832494264
IPRED,5.618340524962501,5.61837712319761
IPRED,4.5792873681537305,4.57931392017524
IPRED,3.7361934908481027,3.73621249303062
IPRED,2.7283492733934747,2.72836014709524
IPRED,0.8080832442015167,0.808083022651234
IPRED,2.1714257933331607,2.1715397199639
IPRED,3.906563925704956,3.90674524914531
IPRED,6.366310527645855,6.36653653910937
IPRED,8.686565415089754,8.6867235448451
IPRED,9.118349371219868,9.11836647378756
IPRED,8.304474260307748,8.30442651432233
IPRED,6.939096166814849,6.93904190270644
IPRED,5.71364055945208,5.71360721822392
IPRED,4.202081586021154,4.20208102058655
IPRED,1.2172016241464365,1.21723393704483
IWRES,-1.081844899939409,-1.08188958147394
IWRES,0.48636678561857155,0.486430750406813
IWRES,1.7363406725167474,1.73658373029057
IWRES,0.43036235184357435,0.430655219057254
IWRES,0.03233033213225127,0.0325448487758721
IWRES,0.29209893978241563,0.292224693444155
IWRES,0.22206819479263784,0.22203695142475
IWRES,0.39591136844921737,0.395710554873576
IWRES,0.4924091881399502,0.49194523612746
IWRES,0.8779325083941435,0.876345376216342
IWRES,-3.5991872864395225,-3.59925816809434
IWRES,1.894058250298019,1.89390339046499
IWRES,0.3227558535095351,0.322696777458314
IWRES,0.02426699147424673,0.0242702301474882
IWRES,-0.36621857010532455,-0.366196083736454
IWRES,-0.16702321139944154,-0.167000971304531
IWRES,0.3755843445800792,0.375604108824854
IWRES,0.5636288157268263,0.563644456650766
IWRES,-0.15763051481414514,-0.157622895530413
IWRES,0.05918629148935455,0.0591670682482512
IWRES,0.32252347488274163,0.322514420887297
IWRES,0.20949897582567795,0.209503363083972
IWRES,0.07127022653526889,0.0712867892112895
IWRES,-0.40379624054965757,-0.403771983754482
IWRES,0.1678559740294846,0.16787821385655
IWRES,-0.18913111098898244,-0.189117264939239
IWRES,-0.023531330811290455,-0.0235275243784984
IWRES,0.6369927832079859,0.636985810278747
IWRES,0.7033402019319155,0.703314745560702
IWRES,-0.287339434803135,-0.287421705964735
IWRES,-2.444741891909782,-2.44492130910578
IWRES,-0.01802283589327057,-0.0182665448770479
IWRES,2.0733482774769563,2.07312643042027
IWRES,0.31600433470812656,0.31595646547717
IWRES,-0.22344242306568549,-0.223412715392442
IWRES,-0.10563551547845373,-0.105580477014543
IWRES,-0.10369347223024869,-0.103642617515503
IWRES,0.5480476606154702,0.548086006511783
IWRES,0.7416440626049208,0.741651877924442
IWRES,-0.20555035765980925,-0.205663543402779
IWRES,-2.947075676841702,-2.94717273845568
IWRES,-0.0705604405397232,-0.0707092423902519
IWRES,2.429498677852469,2.4293689430486
IWRES,-0.3452149589685069,-0.345229463071986
IWRES,-0.43019449718787306,-0.430165434670848
IWRES,-0.5659737779365077,-0.565935479606349
IWRES,0.11556038661455131,0.115601811424749
IWRES,0.12419556183022862,0.12423189179413
IWRES,-0.14084673064479042,-0.140819452040952
IWRES,0.35245647530209423,0.352450867391252
IWRES,-1.7210028967655562,-1.72107659895645
IWRES,-0.34706010978492,-0.347136891640467
IWRES,1.9336865136685082,1.93362151756351
IWRES,0.37984194954706174,0.379827624294944
IWRES,-0.4370705162902479,-0.437050023451851
IWRES,-0.4868486424080283,-0.48681635400773
IWRES,-0.6231871046153472,-0.623152299745166
IWRES,-0.25024907719574285,-0.250214590765226
IWRES,0.12760532902930585,0.127636034678742
IWRES,0.3501592736193145,0.350164111342065
IWRES,-2.230312154685047,-2.23053044261573
IWRES,-0.16556964119398476,-0.165864937584921
IWRES,1.3169350817499137,1.31664716539801
IWRES,0.5738245690165251,0.573680884398736
IWRES,0.2445619243039951,0.244546007136
IWRES,0.07868350677665802,0.0787483353255087
IWRES,-0.5429333839116486,-0.542823603807935
IWRES,-0.555524301774478,-0.555395107970823
IWRES,-0.1246612662155816,-0.124524665113762
IWRES,0.3405433937966754,0.340587179691258
IWRES,0.8046797147445535,0.804678307955397
IWRES,-2.164978433566368,-2.16498455136279
IWRES,0.8733414776259311,0.873318677128794
IWRES,0.13263650158448875,0.132602676742859
IWRES,-0.24867910381785213,-0.248713862624581
IWRES,-0.18076707615989723,-0.18079881928019
IWRES,-0.4037306852100056,-0.403754836079891
IWRES,0.43119437584846637,0.431173839069276
IWRES,-0.5638928033982831,-0.563900853132829
IWRES,0.4649075974576358,0.464942379413422
IWRES,0.9645706498513119,0.962919466859818
IWRES,1.4861452778815298,1.48601081128896
IWRES,-0.07682477401733691,-0.0765567325482751
IWRES,-0.34018488329705476,-0.33989315306173
IWRES,-0.26889012012437963,-0.268630210918337
IWRES,0.531561240871982,0.53181559825708
IWRES,-0.21207815750626327,-0.211902549879068
IWRES,0.4487241349820932,0.448875648264552
IWRES,0.22509799331858765,0.225173041785554
IWRES,0.31589758077877267,0.315641639759393
IWRES,0.050540087253835624,0.0505382368743034
IWRES,0.1486590219812937,0.148657305510086
IWRES,0.27398012339147865,0.273978476696473
IWRES,-0.5409481389879863,-0.540949214302847
IWRES,0.6320514339104379,0.632050776659032
IWRES,0.24218882775072834,0.242188799374661
IWRES,0.16611101788283303,0.166111774899285
IWRES,0.46490229678776945,0.46490401433776
IWRES,0.24960171573824746,0.249604437220137
IWRES,0.1907290268089487,0.190736194210064
IWRES,0.22900502418092739,0.229010033420283
IWRES,0.41456277205779335,0.414547556269441
IWRES,0.021379473691904,0.0213437502478007
IWRES,-0.6811011643743526,-0.681142756197821
IWRES,-0.6070355201404214,-0.607075751753439
IWRES,-0.44961921273480304,-0.44965759319061
IWRES,-0.17904270238419723,-0.179078434416296
IWRES,-0.1972199605636993,-0.197251210530161
IWRES,-0.08913650486019736,-0.0891614236221455
IWRES,0.4074270618838848,0.407428912247598
IWRES,-2.6910006362482455,-2.69119215924323
IWRES,0.08674371885345912,0.0864453609573796
IWRES,1.4480456540898523,1.44776912259972
IWRES,0.7544549713041648,0.754325797575274
IWRES,0.4392979049272746,0.439285186567967
IWRES,0.20276496243677408,0.202802588979963
IWRES,-0.3190366683486067,-0.31898957125607
IWRES,0.4399210249077026,0.439960597812839
IWRES,0.5552460423413228,0.555246970384338
IWRES,-0.24591943181514883,-0.246081248622731
CWRES,0.12148228292323468,0.121482833548452
CWRES,0.6707879274903596,0.670807089303816
CWRES,1.6118954145362934,1.6120023758532
CWRES,1.3301486913706357,1.33014543330895
CWRES,1.266307672166263,1.26621895855408
CWRES,1.6310191110475456,1.63091468219956
CWRES,1.7845026276929723,1.78437373846254
CWRES,2.0886373700972687,2.08851102063993
CWRES,2.30955994731016,2.3094666574797
CWRES,2.4936045590058176,2.4936196935837
CWRES,-0.6067561295308271,-0.606739284340992
CWRES,1.1057455770832987,1.10574499766758
CWRES,0.5548539835881511,0.554853034408
CWRES,0.1650605243417102,0.165048004806133
CWRES,-0.4086633819740421,-0.408665181704149
CWRES,-0.366673367472768,-0.366672036954951
CWRES,-0.10599146670057152,-0.105988204457745
CWRES,-0.1039129250990171,-0.103909605041522
CWRES,-0.5687108758332873,-0.568709245983933
CWRES,-0.5529090261169534,-0.552908057663067
CWRES,0.5583758595860775,0.558375804328508
CWRES,0.5134200071556202,0.513419787302606
CWRES,0.37124379173227895,0.371241694137989
CWRES,-0.3263100008545605,-0.32631377464752
CWRES,-0.03409860951989062,-0.0340964285434271
CWRES,-0.3620394576767485,-0.362037898570165
CWRES,-0.27242164021356763,-0.27241971480342
CWRES,0.11130865663266917,0.111311863825876
CWRES,0.055398264834103504,0.0554004478811272
CWRES,-0.3693136836711295,-0.369312968495636
CWRES,-1.0324892262616507,-1.03246499051871
CWRES,-0.3659648141825199,-0.365960196439461
CWRES,0.4933677752305512,0.493387208317534
CWRES,0.10977661451559996,0.109821553361403
CWRES,0.04435463656798551,0.0443866460007133
CWRES,0.25693415696199234,0.256940485234122
CWRES,0.2404546237370769,0.240447918601484
CWRES,0.5875600418971924,0.587556937025396
CWRES,0.5378807320724058,0.537878352770411
CWRES,-0.08819021529114411,-0.0881930446348554
CWRES,-1.0976365358645894,-1.09762030288036
CWRES,-0.3392792073380386,-0.339279511616805
CWRES,0.6642341518420246,0.664243088939702
CWRES,-0.574269365927699,-0.574271704432015
CWRES,-0.6104060355661832,-0.610401432114861
CWRES,-0.662574789092784,-0.662577481300562
CWRES,-0.14188468527296674,-0.141886894130865
CWRES,-0.14836568315806473,-0.148368085103072
CWRES,-0.2954663627746227,-0.295469386306491
CWRES,-0.09728685148418445,-0.097287953246806
CWRES,-1.2118786476270873,-1.21187321622001
CWRES,-0.8928024170011648,-0.892802195814635
CWRES,-0.08458687262965459,-0.0845838365550149
CWRES,-0.6317108492016444,-0.631705840766404
CWRES,-1.062325082642499,-1.06231463785158
CWRES,-0.9205812828094143,-0.920575699805334
CWRES,-0.9050416751030931,-0.905047521159571
CWRES,-0.6381046564677534,-0.638111872621024
CWRES,-0.44620224694480365,-0.446207605342606
CWRES,-0.41439373002268376,-0.414396442645728
CWRES,-1.999091172261449,-1.99906571479129
CWRES,-1.51167585419981,-1.51167406354285
CWRES,-1.0829656891883004,-1.08297039826667
CWRES,-1.2429244059200468,-1.242912280855
CWRES,-1.2284916291501273,-1.22844039207768
CWRES,-0.946500310322559,-0.946389784639941
CWRES,-0.8361385302045786,-0.836071918140651
CWRES,-0.5321720834333452,-0.532175036872696
CWRES,-0.19832003806480544,-0.198362337916864
CWRES,-0.22296640707632778,-0.223001458790931
CWRES,0.02573457691652375,0.0257344648523432
CWRES,-0.9205908577483785,-0.920587145723163
CWRES,0.09000502185645635,0.0900031741322814
CWRES,-0.3830082429071771,-0.38300766138801
CWRES,-0.7229774481658482,-0.722976384125662
CWRES,-0.6406713139337497,-0.640669981283969
CWRES,-0.7490647188651348,-0.749061940533345
CWRES,-0.14920002166520713,-0.149200490317339
CWRES,-0.6559195809205394,-0.655916505255142
CWRES,-0.08125501303862694,-0.0812540513776668
CWRES,2.559402527358848,2.55924792264006
CWRES,2.4553339834474013,2.45442278796333
CWRES,0.7404910767722269,0.740207365895521
CWRES,0.46133846994839883,0.4614038231528
CWRES,0.543068641516952,0.543141295530548
CWRES,1.1754277618458542,1.17552570055532
CWRES,0.574820178999404,0.574890600964876
CWRES,0.9785438955457685,0.978628342509679
CWRES,0.739768107415885,0.739838240811173
CWRES,0.49971117977408697,0.499750253772386
CWRES,-0.9365132803209155,-0.936513280490254
CWRES,-0.880152916312742,-0.880152916434832
CWRES,-0.8148839126217001,-0.814883914731314
CWRES,-1.0175608528726738,-1.01756075618331
CWRES,0.1347591251085295,0.134759425001046
CWRES,0.3965963232908387,0.396596782368729
CWRES,0.6974323482432886,0.697432765097563
CWRES,1.037372733939848,1.03737303627361
CWRES,0.9242103586290753,0.92421057957896
CWRES,0.8200600884579796,0.820060140935479
CWRES,0.6751454307185103,0.67514737553671
CWRES,0.5555706621749539,0.555575627639114
CWRES,-0.29285266629011386,-0.292837337854647
CWRES,-1.579200399490429,-1.57919437795281
CWRES,-1.686398462997865,-1.68639684079082
CWRES,-1.5886945463380162,-1.58869390651937
CWRES,-1.3677321604173094,-1.36773250727148
CWRES,-1.318728958031812,-1.3187287950778
CWRES,-1.1627342233011162,-1.16273405806155
CWRES,-0.809505253705129,-0.809505230006799
CWRES,-1.4533997788952153,-1.45336793464272
CWRES,-0.7539988478099285,-0.753995906214344
CWRES,-0.2606207262330129,-0.260615194795031
CWRES,-0.2222589601885695,-0.222215673957785
CWRES,0.14985527948416422,0.149944942565969
CWRES,0.3426038771902453,0.342653801966136
CWRES,0.04349447836328336,0.0434941587911478
CWRES,0.4274504504618141,0.427437390901366
CWRES,0.26252346023203627,0.262504020003558
CWRES,-0.4032090269043508,-0.403221509963399
NPDE,-1.436008227944182,-1.56749086413344
NPDE,-0.053918622045273985,-0.102953344255004
NPDE,1.8807936081512509,1.87349545336949
NPDE,1.3689976803623412,1.25631992690541
NPDE,0.4663010881265105,0.415193850778427
NPDE,0.5446416547999989,0.426148007841278
NPDE,0.3173210585628509,0.388021666217977
NPDE,0.8434085352803098,1.02153718691949
NPDE,1.7624102978623892,1.63048042059242
NPDE,2.3263478740408408,2.51214432793046
NPDE,-2.1700903775845606,-2.15707270447901
NPDE,1.172490958599023,1.22919154022989
NPDE,0.7388468491852137,0.738846849185214
NPDE,0.6007597742493187,0.585814765687599
NPDE,-0.11051620356204167,-0.0765267914162924
NPDE,-0.1433674354577667,-0.172556559594787
NPDE,0.25464150404674546,0.283230695100174
NPDE,0.43164423938395613,0.402929620719847
NPDE,-0.38127392479528904,-0.37319945737831
NPDE,-0.5709994731129875,-0.566579361742592
NPDE,-0.643345405392917,-0.646431416324407
NPDE,0.6007597742493187,0.623433027304938
NPDE,0.6603955922793687,0.618873040548629
NPDE,0.06773071300425916,0.0840709769111597
NPDE,0.2404260311423079,0.285840874881166
NPDE,-0.17892066027131204,-0.266310613204095
NPDE,-0.30679423053645655,-0.331853346436817
NPDE,0.310737745487592,0.284535542671622
NPDE,0.32920598430265113,0.330529375804139
NPDE,-0.34512553147047237,-0.393432594110967
NPDE,-0.518656932080391,-0.584327490777854
NPDE,-0.9058788123092846,-1.15278169388419
NPDE,0.7960551172626629,0.841621233572914
NPDE,0.46909742439517155,0.490189231715209
NPDE,0.03133798202142648,0.129452004719563
NPDE,0.10925529964619018,0.0916199503884748
NPDE,-0.13830420796140452,-0.173828812501662
NPDE,0.6022616261902377,0.611301497195671
NPDE,0.8469912474904282,0.909663498116024
NPDE,-0.11051620356204167,-0.10043372051147
NPDE,-0.6052694149415093,-0.638727837484811
NPDE,-1.2508204283945634,-1.4430726743709
NPDE,1.1076800921478,1.03429130603461
NPDE,-0.13577393130211152,-0.159849030337808
NPDE,-0.23784669541774933,-0.280622443558663
NPDE,-0.5043719862383816,-0.512930410614728
NPDE,0.05893987196606896,0.0351000017727088
NPDE,0.09665547500856764,0.0564290691624739
NPDE,-0.24817371845931255,-0.252053126562294
NPDE,-0.10421340026908517,-0.085328794885629
NPDE,0.15857972975384338,0.162388406424307
NPDE,-1.8734954533694923,-1.81841976311127
NPDE,0.3265609274123727,0.23913616440915
NPDE,-0.011280066443693096,0.0463892557053899
NPDE,-0.30810820244735493,-0.230118100657266
NPDE,-0.33848198588973977,-0.353117971973689
NPDE,-0.5665793617425917,-0.518656932080391
NPDE,-0.4056497076989145,-0.407010876264466
NPDE,-0.28192632958706143,-0.362471121637244
NPDE,-0.45932611083566294,-0.464904287509594
NPDE,1.073604455130997,1.02789334580214
NPDE,-1.5381988585840642,-1.5180571187365
NPDE,-0.8291845254221185,-0.811636919657297
NPDE,-0.8596173642419115,-0.874217164866483
NPDE,-0.34246630146539064,-0.302855480891349
NPDE,0.0614510463899026,-0.0263226363109528
NPDE,-0.2923748962268042,-0.30154361075976
NPDE,-0.4440589004631145,-0.490189231715209
NPDE,-0.2417162980100216,-0.244298041744808
NPDE,-0.36514924876668226,-0.339809491013167
NPDE,0.9502209415410152,0.980174478741705
NPDE,-2.3079844749459575,-2.36561812686429
NPDE,0.3477872042786274,0.310737745487592
NPDE,0.11934756669227513,0.153505060378057
NPDE,-0.21598428143721454,-0.288453003564521
NPDE,-0.1573106846101707,-0.175101346834981
NPDE,-0.5992592761370268,-0.462113401776377
NPDE,0.2598234001156769,0.33848198588974
NPDE,-0.7339158932693708,-0.683960672350682
NPDE,-0.14463381174882106,-0.0426255851769444
NPDE,-1.8881933369885064,-1.78046434169203
NPDE,2.6520698079021954,2.96773792534179
NPDE,1.46838379824566,1.40171623705705
NPDE,0.6022616261902377,0.60376483779863
NPDE,0.11051620356204181,0.194224627598883
NPDE,0.9287860024434343,0.879740322840219
NPDE,-0.22240322692720635,-0.175101346834981
NPDE,0.7857738315244841,0.887146559018876
NPDE,0.7273689013011686,0.777269136616444
NPDE,0.45515184724396895,0.493017814484465
NPDE,0.6479767316243347,0.785773831524484
NPDE,-0.4635083933569366,-0.497268105627901
NPDE,-0.5043719862383816,-0.60376483779863
NPDE,-0.9700932766287369,-0.986271298702238
NPDE,0.4179276716694819,0.329205984302651
NPDE,0.1168234002516962,0.182742585445444
NPDE,0.003759951271145795,0.0916199503884748
NPDE,0.7143674402801873,0.696684917063051
NPDE,0.8116369196572971,0.857805268668243
NPDE,0.7454495481807891,0.811636919657297
NPDE,-0.7339158932693708,-0.881587346996175
NPDE,1.0027116650265493,1.00271166502655
NPDE,0.599259276137027,0.566579361742592
NPDE,-0.4761044034893951,-0.401570695630149
NPDE,-0.6792175956552189,-0.585814765687599
NPDE,-0.5932707061716577,-0.560703031875083
NPDE,-0.43439724225978127,-0.431644239383956
NPDE,-0.6310619790594988,-0.703089460330929
NPDE,-1.066937632192765,-1.05156319787049
NPDE,-0.8362753805473111,-0.797776846125238
NPDE,0.3054807880993974,0.223688107921854
NPDE,-1.4538063589405747,-1.34693862611028
NPDE,-0.2326927491830449,-0.124398198069055
NPDE,0.08532879488562917,0.198057597362455
NPDE,0.5724753218505098,0.528719569060194
NPDE,0.49443358504568685,0.504371986238381
NPDE,-0.1281882480984855,-0.135773931302112
NPDE,0.6495235958443252,0.60376483779863
NPDE,0.6588376927361878,0.632592172467837
NPDE,-0.44821228145660924,-0.452373408825423
