"id","time","cp","out2"
1,0.1,0.593046777870915,0.593046777870915
1,0.25,1.47444984686857,1.47444984686857
1,0.5,2.92194206458369,2.92194206458369
1,1,5.73801608585048,5.73801608585048
1,1.5,8.45205788338482,8.45205788338482
1,2,11.0677642970452,11.0677642970452
1,3,10.28027737834,10.28027737834
1,4,9.5488212559876,9.5488212559876
1,6,8.23833837908379,8.23833837908379
1,8,7.10770653558763,7.10770653558763
1,10,6.13224291979869,6.13224291979869
1,12,5.29065220111242,5.29065220111242
1,16,3.93811992278746,3.93811992278746
1,20,2.93135665259221,2.93135665259221
1,24,2.1819680439314,2.1819680439314
1,30,10.6480207105069,10.6480207105069
1,36,6.83814764789994,6.83814764789994
1,48,2.82018531557522,2.82018531557522
1,60,1.1630993689694,1.1630993689694
1,72,0.479684840079793,0.479684840079793
