ID,TIME,EVID,AMT,CMT,RATE,II,SS,ADDL,DV,DVID,WT
1,0,1,30,1,0,0,0,0,.,1,70
1,0.1,0,0,1,0,0,0,0,0,1,70
1,0.25,0,0,1,0,0,0,0,0,1,70
1,0.5,0,0,1,0,0,0,0,0,1,70
1,1,0,0,1,0,0,0,0,0,1,70
1,1.5,0,0,1,0,0,0,0,0,1,70
1,2,0,0,1,0,0,0,0,0,1,70
1,3,0,0,1,0,0,0,0,0,1,70
1,4,0,0,1,0,0,0,0,0,1,70
1,6,0,0,1,0,0,0,0,0,1,70
1,8,0,0,1,0,0,0,0,0,1,70
1,10,0,0,1,0,0,0,0,0,1,70
1,12,0,0,1,0,0,0,0,0,1,70
1,16,0,0,1,0,0,0,0,0,1,70
1,20,0,0,1,0,0,0,0,0,1,70
1,24,0,0,1,0,0,0,0,0,1,70
1,30,0,0,1,0,0,0,0,0,1,70
1,36,0,0,1,0,0,0,0,0,1,70
1,48,0,0,1,0,0,0,0,0,1,70
1,60,0,0,1,0,0,0,0,0,1,70
1,72,0,0,1,0,0,0,0,0,1,70
1,96,0,0,1,0,0,0,0,0,1,70
1,120,0,0,1,0,0,0,0,0,1,70
1,168,0,0,1,0,0,0,0,0,1,70
