ID,TIME,AMT,DV,EVID,CMT,DVID,WT,AGE,SEX
1,0,100,.,1,1,1,66.7,50,1
1,0.5,0,0,0,1,1,66.7,50,1
1,1,0,1.9,0,1,1,66.7,50,1
1,2,0,3.3,0,1,1,66.7,50,1
1,3,0,6.6,0,1,1,66.7,50,1
1,6,0,9.1,0,1,1,66.7,50,1
1,9,0,10.8,0,1,1,66.7,50,1
1,12,0,8.6,0,1,1,66.7,50,1
1,24,0,5.6,0,1,1,66.7,50,1
1,24,0,44,0,1,2,66.7,50,1
1,36,0,4,0,1,1,66.7,50,1
1,36,0,27,0,1,2,66.7,50,1
1,48,0,2.7,0,1,1,66.7,50,1
1,48,0,28,0,1,2,66.7,50,1
1,72,0,0.8,0,1,1,66.7,50,1
1,72,0,31,0,1,2,66.7,50,1
1,96,0,60,0,1,2,66.7,50,1
1,120,0,65,0,1,2,66.7,50,1
1,144,0,71,0,1,2,66.7,50,1
2,0,100,.,1,1,1,66.7,50,1
2,0,0,100,0,1,2,66.7,50,1
2,24,0,9.2,0,1,1,66.7,50,1
2,24,0,49,0,1,2,66.7,50,1
2,36,0,8.5,0,1,1,66.7,50,1
2,36,0,32,0,1,2,66.7,50,1
2,48,0,6.4,0,1,1,66.7,50,1
2,48,0,26,0,1,2,66.7,50,1
2,72,0,4.8,0,1,1,66.7,50,1
2,72,0,22,0,1,2,66.7,50,1
2,96,0,3.1,0,1,1,66.7,50,1
2,96,0,28,0,1,2,66.7,50,1
2,120,0,2.5,0,1,1,66.7,50,1
2,120,0,33,0,1,2,66.7,50,1
3,0,100,.,1,1,1,66.7,31,1
3,0,0,100,0,1,2,66.7,31,1
3,0.5,0,0,0,1,1,66.7,31,1
3,2,0,8.4,0,1,1,66.7,31,1
3,3,0,9.7,0,1,1,66.7,31,1
3,6,0,9.8,0,1,1,66.7,31,1
3,12,0,11,0,1,1,66.7,31,1
3,24,0,8.3,0,1,1,66.7,31,1
3,24,0,46,0,1,2,66.7,31,1
3,36,0,7.7,0,1,1,66.7,31,1
3,36,0,22,0,1,2,66.7,31,1
3,48,0,6.3,0,1,1,66.7,31,1
3,48,0,19,0,1,2,66.7,31,1
3,72,0,4.1,0,1,1,66.7,31,1
3,72,0,20,0,1,2,66.7,31,1
3,96,0,3,0,1,1,66.7,31,1
3,96,0,42,0,1,2,66.7,31,1
3,120,0,1.4,0,1,1,66.7,31,1
3,120,0,49,0,1,2,66.7,31,1
3,144,0,54,0,1,2,66.7,31,1
4,0,120,.,1,1,1,80,40,1
4,0,0,100,0,1,2,80,40,1
4,3,0,12,0,1,1,80,40,1
4,6,0,13.2,0,1,1,80,40,1
4,9,0,14.4,0,1,1,80,40,1
4,24,0,9.6,0,1,1,80,40,1
4,24,0,30,0,1,2,80,40,1
4,36,0,8.2,0,1,1,80,40,1
4,36,0,24,0,1,2,80,40,1
4,48,0,7.8,0,1,1,80,40,1
4,48,0,13,0,1,2,80,40,1
4,72,0,5.8,0,1,1,80,40,1
4,72,0,9,0,1,2,80,40,1
4,96,0,4.3,0,1,1,80,40,1
4,96,0,9,0,1,2,80,40,1
4,120,0,3,0,1,1,80,40,1
4,120,0,11,0,1,2,80,40,1
4,144,0,12,0,1,2,80,40,1
5,0,60,.,1,1,1,40,46,0
5,0,0,82,0,1,2,40,46,0
5,3,0,11.1,0,1,1,40,46,0
5,6,0,11.9,0,1,1,40,46,0
5,9,0,9.8,0,1,1,40,46,0
5,12,0,11,0,1,1,40,46,0
5,24,0,8.5,0,1,1,40,46,0
5,24,0,43,0,1,2,40,46,0
5,36,0,7.6,0,1,1,40,46,0
5,36,0,25,0,1,2,40,46,0
5,48,0,5.4,0,1,1,40,46,0
5,48,0,18,0,1,2,40,46,0
5,72,0,4.5,0,1,1,40,46,0
5,72,0,17,0,1,2,40,46,0
5,96,0,3.3,0,1,1,40,46,0
5,96,0,23,0,1,2,40,46,0
5,120,0,2.3,0,1,1,40,46,0
5,120,0,29,0,1,2,40,46,0
5,144,0,41,0,1,2,40,46,0
6,0,113,.,1,1,1,75.3,43,1
6,0,0,100,0,1,2,75.3,43,1
6,6,0,8.6,0,1,1,75.3,43,1
6,12,0,8.6,0,1,1,75.3,43,1
6,24,0,7,0,1,1,75.3,43,1
6,24,0,34,0,1,2,75.3,43,1
6,36,0,5.7,0,1,1,75.3,43,1
6,36,0,23,0,1,2,75.3,43,1
6,48,0,4.7,0,1,1,75.3,43,1
6,48,0,20,0,1,2,75.3,43,1
6,72,0,3.3,0,1,1,75.3,43,1
6,72,0,16,0,1,2,75.3,43,1
6,96,0,2.3,0,1,1,75.3,43,1
6,96,0,17,0,1,2,75.3,43,1
6,120,0,1.7,0,1,1,75.3,43,1
6,120,0,18,0,1,2,75.3,43,1
6,144,0,25,0,1,2,75.3,43,1
7,0,90,.,1,1,1,60,36,0
7,3,0,13.4,0,1,1,60,36,0
7,6,0,12.4,0,1,1,60,36,0
7,9,0,12.7,0,1,1,60,36,0
7,12,0,8.8,0,1,1,60,36,0
7,24,0,6.1,0,1,1,60,36,0
7,24,0,36,0,1,2,60,36,0
7,36,0,3.5,0,1,1,60,36,0
7,36,0,33,0,1,2,60,36,0
7,48,0,1.8,0,1,1,60,36,0
7,48,0,28,0,1,2,60,36,0
7,72,0,1.5,0,1,1,60,36,0
7,72,0,52,0,1,2,60,36,0
7,96,0,1,0,1,1,60,36,0
7,96,0,80,0,1,2,60,36,0
7,120,0,90,0,1,2,60,36,0
7,144,0,100,0,1,2,60,36,0
8,0,135,.,1,1,1,90,41,1
8,0,0,88,0,1,2,90,41,1
8,2,0,17.6,0,1,1,90,41,1
8,3,0,17.3,0,1,1,90,41,1
8,6,0,15,0,1,1,90,41,1
8,9,0,15,0,1,1,90,41,1
8,12,0,12.4,0,1,1,90,41,1
8,24,0,7.9,0,1,1,90,41,1
8,24,0,35,0,1,2,90,41,1
8,36,0,7.9,0,1,1,90,41,1
8,36,0,20,0,1,2,90,41,1
8,48,0,5.1,0,1,1,90,41,1
8,48,0,12,0,1,2,90,41,1
8,72,0,3.6,0,1,1,90,41,1
8,72,0,16,0,1,2,90,41,1
8,96,0,2.4,0,1,1,90,41,1
8,96,0,23,0,1,2,90,41,1
8,120,0,2,0,1,1,90,41,1
8,120,0,36,0,1,2,90,41,1
8,144,0,48,0,1,2,90,41,1
9,0,75,.,1,1,1,50,27,0
9,0,0,92,0,1,2,50,27,0
9,0.5,0,0,0,1,1,50,27,0
9,1,0,1,0,1,1,50,27,0
9,2,0,4.6,0,1,1,50,27,0
9,3,0,12.7,0,1,1,50,27,0
9,3,0,8,0,1,1,50,27,0
9,6,0,12.7,0,1,1,50,27,0
9,6,0,11.5,0,1,1,50,27,0
9,9,0,12.9,0,1,1,50,27,0
9,9,0,11.4,0,1,1,50,27,0
9,12,0,11.4,0,1,1,50,27,0
9,12,0,11,0,1,1,50,27,0
9,24,0,9.1,0,1,1,50,27,0
9,24,0,33,0,1,2,50,27,0
9,36,0,8.2,0,1,1,50,27,0
9,36,0,22,0,1,2,50,27,0
9,48,0,5.9,0,1,1,50,27,0
9,48,0,16,0,1,2,50,27,0
9,72,0,3.6,0,1,1,50,27,0
9,72,0,18,0,1,2,50,27,0
9,96,0,1.7,0,1,1,50,27,0
9,96,0,32,0,1,2,50,27,0
9,120,0,1.1,0,1,1,50,27,0
9,120,0,30,0,1,2,50,27,0
9,144,0,45,0,1,2,50,27,0
10,0,105,.,1,1,1,70,28,1
10,0,0,90,0,1,2,70,28,1
10,24,0,8.6,0,1,1,70,28,1
10,24,0,39,0,1,2,70,28,1
10,36,0,8,0,1,1,70,28,1
10,36,0,22,0,1,2,70,28,1
10,48,0,6,0,1,1,70,28,1
10,48,0,17,0,1,2,70,28,1
10,72,0,4.4,0,1,1,70,28,1
10,72,0,17,0,1,2,70,28,1
10,96,0,3.6,0,1,1,70,28,1
10,96,0,22,0,1,2,70,28,1
10,120,0,2.8,0,1,1,70,28,1
10,120,0,25,0,1,2,70,28,1
10,144,0,33,0,1,2,70,28,1
12,0,123,.,1,1,1,82,31,1
12,0,0,100,0,1,2,82,31,1
12,1.5,0,11.4,0,1,1,82,31,1
12,3,0,15.4,0,1,1,82,31,1
12,6,0,17.5,0,1,1,82,31,1
12,12,0,14,0,1,1,82,31,1
12,24,0,9,0,1,1,82,31,1
12,24,0,37,0,1,2,82,31,1
12,36,0,8.9,0,1,1,82,31,1
12,36,0,24,0,1,2,82,31,1
12,48,0,6.6,0,1,1,82,31,1
12,48,0,14,0,1,2,82,31,1
12,72,0,4.2,0,1,1,82,31,1
12,72,0,11,0,1,2,82,31,1
12,96,0,3.6,0,1,1,82,31,1
12,96,0,14,0,1,2,82,31,1
12,120,0,2.6,0,1,1,82,31,1
12,120,0,23,0,1,2,82,31,1
12,144,0,33,0,1,2,82,31,1
13,0,113,.,1,1,1,75.3,32,1
13,0,0,85,0,1,2,75.3,32,1
13,1.5,0,0.6,0,1,1,75.3,32,1
13,3,0,2.8,0,1,1,75.3,32,1
13,6,0,13.8,0,1,1,75.3,32,1
13,9,0,15,0,1,1,75.3,32,1
13,24,0,10.5,0,1,1,75.3,32,1
13,24,0,25,0,1,2,75.3,32,1
13,36,0,9.1,0,1,1,75.3,32,1
13,36,0,15,0,1,2,75.3,32,1
13,48,0,6.6,0,1,1,75.3,32,1
13,48,0,11,0,1,2,75.3,32,1
13,72,0,4.9,0,1,1,75.3,32,1
13,96,0,2.4,0,1,1,75.3,32,1
13,120,0,1.9,0,1,1,75.3,32,1
14,0,113,.,1,1,1,75.3,63,1
14,0,0,88,0,1,2,75.3,63,1
14,1.5,0,3.6,0,1,1,75.3,63,1
14,3,0,12.9,0,1,1,75.3,63,1
14,6,0,12.9,0,1,1,75.3,63,1
14,9,0,10.2,0,1,1,75.3,63,1
14,24,0,6.4,0,1,1,75.3,63,1
14,24,0,41,0,1,2,75.3,63,1
14,36,0,6.9,0,1,1,75.3,63,1
14,36,0,23,0,1,2,75.3,63,1
14,48,0,4.5,0,1,1,75.3,63,1
14,48,0,16,0,1,2,75.3,63,1
14,72,0,3.2,0,1,1,75.3,63,1
14,72,0,14,0,1,2,75.3,63,1
14,96,0,2.4,0,1,1,75.3,63,1
14,96,0,18,0,1,2,75.3,63,1
14,120,0,1.3,0,1,1,75.3,63,1
14,120,0,22,0,1,2,75.3,63,1
14,144,0,35,0,1,2,75.3,63,1
15,0,75,.,1,1,1,50,36,0
15,0,0,85,0,1,2,50,36,0
15,0.5,0,0,0,1,1,50,36,0
15,1,0,2.7,0,1,1,50,36,0
15,2,0,11.6,0,1,1,50,36,0
15,3,0,11.6,0,1,1,50,36,0
15,6,0,11.3,0,1,1,50,36,0
15,9,0,9.7,0,1,1,50,36,0
15,24,0,6.5,0,1,1,50,36,0
15,24,0,32,0,1,2,50,36,0
15,36,0,5.2,0,1,1,50,36,0
15,36,0,22,0,1,2,50,36,0
15,48,0,3.6,0,1,1,50,36,0
15,48,0,21,0,1,2,50,36,0
15,72,0,2.4,0,1,1,50,36,0
15,72,0,28,0,1,2,50,36,0
15,96,0,0.9,0,1,1,50,36,0
15,96,0,38,0,1,2,50,36,0
15,120,0,46,0,1,2,50,36,0
15,144,0,65,0,1,2,50,36,0
16,0,85,.,1,1,1,56.7,27,0
16,0,0,100,0,1,2,56.7,27,0
16,1,0,6.6,0,1,1,56.7,27,0
16,3,0,11.9,0,1,1,56.7,27,0
16,6,0,11.7,0,1,1,56.7,27,0
16,9,0,12.2,0,1,1,56.7,27,0
16,24,0,8.1,0,1,1,56.7,27,0
16,24,0,43,0,1,2,56.7,27,0
16,36,0,7.4,0,1,1,56.7,27,0
16,36,0,26,0,1,2,56.7,27,0
16,48,0,6.8,0,1,1,56.7,27,0
16,48,0,15,0,1,2,56.7,27,0
16,72,0,5.3,0,1,1,56.7,27,0
16,72,0,13,0,1,2,56.7,27,0
16,96,0,3,0,1,1,56.7,27,0
16,96,0,21,0,1,2,56.7,27,0
16,120,0,2,0,1,1,56.7,27,0
16,120,0,28,0,1,2,56.7,27,0
16,144,0,39,0,1,2,56.7,27,0
17,0,87,.,1,1,1,58,22,1
17,0,0,100,0,1,2,58,22,1
17,24,0,10.4,0,1,1,58,22,1
17,24,0,42,0,1,2,58,22,1
17,36,0,8.9,0,1,1,58,22,1
17,36,0,32,0,1,2,58,22,1
17,48,0,7,0,1,1,58,22,1
17,48,0,26,0,1,2,58,22,1
17,72,0,4.4,0,1,1,58,22,1
17,72,0,31,0,1,2,58,22,1
17,96,0,3.2,0,1,1,58,22,1
17,96,0,33,0,1,2,58,22,1
17,120,0,2.4,0,1,1,58,22,1
17,120,0,54,0,1,2,58,22,1
18,0,117,.,1,1,1,78,28,1
18,0,0,100,0,1,2,78,28,1
18,24,0,7.6,0,1,1,78,28,1
18,24,0,35,0,1,2,78,28,1
18,36,0,6.4,0,1,1,78,28,1
18,36,0,23,0,1,2,78,28,1
18,48,0,6,0,1,1,78,28,1
18,48,0,17,0,1,2,78,28,1
18,72,0,4,0,1,1,78,28,1
18,72,0,18,0,1,2,78,28,1
18,96,0,3.1,0,1,1,78,28,1
18,96,0,18,0,1,2,78,28,1
18,120,0,2,0,1,1,78,28,1
18,120,0,21,0,1,2,78,28,1
19,0,112,.,1,1,1,74.7,31,1
19,0,0,100,0,1,2,74.7,31,1
19,24,0,7.6,0,1,1,74.7,31,1
19,24,0,32,0,1,2,74.7,31,1
19,36,0,6.6,0,1,1,74.7,31,1
19,36,0,20,0,1,2,74.7,31,1
19,48,0,5.4,0,1,1,74.7,31,1
19,48,0,18,0,1,2,74.7,31,1
19,72,0,3.4,0,1,1,74.7,31,1
19,72,0,18,0,1,2,74.7,31,1
19,96,0,1.2,0,1,1,74.7,31,1
19,96,0,19,0,1,2,74.7,31,1
19,120,0,0.9,0,1,1,74.7,31,1
19,120,0,29,0,1,2,74.7,31,1
20,0,95.5,.,1,1,1,63.7,22,1
20,0,0,100,0,1,2,63.7,22,1
20,24,0,6.6,0,1,1,63.7,22,1
20,24,0,33,0,1,2,63.7,22,1
20,36,0,5.3,0,1,1,63.7,22,1
20,36,0,28,0,1,2,63.7,22,1
20,48,0,3.6,0,1,1,63.7,22,1
20,48,0,18,0,1,2,63.7,22,1
20,72,0,2.7,0,1,1,63.7,22,1
20,72,0,18,0,1,2,63.7,22,1
20,96,0,1.4,0,1,1,63.7,22,1
20,96,0,17,0,1,2,63.7,22,1
20,120,0,1.1,0,1,1,63.7,22,1
20,120,0,26,0,1,2,63.7,22,1
21,0,88.5,.,1,1,1,59,22,1
21,0,0,100,0,1,2,59,22,1
21,24,0,9.6,0,1,1,59,22,1
21,24,0,41,0,1,2,59,22,1
21,36,0,8,0,1,1,59,22,1
21,36,0,30,0,1,2,59,22,1
21,48,0,6.6,0,1,1,59,22,1
21,48,0,22,0,1,2,59,22,1
21,72,0,5.6,0,1,1,59,22,1
21,72,0,23,0,1,2,59,22,1
21,96,0,3.5,0,1,1,59,22,1
21,96,0,23,0,1,2,59,22,1
21,120,0,2.3,0,1,1,59,22,1
21,120,0,35,0,1,2,59,22,1
22,0,93,.,1,1,1,62,27,1
22,0,0,100,0,1,2,62,27,1
22,24,0,7.3,0,1,1,62,27,1
22,24,0,46,0,1,2,62,27,1
22,36,0,6.1,0,1,1,62,27,1
22,36,0,27,0,1,2,62,27,1
22,48,0,4.3,0,1,1,62,27,1
22,48,0,22,0,1,2,62,27,1
22,72,0,3.2,0,1,1,62,27,1
22,72,0,36,0,1,2,62,27,1
22,96,0,2.3,0,1,1,62,27,1
22,96,0,40,0,1,2,62,27,1
22,120,0,1.9,0,1,1,62,27,1
22,120,0,44,0,1,2,62,27,1
23,0,87,.,1,1,1,58,22,1
23,0,0,100,0,1,2,58,22,1
23,24,0,8.9,0,1,1,58,22,1
23,24,0,35,0,1,2,58,22,1
23,36,0,8.4,0,1,1,58,22,1
23,36,0,27,0,1,2,58,22,1
23,48,0,8,0,1,1,58,22,1
23,48,0,23,0,1,2,58,22,1
23,72,0,4.4,0,1,1,58,22,1
23,72,0,27,0,1,2,58,22,1
23,96,0,3.2,0,1,1,58,22,1
23,96,0,43,0,1,2,58,22,1
23,120,0,1.7,0,1,1,58,22,1
23,120,0,43,0,1,2,58,22,1
24,0,110,.,1,1,1,73.3,22,1
24,0,0,100,0,1,2,73.3,22,1
24,24,0,9.8,0,1,1,73.3,22,1
24,24,0,34,0,1,2,73.3,22,1
24,36,0,8.4,0,1,1,73.3,22,1
24,36,0,24,0,1,2,73.3,22,1
24,48,0,6.6,0,1,1,73.3,22,1
24,48,0,15,0,1,2,73.3,22,1
24,72,0,4.8,0,1,1,73.3,22,1
24,72,0,15,0,1,2,73.3,22,1
24,96,0,3.2,0,1,1,73.3,22,1
24,96,0,19,0,1,2,73.3,22,1
24,120,0,2.4,0,1,1,73.3,22,1
24,120,0,19,0,1,2,73.3,22,1
25,0,115,.,1,1,1,76.7,35,1
25,0,0,88,0,1,2,76.7,35,1
25,24,0,8.2,0,1,1,76.7,35,1
25,24,0,37,0,1,2,76.7,35,1
25,36,0,7.5,0,1,1,76.7,35,1
25,36,0,20,0,1,2,76.7,35,1
25,48,0,6.8,0,1,1,76.7,35,1
25,48,0,20,0,1,2,76.7,35,1
25,72,0,5.5,0,1,1,76.7,35,1
25,72,0,26,0,1,2,76.7,35,1
25,96,0,4.5,0,1,1,76.7,35,1
25,96,0,28,0,1,2,76.7,35,1
25,120,0,3.7,0,1,1,76.7,35,1
25,120,0,50,0,1,2,76.7,35,1
26,0,112,.,1,1,1,74.7,23,1
26,0,0,100,0,1,2,74.7,23,1
26,24,0,11,0,1,1,74.7,23,1
26,24,0,32,0,1,2,74.7,23,1
26,36,0,10,0,1,1,74.7,23,1
26,36,0,20,0,1,2,74.7,23,1
26,48,0,8.2,0,1,1,74.7,23,1
26,48,0,17,0,1,2,74.7,23,1
26,72,0,6,0,1,1,74.7,23,1
26,72,0,19,0,1,2,74.7,23,1
26,96,0,3.7,0,1,1,74.7,23,1
26,96,0,21,0,1,2,74.7,23,1
26,120,0,2.6,0,1,1,74.7,23,1
26,120,0,30,0,1,2,74.7,23,1
27,0,120,.,1,1,1,80,23,1
27,0,0,100,0,1,2,80,23,1
27,24,0,10,0,1,1,80,23,1
27,24,0,41,0,1,2,80,23,1
27,36,0,9,0,1,1,80,23,1
27,36,0,28,0,1,2,80,23,1
27,48,0,7.3,0,1,1,80,23,1
27,48,0,19,0,1,2,80,23,1
27,72,0,5.2,0,1,1,80,23,1
27,72,0,17,0,1,2,80,23,1
27,96,0,3.7,0,1,1,80,23,1
27,96,0,17,0,1,2,80,23,1
27,120,0,2.7,0,1,1,80,23,1
27,120,0,24,0,1,2,80,23,1
28,0,120,.,1,1,1,80,22,1
28,0,0,100,0,1,2,80,22,1
28,24,0,11.8,0,1,1,80,22,1
28,24,0,32,0,1,2,80,22,1
28,36,0,9.2,0,1,1,80,22,1
28,36,0,21,0,1,2,80,22,1
28,48,0,7.7,0,1,1,80,22,1
28,48,0,19,0,1,2,80,22,1
28,72,0,4.9,0,1,1,80,22,1
28,72,0,22,0,1,2,80,22,1
28,96,0,3.4,0,1,1,80,22,1
28,96,0,33,0,1,2,80,22,1
28,120,0,2.7,0,1,1,80,22,1
28,120,0,46,0,1,2,80,22,1
29,0,120,.,1,1,1,80,22,1
29,0,0,100,0,1,2,80,22,1
29,24,0,10.1,0,1,1,80,22,1
29,24,0,39,0,1,2,80,22,1
29,36,0,8,0,1,1,80,22,1
29,36,0,25,0,1,2,80,22,1
29,48,0,6,0,1,1,80,22,1
29,48,0,16,0,1,2,80,22,1
29,72,0,4.9,0,1,1,80,22,1
29,72,0,14,0,1,2,80,22,1
29,96,0,3.4,0,1,1,80,22,1
29,96,0,15,0,1,2,80,22,1
29,120,0,2,0,1,1,80,22,1
29,120,0,20,0,1,2,80,22,1
30,0,153,.,1,1,1,102,22,1
30,0,0,86,0,1,2,102,22,1
30,24,0,8.3,0,1,1,102,22,1
30,24,0,35,0,1,2,102,22,1
30,36,0,7,0,1,1,102,22,1
30,36,0,21,0,1,2,102,22,1
30,48,0,5.6,0,1,1,102,22,1
30,48,0,18,0,1,2,102,22,1
30,72,0,4.1,0,1,1,102,22,1
30,72,0,20,0,1,2,102,22,1
30,96,0,3.1,0,1,1,102,22,1
30,96,0,29,0,1,2,102,22,1
30,120,0,2.2,0,1,1,102,22,1
30,120,0,41,0,1,2,102,22,1
31,0,105,.,1,1,1,70,23,1
31,0,0,100,0,1,2,70,23,1
31,24,0,9.9,0,1,1,70,23,1
31,24,0,45,0,1,2,70,23,1
31,36,0,7.5,0,1,1,70,23,1
31,36,0,24,0,1,2,70,23,1
31,48,0,6.5,0,1,1,70,23,1
31,48,0,23,0,1,2,70,23,1
31,72,0,4.1,0,1,1,70,23,1
31,72,0,26,0,1,2,70,23,1
31,96,0,2.9,0,1,1,70,23,1
31,96,0,28,0,1,2,70,23,1
31,120,0,2.3,0,1,1,70,23,1
31,120,0,39,0,1,2,70,23,1
32,0,125,.,1,1,1,83.3,24,1
32,0,0,100,0,1,2,83.3,24,1
32,24,0,9.5,0,1,1,83.3,24,1
32,24,0,45,0,1,2,83.3,24,1
32,36,0,7.8,0,1,1,83.3,24,1
32,36,0,30,0,1,2,83.3,24,1
32,48,0,6.4,0,1,1,83.3,24,1
32,48,0,24,0,1,2,83.3,24,1
32,72,0,4.5,0,1,1,83.3,24,1
32,72,0,22,0,1,2,83.3,24,1
32,96,0,3.4,0,1,1,83.3,24,1
32,96,0,28,0,1,2,83.3,24,1
32,120,0,2.5,0,1,1,83.3,24,1
32,120,0,42,0,1,2,83.3,24,1
33,0,93,.,1,1,1,62,21,1
33,0,0,100,0,1,2,62,21,1
33,24,0,8.9,0,1,1,62,21,1
33,24,0,36,0,1,2,62,21,1
33,36,0,7.7,0,1,1,62,21,1
33,36,0,27,0,1,2,62,21,1
33,48,0,6.9,0,1,1,62,21,1
33,48,0,24,0,1,2,62,21,1
33,72,0,4.4,0,1,1,62,21,1
33,72,0,23,0,1,2,62,21,1
33,96,0,3.5,0,1,1,62,21,1
33,96,0,20,0,1,2,62,21,1
33,120,0,2.5,0,1,1,62,21,1
33,120,0,22,0,1,2,62,21,1
