ID,TIME,EVID,AMT,CMT,RATE,II,SS,DV,OCC,WT,SEX
1,0,1,500,1,250,12,1,.,1,70.78,0
1,0.5,0,0,1,0,0,0,0,1,70.78,0
1,1,0,0,1,0,0,0,0,1,70.78,0
1,2,0,0,1,0,0,0,0,1,70.78,0
1,4,0,0,1,0,0,0,0,1,70.78,0
1,6,0,0,1,0,0,0,0,1,70.78,0
1,9,0,0,1,0,0,0,0,1,70.78,0
1,11.9,0,0,1,0,0,0,0,1,70.78,0
1,168,3,0,1,0,0,0,.,2,62.62,0
1,168,1,800,1,400,0,0,.,2,62.62,0
1,168.5,0,0,1,0,0,0,0,2,62.62,0
1,169,0,0,1,0,0,0,0,2,62.62,0
1,170,0,0,1,0,0,0,0,2,62.62,0
1,172,0,0,1,0,0,0,0,2,62.62,0
1,176,0,0,1,0,0,0,0,2,62.62,0
1,180,0,0,1,0,0,0,0,2,62.62,0
1,192,0,0,1,0,0,0,0,2,62.62,0
1,204,0,0,1,0,0,0,0,2,62.62,0
2,0,1,500,1,250,12,1,.,1,78.35,0
2,0.5,0,0,1,0,0,0,0,1,78.35,0
2,1,0,0,1,0,0,0,0,1,78.35,0
2,2,0,0,1,0,0,0,0,1,78.35,0
2,4,0,0,1,0,0,0,0,1,78.35,0
2,6,0,0,1,0,0,0,0,1,78.35,0
2,9,0,0,1,0,0,0,0,1,78.35,0
2,11.9,0,0,1,0,0,0,0,1,78.35,0
2,168,3,0,1,0,0,0,.,2,84.05,0
2,168,1,800,1,400,0,0,.,2,84.05,0
2,168.5,0,0,1,0,0,0,0,2,84.05,0
2,169,0,0,1,0,0,0,0,2,84.05,0
2,170,0,0,1,0,0,0,0,2,84.05,0
2,172,0,0,1,0,0,0,0,2,84.05,0
2,176,0,0,1,0,0,0,0,2,84.05,0
2,180,0,0,1,0,0,0,0,2,84.05,0
2,192,0,0,1,0,0,0,0,2,84.05,0
2,204,0,0,1,0,0,0,0,2,84.05,0
3,0,1,500,1,250,12,1,.,1,92.95,1
3,0.5,0,0,1,0,0,0,0,1,92.95,1
3,1,0,0,1,0,0,0,0,1,92.95,1
3,2,0,0,1,0,0,0,0,1,92.95,1
3,4,0,0,1,0,0,0,0,1,92.95,1
3,6,0,0,1,0,0,0,0,1,92.95,1
3,9,0,0,1,0,0,0,0,1,92.95,1
3,11.9,0,0,1,0,0,0,0,1,92.95,1
3,168,3,0,1,0,0,0,.,2,83.20,1
3,168,1,800,1,400,0,0,.,2,83.20,1
3,168.5,0,0,1,0,0,0,0,2,83.20,1
3,169,0,0,1,0,0,0,0,2,83.20,1
3,170,0,0,1,0,0,0,0,2,83.20,1
3,172,0,0,1,0,0,0,0,2,83.20,1
3,176,0,0,1,0,0,0,0,2,83.20,1
3,180,0,0,1,0,0,0,0,2,83.20,1
3,192,0,0,1,0,0,0,0,2,83.20,1
3,204,0,0,1,0,0,0,0,2,83.20,1
4,0,1,500,1,250,12,1,.,1,50.27,0
4,0.5,0,0,1,0,0,0,0,1,50.27,0
4,1,0,0,1,0,0,0,0,1,50.27,0
4,2,0,0,1,0,0,0,0,1,50.27,0
4,4,0,0,1,0,0,0,0,1,50.27,0
4,6,0,0,1,0,0,0,0,1,50.27,0
4,9,0,0,1,0,0,0,0,1,50.27,0
4,11.9,0,0,1,0,0,0,0,1,50.27,0
4,168,3,0,1,0,0,0,.,2,48.82,0
4,168,1,800,1,400,0,0,.,2,48.82,0
4,168.5,0,0,1,0,0,0,0,2,48.82,0
4,169,0,0,1,0,0,0,0,2,48.82,0
4,170,0,0,1,0,0,0,0,2,48.82,0
4,172,0,0,1,0,0,0,0,2,48.82,0
4,176,0,0,1,0,0,0,0,2,48.82,0
4,180,0,0,1,0,0,0,0,2,48.82,0
4,192,0,0,1,0,0,0,0,2,48.82,0
4,204,0,0,1,0,0,0,0,2,48.82,0
5,0,1,500,1,250,12,1,.,1,73.38,1
5,0.5,0,0,1,0,0,0,0,1,73.38,1
5,1,0,0,1,0,0,0,0,1,73.38,1
5,2,0,0,1,0,0,0,0,1,73.38,1
5,4,0,0,1,0,0,0,0,1,73.38,1
5,6,0,0,1,0,0,0,0,1,73.38,1
5,9,0,0,1,0,0,0,0,1,73.38,1
5,11.9,0,0,1,0,0,0,0,1,73.38,1
5,168,3,0,1,0,0,0,.,2,74.70,1
5,168,1,800,1,400,0,0,.,2,74.70,1
5,168.5,0,0,1,0,0,0,0,2,74.70,1
5,169,0,0,1,0,0,0,0,2,74.70,1
5,170,0,0,1,0,0,0,0,2,74.70,1
5,172,0,0,1,0,0,0,0,2,74.70,1
5,176,0,0,1,0,0,0,0,2,74.70,1
5,180,0,0,1,0,0,0,0,2,74.70,1
5,192,0,0,1,0,0,0,0,2,74.70,1
5,204,0,0,1,0,0,0,0,2,74.70,1
6,0,1,500,1,250,12,1,.,1,95.72,0
6,0.5,0,0,1,0,0,0,0,1,95.72,0
6,1,0,0,1,0,0,0,0,1,95.72,0
6,2,0,0,1,0,0,0,0,1,95.72,0
6,4,0,0,1,0,0,0,0,1,95.72,0
6,6,0,0,1,0,0,0,0,1,95.72,0
6,9,0,0,1,0,0,0,0,1,95.72,0
6,11.9,0,0,1,0,0,0,0,1,95.72,0
6,168,3,0,1,0,0,0,.,2,95.92,0
6,168,1,800,1,400,0,0,.,2,95.92,0
6,168.5,0,0,1,0,0,0,0,2,95.92,0
6,169,0,0,1,0,0,0,0,2,95.92,0
6,170,0,0,1,0,0,0,0,2,95.92,0
6,172,0,0,1,0,0,0,0,2,95.92,0
6,176,0,0,1,0,0,0,0,2,95.92,0
6,180,0,0,1,0,0,0,0,2,95.92,0
6,192,0,0,1,0,0,0,0,2,95.92,0
6,204,0,0,1,0,0,0,0,2,95.92,0
7,0,1,500,1,250,12,1,.,1,69.05,1
7,0.5,0,0,1,0,0,0,0,1,69.05,1
7,1,0,0,1,0,0,0,0,1,69.05,1
7,2,0,0,1,0,0,0,0,1,69.05,1
7,4,0,0,1,0,0,0,0,1,69.05,1
7,6,0,0,1,0,0,0,0,1,69.05,1
7,9,0,0,1,0,0,0,0,1,69.05,1
7,11.9,0,0,1,0,0,0,0,1,69.05,1
7,168,3,0,1,0,0,0,.,2,69.23,1
7,168,1,800,1,400,0,0,.,2,69.23,1
7,168.5,0,0,1,0,0,0,0,2,69.23,1
7,169,0,0,1,0,0,0,0,2,69.23,1
7,170,0,0,1,0,0,0,0,2,69.23,1
7,172,0,0,1,0,0,0,0,2,69.23,1
7,176,0,0,1,0,0,0,0,2,69.23,1
7,180,0,0,1,0,0,0,0,2,69.23,1
7,192,0,0,1,0,0,0,0,2,69.23,1
7,204,0,0,1,0,0,0,0,2,69.23,1
8,0,1,500,1,250,12,1,.,1,58.09,0
8,0.5,0,0,1,0,0,0,0,1,58.09,0
8,1,0,0,1,0,0,0,0,1,58.09,0
8,2,0,0,1,0,0,0,0,1,58.09,0
8,4,0,0,1,0,0,0,0,1,58.09,0
8,6,0,0,1,0,0,0,0,1,58.09,0
8,9,0,0,1,0,0,0,0,1,58.09,0
8,11.9,0,0,1,0,0,0,0,1,58.09,0
8,168,3,0,1,0,0,0,.,2,50.47,0
8,168,1,800,1,400,0,0,.,2,50.47,0
8,168.5,0,0,1,0,0,0,0,2,50.47,0
8,169,0,0,1,0,0,0,0,2,50.47,0
8,170,0,0,1,0,0,0,0,2,50.47,0
8,172,0,0,1,0,0,0,0,2,50.47,0
8,176,0,0,1,0,0,0,0,2,50.47,0
8,180,0,0,1,0,0,0,0,2,50.47,0
8,192,0,0,1,0,0,0,0,2,50.47,0
8,204,0,0,1,0,0,0,0,2,50.47,0
9,0,1,500,1,250,12,1,.,1,53.94,0
9,0.5,0,0,1,0,0,0,0,1,53.94,0
9,1,0,0,1,0,0,0,0,1,53.94,0
9,2,0,0,1,0,0,0,0,1,53.94,0
9,4,0,0,1,0,0,0,0,1,53.94,0
9,6,0,0,1,0,0,0,0,1,53.94,0
9,9,0,0,1,0,0,0,0,1,53.94,0
9,11.9,0,0,1,0,0,0,0,1,53.94,0
9,168,3,0,1,0,0,0,.,2,52.90,0
9,168,1,800,1,400,0,0,.,2,52.90,0
9,168.5,0,0,1,0,0,0,0,2,52.90,0
9,169,0,0,1,0,0,0,0,2,52.90,0
9,170,0,0,1,0,0,0,0,2,52.90,0
9,172,0,0,1,0,0,0,0,2,52.90,0
9,176,0,0,1,0,0,0,0,2,52.90,0
9,180,0,0,1,0,0,0,0,2,52.90,0
9,192,0,0,1,0,0,0,0,2,52.90,0
9,204,0,0,1,0,0,0,0,2,52.90,0
10,0,1,500,1,250,12,1,.,1,89.16,0
10,0.5,0,0,1,0,0,0,0,1,89.16,0
10,1,0,0,1,0,0,0,0,1,89.16,0
10,2,0,0,1,0,0,0,0,1,89.16,0
10,4,0,0,1,0,0,0,0,1,89.16,0
10,6,0,0,1,0,0,0,0,1,89.16,0
10,9,0,0,1,0,0,0,0,1,89.16,0
10,11.9,0,0,1,0,0,0,0,1,89.16,0
10,168,3,0,1,0,0,0,.,2,77.06,0
10,168,1,800,1,400,0,0,.,2,77.06,0
10,168.5,0,0,1,0,0,0,0,2,77.06,0
10,169,0,0,1,0,0,0,0,2,77.06,0
10,170,0,0,1,0,0,0,0,2,77.06,0
10,172,0,0,1,0,0,0,0,2,77.06,0
10,176,0,0,1,0,0,0,0,2,77.06,0
10,180,0,0,1,0,0,0,0,2,77.06,0
10,192,0,0,1,0,0,0,0,2,77.06,0
10,204,0,0,1,0,0,0,0,2,77.06,0
11,0,1,500,1,250,12,1,.,1,86.83,0
11,0.5,0,0,1,0,0,0,0,1,86.83,0
11,1,0,0,1,0,0,0,0,1,86.83,0
11,2,0,0,1,0,0,0,0,1,86.83,0
11,4,0,0,1,0,0,0,0,1,86.83,0
11,6,0,0,1,0,0,0,0,1,86.83,0
11,9,0,0,1,0,0,0,0,1,86.83,0
11,11.9,0,0,1,0,0,0,0,1,86.83,0
11,168,3,0,1,0,0,0,.,2,75.15,0
11,168,1,800,1,400,0,0,.,2,75.15,0
11,168.5,0,0,1,0,0,0,0,2,75.15,0
11,169,0,0,1,0,0,0,0,2,75.15,0
11,170,0,0,1,0,0,0,0,2,75.15,0
11,172,0,0,1,0,0,0,0,2,75.15,0
11,176,0,0,1,0,0,0,0,2,75.15,0
11,180,0,0,1,0,0,0,0,2,75.15,0
11,192,0,0,1,0,0,0,0,2,75.15,0
11,204,0,0,1,0,0,0,0,2,75.15,0
12,0,1,500,1,250,12,1,.,1,82.39,1
12,0.5,0,0,1,0,0,0,0,1,82.39,1
12,1,0,0,1,0,0,0,0,1,82.39,1
12,2,0,0,1,0,0,0,0,1,82.39,1
12,4,0,0,1,0,0,0,0,1,82.39,1
12,6,0,0,1,0,0,0,0,1,82.39,1
12,9,0,0,1,0,0,0,0,1,82.39,1
12,11.9,0,0,1,0,0,0,0,1,82.39,1
12,168,3,0,1,0,0,0,.,2,86.37,1
12,168,1,800,1,400,0,0,.,2,86.37,1
12,168.5,0,0,1,0,0,0,0,2,86.37,1
12,169,0,0,1,0,0,0,0,2,86.37,1
12,170,0,0,1,0,0,0,0,2,86.37,1
12,172,0,0,1,0,0,0,0,2,86.37,1
12,176,0,0,1,0,0,0,0,2,86.37,1
12,180,0,0,1,0,0,0,0,2,86.37,1
12,192,0,0,1,0,0,0,0,2,86.37,1
12,204,0,0,1,0,0,0,0,2,86.37,1
13,0,1,500,1,250,12,1,.,1,57.17,1
13,0.5,0,0,1,0,0,0,0,1,57.17,1
13,1,0,0,1,0,0,0,0,1,57.17,1
13,2,0,0,1,0,0,0,0,1,57.17,1
13,4,0,0,1,0,0,0,0,1,57.17,1
13,6,0,0,1,0,0,0,0,1,57.17,1
13,9,0,0,1,0,0,0,0,1,57.17,1
13,11.9,0,0,1,0,0,0,0,1,57.17,1
13,168,3,0,1,0,0,0,.,2,49.13,1
13,168,1,800,1,400,0,0,.,2,49.13,1
13,168.5,0,0,1,0,0,0,0,2,49.13,1
13,169,0,0,1,0,0,0,0,2,49.13,1
13,170,0,0,1,0,0,0,0,2,49.13,1
13,172,0,0,1,0,0,0,0,2,49.13,1
13,176,0,0,1,0,0,0,0,2,49.13,1
13,180,0,0,1,0,0,0,0,2,49.13,1
13,192,0,0,1,0,0,0,0,2,49.13,1
13,204,0,0,1,0,0,0,0,2,49.13,1
14,0,1,500,1,250,12,1,.,1,66.02,1
14,0.5,0,0,1,0,0,0,0,1,66.02,1
14,1,0,0,1,0,0,0,0,1,66.02,1
14,2,0,0,1,0,0,0,0,1,66.02,1
14,4,0,0,1,0,0,0,0,1,66.02,1
14,6,0,0,1,0,0,0,0,1,66.02,1
14,9,0,0,1,0,0,0,0,1,66.02,1
14,11.9,0,0,1,0,0,0,0,1,66.02,1
14,168,3,0,1,0,0,0,.,2,67.36,1
14,168,1,800,1,400,0,0,.,2,67.36,1
14,168.5,0,0,1,0,0,0,0,2,67.36,1
14,169,0,0,1,0,0,0,0,2,67.36,1
14,170,0,0,1,0,0,0,0,2,67.36,1
14,172,0,0,1,0,0,0,0,2,67.36,1
14,176,0,0,1,0,0,0,0,2,67.36,1
14,180,0,0,1,0,0,0,0,2,67.36,1
14,192,0,0,1,0,0,0,0,2,67.36,1
14,204,0,0,1,0,0,0,0,2,67.36,1
15,0,1,500,1,250,12,1,.,1,90.54,0
15,0.5,0,0,1,0,0,0,0,1,90.54,0
15,1,0,0,1,0,0,0,0,1,90.54,0
15,2,0,0,1,0,0,0,0,1,90.54,0
15,4,0,0,1,0,0,0,0,1,90.54,0
15,6,0,0,1,0,0,0,0,1,90.54,0
15,9,0,0,1,0,0,0,0,1,90.54,0
15,11.9,0,0,1,0,0,0,0,1,90.54,0
15,168,3,0,1,0,0,0,.,2,99.00,0
15,168,1,800,1,400,0,0,.,2,99.00,0
15,168.5,0,0,1,0,0,0,0,2,99.00,0
15,169,0,0,1,0,0,0,0,2,99.00,0
15,170,0,0,1,0,0,0,0,2,99.00,0
15,172,0,0,1,0,0,0,0,2,99.00,0
15,176,0,0,1,0,0,0,0,2,99.00,0
15,180,0,0,1,0,0,0,0,2,99.00,0
15,192,0,0,1,0,0,0,0,2,99.00,0
15,204,0,0,1,0,0,0,0,2,99.00,0
16,0,1,500,1,250,12,1,.,1,88.76,0
16,0.5,0,0,1,0,0,0,0,1,88.76,0
16,1,0,0,1,0,0,0,0,1,88.76,0
16,2,0,0,1,0,0,0,0,1,88.76,0
16,4,0,0,1,0,0,0,0,1,88.76,0
16,6,0,0,1,0,0,0,0,1,88.76,0
16,9,0,0,1,0,0,0,0,1,88.76,0
16,11.9,0,0,1,0,0,0,0,1,88.76,0
16,168,3,0,1,0,0,0,.,2,95.93,0
16,168,1,800,1,400,0,0,.,2,95.93,0
16,168.5,0,0,1,0,0,0,0,2,95.93,0
16,169,0,0,1,0,0,0,0,2,95.93,0
16,170,0,0,1,0,0,0,0,2,95.93,0
16,172,0,0,1,0,0,0,0,2,95.93,0
16,176,0,0,1,0,0,0,0,2,95.93,0
16,180,0,0,1,0,0,0,0,2,95.93,0
16,192,0,0,1,0,0,0,0,2,95.93,0
16,204,0,0,1,0,0,0,0,2,95.93,0
17,0,1,500,1,250,12,1,.,1,53.49,0
17,0.5,0,0,1,0,0,0,0,1,53.49,0
17,1,0,0,1,0,0,0,0,1,53.49,0
17,2,0,0,1,0,0,0,0,1,53.49,0
17,4,0,0,1,0,0,0,0,1,53.49,0
17,6,0,0,1,0,0,0,0,1,53.49,0
17,9,0,0,1,0,0,0,0,1,53.49,0
17,11.9,0,0,1,0,0,0,0,1,53.49,0
17,168,3,0,1,0,0,0,.,2,51.59,0
17,168,1,800,1,400,0,0,.,2,51.59,0
17,168.5,0,0,1,0,0,0,0,2,51.59,0
17,169,0,0,1,0,0,0,0,2,51.59,0
17,170,0,0,1,0,0,0,0,2,51.59,0
17,172,0,0,1,0,0,0,0,2,51.59,0
17,176,0,0,1,0,0,0,0,2,51.59,0
17,180,0,0,1,0,0,0,0,2,51.59,0
17,192,0,0,1,0,0,0,0,2,51.59,0
17,204,0,0,1,0,0,0,0,2,51.59,0
18,0,1,500,1,250,12,1,.,1,59.12,1
18,0.5,0,0,1,0,0,0,0,1,59.12,1
18,1,0,0,1,0,0,0,0,1,59.12,1
18,2,0,0,1,0,0,0,0,1,59.12,1
18,4,0,0,1,0,0,0,0,1,59.12,1
18,6,0,0,1,0,0,0,0,1,59.12,1
18,9,0,0,1,0,0,0,0,1,59.12,1
18,11.9,0,0,1,0,0,0,0,1,59.12,1
18,168,3,0,1,0,0,0,.,2,67.94,1
18,168,1,800,1,400,0,0,.,2,67.94,1
18,168.5,0,0,1,0,0,0,0,2,67.94,1
18,169,0,0,1,0,0,0,0,2,67.94,1
18,170,0,0,1,0,0,0,0,2,67.94,1
18,172,0,0,1,0,0,0,0,2,67.94,1
18,176,0,0,1,0,0,0,0,2,67.94,1
18,180,0,0,1,0,0,0,0,2,67.94,1
18,192,0,0,1,0,0,0,0,2,67.94,1
18,204,0,0,1,0,0,0,0,2,67.94,1
19,0,1,500,1,250,12,1,.,1,57.54,1
19,0.5,0,0,1,0,0,0,0,1,57.54,1
19,1,0,0,1,0,0,0,0,1,57.54,1
19,2,0,0,1,0,0,0,0,1,57.54,1
19,4,0,0,1,0,0,0,0,1,57.54,1
19,6,0,0,1,0,0,0,0,1,57.54,1
19,9,0,0,1,0,0,0,0,1,57.54,1
19,11.9,0,0,1,0,0,0,0,1,57.54,1
19,168,3,0,1,0,0,0,.,2,56.10,1
19,168,1,800,1,400,0,0,.,2,56.10,1
19,168.5,0,0,1,0,0,0,0,2,56.10,1
19,169,0,0,1,0,0,0,0,2,56.10,1
19,170,0,0,1,0,0,0,0,2,56.10,1
19,172,0,0,1,0,0,0,0,2,56.10,1
19,176,0,0,1,0,0,0,0,2,56.10,1
19,180,0,0,1,0,0,0,0,2,56.10,1
19,192,0,0,1,0,0,0,0,2,56.10,1
19,204,0,0,1,0,0,0,0,2,56.10,1
20,0,1,500,1,250,12,1,.,1,76.12,1
20,0.5,0,0,1,0,0,0,0,1,76.12,1
20,1,0,0,1,0,0,0,0,1,76.12,1
20,2,0,0,1,0,0,0,0,1,76.12,1
20,4,0,0,1,0,0,0,0,1,76.12,1
20,6,0,0,1,0,0,0,0,1,76.12,1
20,9,0,0,1,0,0,0,0,1,76.12,1
20,11.9,0,0,1,0,0,0,0,1,76.12,1
20,168,3,0,1,0,0,0,.,2,82.51,1
20,168,1,800,1,400,0,0,.,2,82.51,1
20,168.5,0,0,1,0,0,0,0,2,82.51,1
20,169,0,0,1,0,0,0,0,2,82.51,1
20,170,0,0,1,0,0,0,0,2,82.51,1
20,172,0,0,1,0,0,0,0,2,82.51,1
20,176,0,0,1,0,0,0,0,2,82.51,1
20,180,0,0,1,0,0,0,0,2,82.51,1
20,192,0,0,1,0,0,0,0,2,82.51,1
20,204,0,0,1,0,0,0,0,2,82.51,1
21,0,1,500,1,250,12,1,.,1,60.56,1
21,0.5,0,0,1,0,0,0,0,1,60.56,1
21,1,0,0,1,0,0,0,0,1,60.56,1
21,2,0,0,1,0,0,0,0,1,60.56,1
21,4,0,0,1,0,0,0,0,1,60.56,1
21,6,0,0,1,0,0,0,0,1,60.56,1
21,9,0,0,1,0,0,0,0,1,60.56,1
21,11.9,0,0,1,0,0,0,0,1,60.56,1
21,168,3,0,1,0,0,0,.,2,57.67,1
21,168,1,800,1,400,0,0,.,2,57.67,1
21,168.5,0,0,1,0,0,0,0,2,57.67,1
21,169,0,0,1,0,0,0,0,2,57.67,1
21,170,0,0,1,0,0,0,0,2,57.67,1
21,172,0,0,1,0,0,0,0,2,57.67,1
21,176,0,0,1,0,0,0,0,2,57.67,1
21,180,0,0,1,0,0,0,0,2,57.67,1
21,192,0,0,1,0,0,0,0,2,57.67,1
21,204,0,0,1,0,0,0,0,2,57.67,1
22,0,1,500,1,250,12,1,.,1,55.24,1
22,0.5,0,0,1,0,0,0,0,1,55.24,1
22,1,0,0,1,0,0,0,0,1,55.24,1
22,2,0,0,1,0,0,0,0,1,55.24,1
22,4,0,0,1,0,0,0,0,1,55.24,1
22,6,0,0,1,0,0,0,0,1,55.24,1
22,9,0,0,1,0,0,0,0,1,55.24,1
22,11.9,0,0,1,0,0,0,0,1,55.24,1
22,168,3,0,1,0,0,0,.,2,56.26,1
22,168,1,800,1,400,0,0,.,2,56.26,1
22,168.5,0,0,1,0,0,0,0,2,56.26,1
22,169,0,0,1,0,0,0,0,2,56.26,1
22,170,0,0,1,0,0,0,0,2,56.26,1
22,172,0,0,1,0,0,0,0,2,56.26,1
22,176,0,0,1,0,0,0,0,2,56.26,1
22,180,0,0,1,0,0,0,0,2,56.26,1
22,192,0,0,1,0,0,0,0,2,56.26,1
22,204,0,0,1,0,0,0,0,2,56.26,1
23,0,1,500,1,250,12,1,.,1,96.40,0
23,0.5,0,0,1,0,0,0,0,1,96.40,0
23,1,0,0,1,0,0,0,0,1,96.40,0
23,2,0,0,1,0,0,0,0,1,96.40,0
23,4,0,0,1,0,0,0,0,1,96.40,0
23,6,0,0,1,0,0,0,0,1,96.40,0
23,9,0,0,1,0,0,0,0,1,96.40,0
23,11.9,0,0,1,0,0,0,0,1,96.40,0
23,168,3,0,1,0,0,0,.,2,89.36,0
23,168,1,800,1,400,0,0,.,2,89.36,0
23,168.5,0,0,1,0,0,0,0,2,89.36,0
23,169,0,0,1,0,0,0,0,2,89.36,0
23,170,0,0,1,0,0,0,0,2,89.36,0
23,172,0,0,1,0,0,0,0,2,89.36,0
23,176,0,0,1,0,0,0,0,2,89.36,0
23,180,0,0,1,0,0,0,0,2,89.36,0
23,192,0,0,1,0,0,0,0,2,89.36,0
23,204,0,0,1,0,0,0,0,2,89.36,0
24,0,1,500,1,250,12,1,.,1,61.10,1
24,0.5,0,0,1,0,0,0,0,1,61.10,1
24,1,0,0,1,0,0,0,0,1,61.10,1
24,2,0,0,1,0,0,0,0,1,61.10,1
24,4,0,0,1,0,0,0,0,1,61.10,1
24,6,0,0,1,0,0,0,0,1,61.10,1
24,9,0,0,1,0,0,0,0,1,61.10,1
24,11.9,0,0,1,0,0,0,0,1,61.10,1
24,168,3,0,1,0,0,0,.,2,62.60,1
24,168,1,800,1,400,0,0,.,2,62.60,1
24,168.5,0,0,1,0,0,0,0,2,62.60,1
24,169,0,0,1,0,0,0,0,2,62.60,1
24,170,0,0,1,0,0,0,0,2,62.60,1
24,172,0,0,1,0,0,0,0,2,62.60,1
24,176,0,0,1,0,0,0,0,2,62.60,1
24,180,0,0,1,0,0,0,0,2,62.60,1
24,192,0,0,1,0,0,0,0,2,62.60,1
24,204,0,0,1,0,0,0,0,2,62.60,1
25,0,1,500,1,250,12,1,.,1,98.25,0
25,0.5,0,0,1,0,0,0,0,1,98.25,0
25,1,0,0,1,0,0,0,0,1,98.25,0
25,2,0,0,1,0,0,0,0,1,98.25,0
25,4,0,0,1,0,0,0,0,1,98.25,0
25,6,0,0,1,0,0,0,0,1,98.25,0
25,9,0,0,1,0,0,0,0,1,98.25,0
25,11.9,0,0,1,0,0,0,0,1,98.25,0
25,168,3,0,1,0,0,0,.,2,85.72,0
25,168,1,800,1,400,0,0,.,2,85.72,0
25,168.5,0,0,1,0,0,0,0,2,85.72,0
25,169,0,0,1,0,0,0,0,2,85.72,0
25,170,0,0,1,0,0,0,0,2,85.72,0
25,172,0,0,1,0,0,0,0,2,85.72,0
25,176,0,0,1,0,0,0,0,2,85.72,0
25,180,0,0,1,0,0,0,0,2,85.72,0
25,192,0,0,1,0,0,0,0,2,85.72,0
25,204,0,0,1,0,0,0,0,2,85.72,0
26,0,1,500,1,250,12,1,.,1,66.29,1
26,0.5,0,0,1,0,0,0,0,1,66.29,1
26,1,0,0,1,0,0,0,0,1,66.29,1
26,2,0,0,1,0,0,0,0,1,66.29,1
26,4,0,0,1,0,0,0,0,1,66.29,1
26,6,0,0,1,0,0,0,0,1,66.29,1
26,9,0,0,1,0,0,0,0,1,66.29,1
26,11.9,0,0,1,0,0,0,0,1,66.29,1
26,168,3,0,1,0,0,0,.,2,75.19,1
26,168,1,800,1,400,0,0,.,2,75.19,1
26,168.5,0,0,1,0,0,0,0,2,75.19,1
26,169,0,0,1,0,0,0,0,2,75.19,1
26,170,0,0,1,0,0,0,0,2,75.19,1
26,172,0,0,1,0,0,0,0,2,75.19,1
26,176,0,0,1,0,0,0,0,2,75.19,1
26,180,0,0,1,0,0,0,0,2,75.19,1
26,192,0,0,1,0,0,0,0,2,75.19,1
26,204,0,0,1,0,0,0,0,2,75.19,1
27,0,1,500,1,250,12,1,.,1,63.63,0
27,0.5,0,0,1,0,0,0,0,1,63.63,0
27,1,0,0,1,0,0,0,0,1,63.63,0
27,2,0,0,1,0,0,0,0,1,63.63,0
27,4,0,0,1,0,0,0,0,1,63.63,0
27,6,0,0,1,0,0,0,0,1,63.63,0
27,9,0,0,1,0,0,0,0,1,63.63,0
27,11.9,0,0,1,0,0,0,0,1,63.63,0
27,168,3,0,1,0,0,0,.,2,69.83,0
27,168,1,800,1,400,0,0,.,2,69.83,0
27,168.5,0,0,1,0,0,0,0,2,69.83,0
27,169,0,0,1,0,0,0,0,2,69.83,0
27,170,0,0,1,0,0,0,0,2,69.83,0
27,172,0,0,1,0,0,0,0,2,69.83,0
27,176,0,0,1,0,0,0,0,2,69.83,0
27,180,0,0,1,0,0,0,0,2,69.83,0
27,192,0,0,1,0,0,0,0,2,69.83,0
27,204,0,0,1,0,0,0,0,2,69.83,0
28,0,1,500,1,250,12,1,.,1,55.71,0
28,0.5,0,0,1,0,0,0,0,1,55.71,0
28,1,0,0,1,0,0,0,0,1,55.71,0
28,2,0,0,1,0,0,0,0,1,55.71,0
28,4,0,0,1,0,0,0,0,1,55.71,0
28,6,0,0,1,0,0,0,0,1,55.71,0
28,9,0,0,1,0,0,0,0,1,55.71,0
28,11.9,0,0,1,0,0,0,0,1,55.71,0
28,168,3,0,1,0,0,0,.,2,61.41,0
28,168,1,800,1,400,0,0,.,2,61.41,0
28,168.5,0,0,1,0,0,0,0,2,61.41,0
28,169,0,0,1,0,0,0,0,2,61.41,0
28,170,0,0,1,0,0,0,0,2,61.41,0
28,172,0,0,1,0,0,0,0,2,61.41,0
28,176,0,0,1,0,0,0,0,2,61.41,0
28,180,0,0,1,0,0,0,0,2,61.41,0
28,192,0,0,1,0,0,0,0,2,61.41,0
28,204,0,0,1,0,0,0,0,2,61.41,0
29,0,1,500,1,250,12,1,.,1,54.28,0
29,0.5,0,0,1,0,0,0,0,1,54.28,0
29,1,0,0,1,0,0,0,0,1,54.28,0
29,2,0,0,1,0,0,0,0,1,54.28,0
29,4,0,0,1,0,0,0,0,1,54.28,0
29,6,0,0,1,0,0,0,0,1,54.28,0
29,9,0,0,1,0,0,0,0,1,54.28,0
29,11.9,0,0,1,0,0,0,0,1,54.28,0
29,168,3,0,1,0,0,0,.,2,51.45,0
29,168,1,800,1,400,0,0,.,2,51.45,0
29,168.5,0,0,1,0,0,0,0,2,51.45,0
29,169,0,0,1,0,0,0,0,2,51.45,0
29,170,0,0,1,0,0,0,0,2,51.45,0
29,172,0,0,1,0,0,0,0,2,51.45,0
29,176,0,0,1,0,0,0,0,2,51.45,0
29,180,0,0,1,0,0,0,0,2,51.45,0
29,192,0,0,1,0,0,0,0,2,51.45,0
29,204,0,0,1,0,0,0,0,2,51.45,0
30,0,1,500,1,250,12,1,.,1,71.59,0
30,0.5,0,0,1,0,0,0,0,1,71.59,0
30,1,0,0,1,0,0,0,0,1,71.59,0
30,2,0,0,1,0,0,0,0,1,71.59,0
30,4,0,0,1,0,0,0,0,1,71.59,0
30,6,0,0,1,0,0,0,0,1,71.59,0
30,9,0,0,1,0,0,0,0,1,71.59,0
30,11.9,0,0,1,0,0,0,0,1,71.59,0
30,168,3,0,1,0,0,0,.,2,78.81,0
30,168,1,800,1,400,0,0,.,2,78.81,0
30,168.5,0,0,1,0,0,0,0,2,78.81,0
30,169,0,0,1,0,0,0,0,2,78.81,0
30,170,0,0,1,0,0,0,0,2,78.81,0
30,172,0,0,1,0,0,0,0,2,78.81,0
30,176,0,0,1,0,0,0,0,2,78.81,0
30,180,0,0,1,0,0,0,0,2,78.81,0
30,192,0,0,1,0,0,0,0,2,78.81,0
30,204,0,0,1,0,0,0,0,2,78.81,0
31,0,1,500,1,250,12,1,.,1,98.72,0
31,0.5,0,0,1,0,0,0,0,1,98.72,0
31,1,0,0,1,0,0,0,0,1,98.72,0
31,2,0,0,1,0,0,0,0,1,98.72,0
31,4,0,0,1,0,0,0,0,1,98.72,0
31,6,0,0,1,0,0,0,0,1,98.72,0
31,9,0,0,1,0,0,0,0,1,98.72,0
31,11.9,0,0,1,0,0,0,0,1,98.72,0
31,168,3,0,1,0,0,0,.,2,110.77,0
31,168,1,800,1,400,0,0,.,2,110.77,0
31,168.5,0,0,1,0,0,0,0,2,110.77,0
31,169,0,0,1,0,0,0,0,2,110.77,0
31,170,0,0,1,0,0,0,0,2,110.77,0
31,172,0,0,1,0,0,0,0,2,110.77,0
31,176,0,0,1,0,0,0,0,2,110.77,0
31,180,0,0,1,0,0,0,0,2,110.77,0
31,192,0,0,1,0,0,0,0,2,110.77,0
31,204,0,0,1,0,0,0,0,2,110.77,0
32,0,1,500,1,250,12,1,.,1,84.12,0
32,0.5,0,0,1,0,0,0,0,1,84.12,0
32,1,0,0,1,0,0,0,0,1,84.12,0
32,2,0,0,1,0,0,0,0,1,84.12,0
32,4,0,0,1,0,0,0,0,1,84.12,0
32,6,0,0,1,0,0,0,0,1,84.12,0
32,9,0,0,1,0,0,0,0,1,84.12,0
32,11.9,0,0,1,0,0,0,0,1,84.12,0
32,168,3,0,1,0,0,0,.,2,81.25,0
32,168,1,800,1,400,0,0,.,2,81.25,0
32,168.5,0,0,1,0,0,0,0,2,81.25,0
32,169,0,0,1,0,0,0,0,2,81.25,0
32,170,0,0,1,0,0,0,0,2,81.25,0
32,172,0,0,1,0,0,0,0,2,81.25,0
32,176,0,0,1,0,0,0,0,2,81.25,0
32,180,0,0,1,0,0,0,0,2,81.25,0
32,192,0,0,1,0,0,0,0,2,81.25,0
32,204,0,0,1,0,0,0,0,2,81.25,0
33,0,1,500,1,250,12,1,.,1,57.64,0
33,0.5,0,0,1,0,0,0,0,1,57.64,0
33,1,0,0,1,0,0,0,0,1,57.64,0
33,2,0,0,1,0,0,0,0,1,57.64,0
33,4,0,0,1,0,0,0,0,1,57.64,0
33,6,0,0,1,0,0,0,0,1,57.64,0
33,9,0,0,1,0,0,0,0,1,57.64,0
33,11.9,0,0,1,0,0,0,0,1,57.64,0
33,168,3,0,1,0,0,0,.,2,58.30,0
33,168,1,800,1,400,0,0,.,2,58.30,0
33,168.5,0,0,1,0,0,0,0,2,58.30,0
33,169,0,0,1,0,0,0,0,2,58.30,0
33,170,0,0,1,0,0,0,0,2,58.30,0
33,172,0,0,1,0,0,0,0,2,58.30,0
33,176,0,0,1,0,0,0,0,2,58.30,0
33,180,0,0,1,0,0,0,0,2,58.30,0
33,192,0,0,1,0,0,0,0,2,58.30,0
33,204,0,0,1,0,0,0,0,2,58.30,0
34,0,1,500,1,250,12,1,.,1,77.54,1
34,0.5,0,0,1,0,0,0,0,1,77.54,1
34,1,0,0,1,0,0,0,0,1,77.54,1
34,2,0,0,1,0,0,0,0,1,77.54,1
34,4,0,0,1,0,0,0,0,1,77.54,1
34,6,0,0,1,0,0,0,0,1,77.54,1
34,9,0,0,1,0,0,0,0,1,77.54,1
34,11.9,0,0,1,0,0,0,0,1,77.54,1
34,168,3,0,1,0,0,0,.,2,77.56,1
34,168,1,800,1,400,0,0,.,2,77.56,1
34,168.5,0,0,1,0,0,0,0,2,77.56,1
34,169,0,0,1,0,0,0,0,2,77.56,1
34,170,0,0,1,0,0,0,0,2,77.56,1
34,172,0,0,1,0,0,0,0,2,77.56,1
34,176,0,0,1,0,0,0,0,2,77.56,1
34,180,0,0,1,0,0,0,0,2,77.56,1
34,192,0,0,1,0,0,0,0,2,77.56,1
34,204,0,0,1,0,0,0,0,2,77.56,1
35,0,1,500,1,250,12,1,.,1,59.44,1
35,0.5,0,0,1,0,0,0,0,1,59.44,1
35,1,0,0,1,0,0,0,0,1,59.44,1
35,2,0,0,1,0,0,0,0,1,59.44,1
35,4,0,0,1,0,0,0,0,1,59.44,1
35,6,0,0,1,0,0,0,0,1,59.44,1
35,9,0,0,1,0,0,0,0,1,59.44,1
35,11.9,0,0,1,0,0,0,0,1,59.44,1
35,168,3,0,1,0,0,0,.,2,52.60,1
35,168,1,800,1,400,0,0,.,2,52.60,1
35,168.5,0,0,1,0,0,0,0,2,52.60,1
35,169,0,0,1,0,0,0,0,2,52.60,1
35,170,0,0,1,0,0,0,0,2,52.60,1
35,172,0,0,1,0,0,0,0,2,52.60,1
35,176,0,0,1,0,0,0,0,2,52.60,1
35,180,0,0,1,0,0,0,0,2,52.60,1
35,192,0,0,1,0,0,0,0,2,52.60,1
35,204,0,0,1,0,0,0,0,2,52.60,1
36,0,1,500,1,250,12,1,.,1,71.46,1
36,0.5,0,0,1,0,0,0,0,1,71.46,1
36,1,0,0,1,0,0,0,0,1,71.46,1
36,2,0,0,1,0,0,0,0,1,71.46,1
36,4,0,0,1,0,0,0,0,1,71.46,1
36,6,0,0,1,0,0,0,0,1,71.46,1
36,9,0,0,1,0,0,0,0,1,71.46,1
36,11.9,0,0,1,0,0,0,0,1,71.46,1
36,168,3,0,1,0,0,0,.,2,68.31,1
36,168,1,800,1,400,0,0,.,2,68.31,1
36,168.5,0,0,1,0,0,0,0,2,68.31,1
36,169,0,0,1,0,0,0,0,2,68.31,1
36,170,0,0,1,0,0,0,0,2,68.31,1
36,172,0,0,1,0,0,0,0,2,68.31,1
36,176,0,0,1,0,0,0,0,2,68.31,1
36,180,0,0,1,0,0,0,0,2,68.31,1
36,192,0,0,1,0,0,0,0,2,68.31,1
36,204,0,0,1,0,0,0,0,2,68.31,1
37,0,1,500,1,250,12,1,.,1,90.74,0
37,0.5,0,0,1,0,0,0,0,1,90.74,0
37,1,0,0,1,0,0,0,0,1,90.74,0
37,2,0,0,1,0,0,0,0,1,90.74,0
37,4,0,0,1,0,0,0,0,1,90.74,0
37,6,0,0,1,0,0,0,0,1,90.74,0
37,9,0,0,1,0,0,0,0,1,90.74,0
37,11.9,0,0,1,0,0,0,0,1,90.74,0
37,168,3,0,1,0,0,0,.,2,100.26,0
37,168,1,800,1,400,0,0,.,2,100.26,0
37,168.5,0,0,1,0,0,0,0,2,100.26,0
37,169,0,0,1,0,0,0,0,2,100.26,0
37,170,0,0,1,0,0,0,0,2,100.26,0
37,172,0,0,1,0,0,0,0,2,100.26,0
37,176,0,0,1,0,0,0,0,2,100.26,0
37,180,0,0,1,0,0,0,0,2,100.26,0
37,192,0,0,1,0,0,0,0,2,100.26,0
37,204,0,0,1,0,0,0,0,2,100.26,0
38,0,1,500,1,250,12,1,.,1,51.30,1
38,0.5,0,0,1,0,0,0,0,1,51.30,1
38,1,0,0,1,0,0,0,0,1,51.30,1
38,2,0,0,1,0,0,0,0,1,51.30,1
38,4,0,0,1,0,0,0,0,1,51.30,1
38,6,0,0,1,0,0,0,0,1,51.30,1
38,9,0,0,1,0,0,0,0,1,51.30,1
38,11.9,0,0,1,0,0,0,0,1,51.30,1
38,168,3,0,1,0,0,0,.,2,46.42,1
38,168,1,800,1,400,0,0,.,2,46.42,1
38,168.5,0,0,1,0,0,0,0,2,46.42,1
38,169,0,0,1,0,0,0,0,2,46.42,1
38,170,0,0,1,0,0,0,0,2,46.42,1
38,172,0,0,1,0,0,0,0,2,46.42,1
38,176,0,0,1,0,0,0,0,2,46.42,1
38,180,0,0,1,0,0,0,0,2,46.42,1
38,192,0,0,1,0,0,0,0,2,46.42,1
38,204,0,0,1,0,0,0,0,2,46.42,1
39,0,1,500,1,250,12,1,.,1,94.47,1
39,0.5,0,0,1,0,0,0,0,1,94.47,1
39,1,0,0,1,0,0,0,0,1,94.47,1
39,2,0,0,1,0,0,0,0,1,94.47,1
39,4,0,0,1,0,0,0,0,1,94.47,1
39,6,0,0,1,0,0,0,0,1,94.47,1
39,9,0,0,1,0,0,0,0,1,94.47,1
39,11.9,0,0,1,0,0,0,0,1,94.47,1
39,168,3,0,1,0,0,0,.,2,100.85,1
39,168,1,800,1,400,0,0,.,2,100.85,1
39,168.5,0,0,1,0,0,0,0,2,100.85,1
39,169,0,0,1,0,0,0,0,2,100.85,1
39,170,0,0,1,0,0,0,0,2,100.85,1
39,172,0,0,1,0,0,0,0,2,100.85,1
39,176,0,0,1,0,0,0,0,2,100.85,1
39,180,0,0,1,0,0,0,0,2,100.85,1
39,192,0,0,1,0,0,0,0,2,100.85,1
39,204,0,0,1,0,0,0,0,2,100.85,1
40,0,1,500,1,250,12,1,.,1,91.83,0
40,0.5,0,0,1,0,0,0,0,1,91.83,0
40,1,0,0,1,0,0,0,0,1,91.83,0
40,2,0,0,1,0,0,0,0,1,91.83,0
40,4,0,0,1,0,0,0,0,1,91.83,0
40,6,0,0,1,0,0,0,0,1,91.83,0
40,9,0,0,1,0,0,0,0,1,91.83,0
40,11.9,0,0,1,0,0,0,0,1,91.83,0
40,168,3,0,1,0,0,0,.,2,103.31,0
40,168,1,800,1,400,0,0,.,2,103.31,0
40,168.5,0,0,1,0,0,0,0,2,103.31,0
40,169,0,0,1,0,0,0,0,2,103.31,0
40,170,0,0,1,0,0,0,0,2,103.31,0
40,172,0,0,1,0,0,0,0,2,103.31,0
40,176,0,0,1,0,0,0,0,2,103.31,0
40,180,0,0,1,0,0,0,0,2,103.31,0
40,192,0,0,1,0,0,0,0,2,103.31,0
40,204,0,0,1,0,0,0,0,2,103.31,0