sheet,variable,description,type,units,codes_or_allowed_values
S1_primary_sim_data,dataset,Dataset identifier: <model>__<sampling>__<replicate> (primary) or <model>__<replicate> (additional),text,,
S1_primary_sim_data,model,Structural model used to simulate the data,categorical (text),,1cmt_iv = one-compartment IV bolus; 1cmt_oral = one-compartment first-order oral absorption; 2cmt_iv = two-compartment IV bolus; 2cmt_oral = two-compartment first-order oral absorption
S1_primary_sim_data,sampling,Sampling design of the primary simulation,categorical (text),,"rich = 0.25, 0.5, 1, 2, 4, 6, 8, 12, 18, 24 h; sparse = 1, 8, 24 h"
S1_primary_sim_data,replicate,Replicate index within a model and sampling design,integer,,"0-99 (primary), 0-9 (additional)"
S1_primary_sim_data,seed,Random-number seed used to generate the dataset,integer,,
S1_primary_sim_data,ID,Subject identifier within the dataset,integer,,Subjects are numbered 1..N within each dataset; identifiers are not shared across datasets
S1_primary_sim_data,TIME,Time after the first dose,numeric,h,Single dose in all datasets except tobramycin (repeated IV bolus doses)
S1_primary_sim_data,AMT,Dose amount; empty on observation records,numeric,mg,
S1_primary_sim_data,DV,Observed plasma concentration; empty on dose records,numeric,mg/L,"Simulated data, theophylline, warfarin and tobramycin: mg/L"
S1_primary_sim_data,EVID,Event identifier (NONMEM convention),categorical (numeric code),,0 = observation record; 1 = dose record
S1_primary_sim_data,MDV,Missing dependent variable flag (NONMEM convention),categorical (numeric code),,0 = DV is an observation used in estimation; 1 = no observation on this record (dose record)
S1_primary_sim_data,CMT,Compartment receiving the dose or observed,categorical (numeric code),,IV models: 1 = central compartment (dose and observations). Oral models: 1 = depot (absorption) compartment receiving the dose; 2 = central compartment where concentrations are observed
S1_primary_sim_data,ETA_CL_TRUE,True individual random effect on log CL used for simulation,numeric,log scale,
S1_primary_sim_data,ETA_V_TRUE,True individual random effect on log V (one-compartment models),numeric,log scale,
S2_primary_estimates,dataset,Dataset identifier: <model>__<sampling>__<replicate> (primary) or <model>__<replicate> (additional),text,,
S2_primary_estimates,sampling,Sampling design of the primary simulation,categorical (text),,"rich = 0.25, 0.5, 1, 2, 4, 6, 8, 12, 18, 24 h; sparse = 1, 8, 24 h"
S2_primary_estimates,replicate,Replicate index within a model and sampling design,integer,,"0-99 (primary), 0-9 (additional)"
S2_primary_estimates,seed,Random-number seed used to generate the dataset,integer,,
S2_primary_estimates,method,Estimation program or method,categorical (text),,PKPy2 = joint marginal-likelihood estimation (this work); PKPy = original two-stage PKPy fitting components; Gaussian two-stage control = two-stage estimator with Gaussian individual likelihood and residual SD fixed at the generating value; nlmixr2 FOCEi = nlmixr2 first-order conditional estimation with interaction; nlmixr2 SAEM = nlmixr2 stochastic approximation EM; saemix SAEM = saemix R package
S2_primary_estimates,fit_status,Status reported by the program,categorical (text),,PKPy2: converged / not converged (independent numerical audit). PKPy and Gaussian control: number of successful individual fits. nlmixr2 and saemix: returned = estimates returned without error; error: <message>
S2_primary_estimates,accepted,Fit included in the numerically accepted population,categorical (numeric code),,1 = accepted; 0 = not accepted. PKPy2: passed the independent convergence audit. PKPy / Gaussian control: all individual fits successful. nlmixr2 / saemix: finite positive estimates returned
S2_primary_estimates,parameter,Population parameter,categorical (text),,"theta_CL = typical clearance (L/h); theta_V = typical volume (L); theta_V1, theta_Q, theta_V2, theta_Ka = two-compartment/absorption parameters (L, L/h, L, 1/h); omega_<P> = interindividual variance of log <P> (unitless); sigma_prop = proportional residual SD (unitless)"
S2_primary_estimates,estimate,Estimated value on the reporting scale,numeric,as parameter,
S2_primary_estimates,true_value,Generating (true) value used for simulation,numeric,as parameter,
S2_primary_estimates,relative_error,(estimate - true_value) / true_value,numeric,fraction,Multiply by 100 for percent
S2_primary_estimates,fit_seconds,Wall-clock time of the estimation call,numeric,s,Descriptive only; programs were run with different parallel settings
S2_primary_estimates,ci95_lower,Lower limit of the 95% local (Wald) confidence interval,numeric,as parameter,"PKPy2: all parameters, from the full marginal-likelihood information. nlmixr2 / saemix: CL and V only, Wald interval on the log scale from the program-reported standard error. Empty when unavailable"
S2_primary_estimates,ci95_upper,Upper limit of the 95% local (Wald) confidence interval,numeric,as parameter,See ci95_lower
S2_primary_estimates,ci95_covers_truth,Whether the 95% interval contains the true value,categorical (numeric code),,1 = interval contains true_value; 0 = does not; empty = no interval available
S2_primary_estimates,uncertainty_seconds,Wall-clock time of the PKPy2 uncertainty calculation,numeric,s,PKPy2 only
S2_primary_estimates,note,"Additional information (warnings, fixed terms)",text,,
S3_additional_sim_data,dataset,Dataset identifier: <model>__<sampling>__<replicate> (primary) or <model>__<replicate> (additional),text,,
S3_additional_sim_data,model,Structural model used to simulate the data,categorical (text),,1cmt_iv = one-compartment IV bolus; 1cmt_oral = one-compartment first-order oral absorption; 2cmt_iv = two-compartment IV bolus; 2cmt_oral = two-compartment first-order oral absorption
S3_additional_sim_data,replicate,Replicate index within a model and sampling design,integer,,"0-99 (primary), 0-9 (additional)"
S3_additional_sim_data,seed,Random-number seed used to generate the dataset,integer,,
S3_additional_sim_data,ID,Subject identifier within the dataset,integer,,Subjects are numbered 1..N within each dataset; identifiers are not shared across datasets
S3_additional_sim_data,TIME,Time after the first dose,numeric,h,Single dose in all datasets except tobramycin (repeated IV bolus doses)
S3_additional_sim_data,AMT,Dose amount; empty on observation records,numeric,mg,
S3_additional_sim_data,DV,Observed plasma concentration; empty on dose records,numeric,mg/L,"Simulated data, theophylline, warfarin and tobramycin: mg/L"
S3_additional_sim_data,EVID,Event identifier (NONMEM convention),categorical (numeric code),,0 = observation record; 1 = dose record
S3_additional_sim_data,MDV,Missing dependent variable flag (NONMEM convention),categorical (numeric code),,0 = DV is an observation used in estimation; 1 = no observation on this record (dose record)
S3_additional_sim_data,CMT,Compartment receiving the dose or observed,categorical (numeric code),,IV models: 1 = central compartment (dose and observations). Oral models: 1 = depot (absorption) compartment receiving the dose; 2 = central compartment where concentrations are observed
S3_additional_sim_data,ETA_CL_TRUE,True individual random effect on log CL used for simulation,numeric,log scale,
S3_additional_sim_data,ETA_V_TRUE,True individual random effect on log V (one-compartment models),numeric,log scale,
S3_additional_sim_data,ETA_V1_TRUE,True individual random effect on log V1 (two-compartment models),numeric,log scale,S3 only
S3_additional_sim_data,ETA_Ka_TRUE,True individual random effect on log Ka (oral models),numeric,log scale,S3 only
S4_additional_estimates,dataset,Dataset identifier: <model>__<sampling>__<replicate> (primary) or <model>__<replicate> (additional),text,,
S4_additional_estimates,model,Structural model used to simulate the data,categorical (text),,1cmt_iv = one-compartment IV bolus; 1cmt_oral = one-compartment first-order oral absorption; 2cmt_iv = two-compartment IV bolus; 2cmt_oral = two-compartment first-order oral absorption
S4_additional_estimates,replicate,Replicate index within a model and sampling design,integer,,"0-99 (primary), 0-9 (additional)"
S4_additional_estimates,seed,Random-number seed used to generate the dataset,integer,,
S4_additional_estimates,method,Estimation program or method,categorical (text),,PKPy2 = joint marginal-likelihood estimation (this work); PKPy = original two-stage PKPy fitting components; Gaussian two-stage control = two-stage estimator with Gaussian individual likelihood and residual SD fixed at the generating value; nlmixr2 FOCEi = nlmixr2 first-order conditional estimation with interaction; nlmixr2 SAEM = nlmixr2 stochastic approximation EM; saemix SAEM = saemix R package
S4_additional_estimates,fit_status,Status reported by the program,categorical (text),,PKPy2: converged / not converged (independent numerical audit). PKPy and Gaussian control: number of successful individual fits. nlmixr2 and saemix: returned = estimates returned without error; error: <message>
S4_additional_estimates,accepted,Fit included in the numerically accepted population,categorical (numeric code),,1 = accepted; 0 = not accepted. PKPy2: passed the independent convergence audit. PKPy / Gaussian control: all individual fits successful. nlmixr2 / saemix: finite positive estimates returned
S4_additional_estimates,parameter,Population parameter,categorical (text),,"theta_CL = typical clearance (L/h); theta_V = typical volume (L); theta_V1, theta_Q, theta_V2, theta_Ka = two-compartment/absorption parameters (L, L/h, L, 1/h); omega_<P> = interindividual variance of log <P> (unitless); sigma_prop = proportional residual SD (unitless)"
S4_additional_estimates,estimate,Estimated value on the reporting scale,numeric,as parameter,
S4_additional_estimates,true_value,Generating (true) value used for simulation,numeric,as parameter,
S4_additional_estimates,relative_error,(estimate - true_value) / true_value,numeric,fraction,Multiply by 100 for percent
S4_additional_estimates,fit_seconds,Wall-clock time of the estimation call,numeric,s,Descriptive only; programs were run with different parallel settings
S5_clinical_data,dataset,Clinical dataset,categorical (text),,theophylline = R datasets::Theoph (12 subjects); warfarin = warfarin PK dataset (32 subjects); tobramycin = tobramycin dataset of the PKGPT repository (97 subjects)
S5_clinical_data,ID,Subject identifier within the dataset,integer,,Subjects are numbered 1..N within each dataset; identifiers are not shared across datasets
S5_clinical_data,TIME,Time after the first dose,numeric,h,Single dose in all datasets except tobramycin (repeated IV bolus doses)
S5_clinical_data,AMT,Dose amount; empty on observation records,numeric,mg,
S5_clinical_data,DV,Observed plasma concentration; empty on dose records,numeric,mg/L,"Simulated data, theophylline, warfarin and tobramycin: mg/L"
S5_clinical_data,EVID,Event identifier (NONMEM convention),categorical (numeric code),,0 = observation record; 1 = dose record
S5_clinical_data,MDV,Missing dependent variable flag (NONMEM convention),categorical (numeric code),,0 = DV is an observation used in estimation; 1 = no observation on this record (dose record)
S5_clinical_data,CMT,Compartment receiving the dose or observed,categorical (numeric code),,IV models: 1 = central compartment (dose and observations). Oral models: 1 = depot (absorption) compartment receiving the dose; 2 = central compartment where concentrations are observed
S5_clinical_data,WT,Body weight,numeric,kg,Theophylline and warfarin: covariate on CL and V (reference 70 kg). Tobramycin: covariate on V1 (reference 62 kg)
S5_clinical_data,CLCR,Creatinine clearance (tobramycin only),numeric,mL/min,Covariate on CL (reference 58 mL/min); empty for other datasets
S6_clinical_estimates,dataset,Clinical dataset,categorical (text),,theophylline; warfarin; tobramycin
S6_clinical_estimates,parameter,Parameter label as used in Tables 3-5,categorical (text),,"CL/F (L/h) and V/F (L) standardised to 70 kg; K_a (1/h); ALAG = absorption lag time (h); tobramycin: CL, V1, Q, V2 at CLCR 58 mL/min and WT 62 kg, CLCR exponent = power coefficient of CLCR on CL; ω²(P) = interindividual variance of log P; σ_prop = proportional residual SD"
S6_clinical_estimates,software,Program providing the estimate,categorical (text),,NONMEM reference = published expert NONMEM estimates (PKGPT study); other levels as in method
S6_clinical_estimates,estimate,Parameter estimate,numeric,as parameter,
S6_clinical_estimates,rse_pct,"Relative standard error reported by, or derived from, the program",numeric,%,Empty when the program does not report it
S6_clinical_estimates,relative_difference_from_nonmem_pct,100 × (estimate - NONMEM) / NONMEM,numeric,%,
S6_clinical_estimates,note,Reason an estimate is unavailable,text,,
S7_prediction_checks,model,Structural model,categorical (text),,as in S1
S7_prediction_checks,case,Parameter/dosing condition index,integer,,0-11 within each model; conditions include single and repeated doses and equal or nearly equal rate constants
S7_prediction_checks,prediction_relative_scaled_error,Maximum scaled discrepancy of predicted concentrations vs an independent matrix-exponential calculation,numeric,unitless,
S7_prediction_checks,sensitivity_relative_scaled_error,Maximum scaled discrepancy of analytical parameter sensitivities vs finite differences of independent predictions,numeric,unitless,
S7_prediction_checks,score_relative_scaled_error,Maximum scaled discrepancy of the score,numeric,unitless,
S8_quadrature_checks,case,Quadrature comparison index,integer,,0-3
S8_quadrature_checks,sampling,Sampling design,categorical (text),,rich; sparse
S8_quadrature_checks,wt_effect_on_cl,Whether a body-weight effect on CL was estimated,categorical (text),,estimated; absent
S8_quadrature_checks,reference_ofv,OFV at the optimum of the independent quadrature implementation,numeric,-2 log L,
S8_quadrature_checks,pkpy2_ofv,OFV at the PKPy2 optimum,numeric,-2 log L,
S8_quadrature_checks,node_refinement_ofv_gap,"OFV change when quadrature nodes increased from 4,097 to 8,193",numeric,-2 log L,
S8_quadrature_checks,same_point_ofv_gap,OFV difference between PKPy2 and the reference at identical parameter values,numeric,-2 log L,
S8_quadrature_checks,maximum_coordinate_gap,Maximum absolute difference between optimized coordinates,numeric,coordinate units,
S8_quadrature_checks,hessian_step_relative_gap,Relative Hessian change between finite-difference steps,numeric,fraction,
S8_quadrature_checks,maximum_relative_coordinate_se_gap,Maximum relative difference in coordinate standard errors,numeric,fraction,
S8_quadrature_checks,passed,All predefined agreement criteria met,categorical (numeric code),,1 = passed; 0 = failed
S9_timing,model,Structural model,categorical (text),,as in S1
S9_timing,dose_events,Number of dose events in the history,integer,,"1, 10, 100, 1000"
S9_timing,observations,Number of prediction times,integer,,
S9_timing,repetitions_per_batch,Prediction calls averaged within a batch,integer,,
S9_timing,method,Prediction method,categorical (text),,direct = direct summation over all preceding doses; dispatch = recurrence-based dose-state propagation
S9_timing,batch,Batch number (method order alternated between batches),integer,,1-7
S9_timing,seconds_per_call,Mean wall-clock time per prediction call after compilation,numeric,s,
S10_event_prediction_checks,scenario,Prediction scenario,categorical (text),,"See Online Resource 1, Table S18"
S10_event_prediction_checks,model_type,System type,categorical (text),,linear; ODE
S10_event_prediction_checks,ID,Subject,integer,,
S10_event_prediction_checks,TIME,Time,numeric,h,
S10_event_prediction_checks,output,Model output,categorical (numeric code),,1 = first output (concentration); 2 = second output (response or metabolite)
S10_event_prediction_checks,pkpy2,PKPy2 prediction,numeric,output units,
S10_event_prediction_checks,rxode2,rxode2 prediction,numeric,output units,
S10_event_prediction_checks,scaled_difference,"|PKPy2 - rxode2| divided by max(|rxode2|, 1e-6 × largest value of the subject)",numeric,unitless,
S11_event_likelihood_checks,check,Comparison,categorical (text),,quadrature = independent Gauss-Hermite quadrature at fixed parameters; compact_interface = refit through the event-record interface vs compact-interface fit
S11_event_likelihood_checks,item,Model or dataset,text,,
S11_event_likelihood_checks,subjects,Subjects,integer,,
S11_event_likelihood_checks,observations,Observations,integer,,
S11_event_likelihood_checks,censored,Censored observations,integer,,
S11_event_likelihood_checks,status,PKPy2 convergence status,categorical (text),,converged; partial
S11_event_likelihood_checks,pkpy2_ofv_bank1,PKPy2 OFV (bank 1 or refit),numeric,-2 log L,
S11_event_likelihood_checks,pkpy2_ofv_bank2,PKPy2 OFV (bank 2),numeric,-2 log L,
S11_event_likelihood_checks,reference_ofv,Reference OFV (quadrature or compact interface),numeric,-2 log L,
S11_event_likelihood_checks,ofv_difference,PKPy2 minus reference,numeric,-2 log L,
S11_event_likelihood_checks,max_relative_estimate_difference_pct,Maximum relative difference of the estimates,numeric,%,
S12_diagnostic_checks,quantity,Diagnostic,categorical (text),,PRED; IPRED; IWRES; CWRES (standardized by its own variance); NPDE (upper Cholesky factor)
S12_diagnostic_checks,pkpy2,PKPy2 value,numeric,,
S12_diagnostic_checks,nlmixr2,nlmixr2 value,numeric,,
S13_event_comparisons,analysis,Dataset,categorical (text),,infusion_block_covariates; oral_blq_m3; lognormal_residual; michaelis_menten; warfarin_pkpd
S13_event_comparisons,parameter,Parameter (group:name) or exact OFV,text,,theta = typical value; coefficients = covariate coefficient; omega = variance; omega_covariance = covariance; iov = interoccasion variance; sigma = residual SD
S13_event_comparisons,true_value,Simulation value,numeric,as parameter,
S13_event_comparisons,pkpy2,PKPy2 estimate or OFV,numeric,as parameter,
S13_event_comparisons,nlmixr2_focei,nlmixr2 FOCEi estimate or exact OFV at its estimates,numeric,as parameter,
S13_event_comparisons,nlmixr2_saem,nlmixr2 SAEM estimate or exact OFV at its estimates,numeric,as parameter,warfarin_pkpd only
S14_event_recovery,design,Simulation design,categorical (text),,complex_linear = two-compartment steady-state infusion model; pkpd_idr = indirect-response PK/PD model
S14_event_recovery,replicate,Replicate,integer,,
S14_event_recovery,status,PKPy2 status,categorical (text),,converged; partial; error
S14_event_recovery,converged,Convergence,categorical (numeric code),,1 = converged; 0 = not converged
S14_event_recovery,ofv,OFV,numeric,-2 log L,
S14_event_recovery,seconds,Fit time,numeric,s,
S14_event_recovery,parameter,Parameter (group:name),text,,as in S13
S14_event_recovery,estimate,Estimate,numeric,as parameter,
S15_event_calibration,design,Simulation design,categorical (text),,as in S14
S15_event_calibration,replicate,Replicate,integer,,
S15_event_calibration,censored,Censored observations,integer,,
S15_event_calibration,n_npde,NPDE values,integer,,
S15_event_calibration,npde_mean,Mean NPDE,numeric,,
S15_event_calibration,npde_variance,NPDE variance,numeric,,
S15_event_calibration,npde_ks_p,"Kolmogorov-Smirnov p value of NPDE vs N(0, 1)",numeric,,
S15_event_calibration,cwres_mean,Mean CWRES,numeric,,
S15_event_calibration,cwres_variance,CWRES variance,numeric,,
S15_event_calibration,vpc_within_CP,"Fraction of observed VPC percentiles within the 95% intervals, concentration",numeric,fraction,
S15_event_calibration,vpc_within_R,Same for the PD response,numeric,fraction,pkpd_idr only
S16_interval_and_scm,analysis,Analysis,categorical (text),,theophylline_intervals; stepwise_covariates
S16_interval_and_scm,parameter,Reporting quantity,text,,"theta:CL, theta:V, theta:Ka, omega:<P> (variance), sigma:CP:proportional"
S16_interval_and_scm,method,Interval method,categorical (text),,wald; sandwich; profile; bootstrap; sir
S16_interval_and_scm,estimate,Estimate,numeric,as parameter,
S16_interval_and_scm,lower,95% lower limit,numeric,as parameter,
S16_interval_and_scm,upper,95% upper limit,numeric,as parameter,
S16_interval_and_scm,replicate,SCM replicate,integer,,
S16_interval_and_scm,selected,Selected covariate effects,text,,semicolon-separated labels parameter~covariate[form]
S16_interval_and_scm,seconds,SCM run time,numeric,s,
S17_warfarin_pkpd_vpc,output,Output,categorical (text),,CP = warfarin concentration (mg/L); R = prothrombin complex activity (%)
S17_warfarin_pkpd_vpc,record,Row type,categorical (text),,percentile; observation
S17_warfarin_pkpd_vpc,bin,Time bin,integer,,
S17_warfarin_pkpd_vpc,bin_time,"Median time of the bin, or observation time",numeric,h,
S17_warfarin_pkpd_vpc,quantile,Percentile,numeric,fraction,0.05; 0.5; 0.95
S17_warfarin_pkpd_vpc,observed,Observed percentile or observation,numeric,output units,
S17_warfarin_pkpd_vpc,simulated_lower,2.5th percentile of the simulated percentile,numeric,output units,
S17_warfarin_pkpd_vpc,simulated_median,Median of the simulated percentile,numeric,output units,
S17_warfarin_pkpd_vpc,simulated_upper,97.5th percentile of the simulated percentile,numeric,output units,
S18_event_datasets,dataset,Dataset,categorical (text),,as in S13
S18_event_datasets,ID,Subject,integer,,
S18_event_datasets,TIME,Time,numeric,h,
S18_event_datasets,EVID,Event identifier (NONMEM convention),categorical (numeric code),,0 = observation record; 1 = dose record
S18_event_datasets,AMT,Dose amount,numeric,mg,0 on observation records
S18_event_datasets,CMT,Compartment receiving the dose or observed,categorical (numeric code),,"1 = central compartment; in oral_blq_m3, 1 = depot (doses) and 2 = central (observations)"
S18_event_datasets,RATE,Infusion rate,numeric,mg/h,0 = bolus or first-order input
S18_event_datasets,II,Dosing interval of a steady-state dose,numeric,h,0 = no steady-state dose
S18_event_datasets,SS,Steady-state flag,categorical (numeric code),,1 = dose given at steady state; 0 = other records
S18_event_datasets,DV,Observation,numeric,mg/L; % for DVID 2,empty on dose records; the quantification limit when CENS = 1
S18_event_datasets,CENS,Censoring flag,categorical (numeric code),,1 = below the quantification limit; 0 = quantified observation
S18_event_datasets,WT,Body weight,numeric,kg,
S18_event_datasets,SEX,Sex,categorical (numeric code),,"warfarin_pkpd: 1 = male, 0 = female; infusion_block_covariates: simulated binary covariate with reference category 0"
S18_event_datasets,DVID,Observed output,categorical (numeric code),,1 = warfarin concentration (mg/L); 2 = prothrombin complex activity (%)
S18_event_datasets,AGE,Age,numeric,years,
S19_example_diagnostics,ID,Subject,integer,,
S19_example_diagnostics,TIME,Time after dose,numeric,h,
S19_example_diagnostics,DV,Observed theophylline concentration,numeric,mg/L,
S19_example_diagnostics,CENS,Censoring flag,categorical (numeric code),,1 = below the quantification limit; 0 = quantified observation
S19_example_diagnostics,PRED,Population prediction (random effects zero),numeric,mg/L,
S19_example_diagnostics,IPRED,Individual prediction at the conditional modes,numeric,mg/L,
S19_example_diagnostics,IWRES,Individual weighted residual,numeric,unitless,
S19_example_diagnostics,CWRES,Conditional weighted residual,numeric,unitless,
S19_example_diagnostics,NPDE,Normalized prediction distribution error,numeric,unitless,
