ID,TIME,EVID,AMT,CMT,RATE,II,SS,DV,DVID
1,0,1,150,1,0,0,0,.,1
1,1,0,0,1,0,0,0,0,1
1,3,0,0,1,0,0,0,0,1
1,8,0,0,1,0,0,0,0,1
1,24,0,0,1,0,0,0,0,1
1,48,0,0,1,0,0,0,0,1
1,0.01,0,0,1,0,0,0,0,2
1,12.01,0,0,1,0,0,0,0,2
1,24.01,0,0,1,0,0,0,0,2
1,48.01,0,0,1,0,0,0,0,2
1,72.01,0,0,1,0,0,0,0,2
1,96.01,0,0,1,0,0,0,0,2
1,120.01,0,0,1,0,0,0,0,2
2,0,1,150,1,0,0,0,.,1
2,1,0,0,1,0,0,0,0,1
2,3,0,0,1,0,0,0,0,1
2,8,0,0,1,0,0,0,0,1
2,24,0,0,1,0,0,0,0,1
2,48,0,0,1,0,0,0,0,1
2,0.01,0,0,1,0,0,0,0,2
2,12.01,0,0,1,0,0,0,0,2
2,24.01,0,0,1,0,0,0,0,2
2,48.01,0,0,1,0,0,0,0,2
2,72.01,0,0,1,0,0,0,0,2
2,96.01,0,0,1,0,0,0,0,2
2,120.01,0,0,1,0,0,0,0,2
3,0,1,150,1,0,0,0,.,1
3,1,0,0,1,0,0,0,0,1
3,3,0,0,1,0,0,0,0,1
3,8,0,0,1,0,0,0,0,1
3,24,0,0,1,0,0,0,0,1
3,48,0,0,1,0,0,0,0,1
3,0.01,0,0,1,0,0,0,0,2
3,12.01,0,0,1,0,0,0,0,2
3,24.01,0,0,1,0,0,0,0,2
3,48.01,0,0,1,0,0,0,0,2
3,72.01,0,0,1,0,0,0,0,2
3,96.01,0,0,1,0,0,0,0,2
3,120.01,0,0,1,0,0,0,0,2
4,0,1,150,1,0,0,0,.,1
4,1,0,0,1,0,0,0,0,1
4,3,0,0,1,0,0,0,0,1
4,8,0,0,1,0,0,0,0,1
4,24,0,0,1,0,0,0,0,1
4,48,0,0,1,0,0,0,0,1
4,0.01,0,0,1,0,0,0,0,2
4,12.01,0,0,1,0,0,0,0,2
4,24.01,0,0,1,0,0,0,0,2
4,48.01,0,0,1,0,0,0,0,2
4,72.01,0,0,1,0,0,0,0,2
4,96.01,0,0,1,0,0,0,0,2
4,120.01,0,0,1,0,0,0,0,2
5,0,1,150,1,0,0,0,.,1
5,1,0,0,1,0,0,0,0,1
5,3,0,0,1,0,0,0,0,1
5,8,0,0,1,0,0,0,0,1
5,24,0,0,1,0,0,0,0,1
5,48,0,0,1,0,0,0,0,1
5,0.01,0,0,1,0,0,0,0,2
5,12.01,0,0,1,0,0,0,0,2
5,24.01,0,0,1,0,0,0,0,2
5,48.01,0,0,1,0,0,0,0,2
5,72.01,0,0,1,0,0,0,0,2
5,96.01,0,0,1,0,0,0,0,2
5,120.01,0,0,1,0,0,0,0,2
6,0,1,150,1,0,0,0,.,1
6,1,0,0,1,0,0,0,0,1
6,3,0,0,1,0,0,0,0,1
6,8,0,0,1,0,0,0,0,1
6,24,0,0,1,0,0,0,0,1
6,48,0,0,1,0,0,0,0,1
6,0.01,0,0,1,0,0,0,0,2
6,12.01,0,0,1,0,0,0,0,2
6,24.01,0,0,1,0,0,0,0,2
6,48.01,0,0,1,0,0,0,0,2
6,72.01,0,0,1,0,0,0,0,2
6,96.01,0,0,1,0,0,0,0,2
6,120.01,0,0,1,0,0,0,0,2
7,0,1,150,1,0,0,0,.,1
7,1,0,0,1,0,0,0,0,1
7,3,0,0,1,0,0,0,0,1
7,8,0,0,1,0,0,0,0,1
7,24,0,0,1,0,0,0,0,1
7,48,0,0,1,0,0,0,0,1
7,0.01,0,0,1,0,0,0,0,2
7,12.01,0,0,1,0,0,0,0,2
7,24.01,0,0,1,0,0,0,0,2
7,48.01,0,0,1,0,0,0,0,2
7,72.01,0,0,1,0,0,0,0,2
7,96.01,0,0,1,0,0,0,0,2
7,120.01,0,0,1,0,0,0,0,2
8,0,1,150,1,0,0,0,.,1
8,1,0,0,1,0,0,0,0,1
8,3,0,0,1,0,0,0,0,1
8,8,0,0,1,0,0,0,0,1
8,24,0,0,1,0,0,0,0,1
8,48,0,0,1,0,0,0,0,1
8,0.01,0,0,1,0,0,0,0,2
8,12.01,0,0,1,0,0,0,0,2
8,24.01,0,0,1,0,0,0,0,2
8,48.01,0,0,1,0,0,0,0,2
8,72.01,0,0,1,0,0,0,0,2
8,96.01,0,0,1,0,0,0,0,2
8,120.01,0,0,1,0,0,0,0,2
9,0,1,150,1,0,0,0,.,1
9,1,0,0,1,0,0,0,0,1
9,3,0,0,1,0,0,0,0,1
9,8,0,0,1,0,0,0,0,1
9,24,0,0,1,0,0,0,0,1
9,48,0,0,1,0,0,0,0,1
9,0.01,0,0,1,0,0,0,0,2
9,12.01,0,0,1,0,0,0,0,2
9,24.01,0,0,1,0,0,0,0,2
9,48.01,0,0,1,0,0,0,0,2
9,72.01,0,0,1,0,0,0,0,2
9,96.01,0,0,1,0,0,0,0,2
9,120.01,0,0,1,0,0,0,0,2
10,0,1,150,1,0,0,0,.,1
10,1,0,0,1,0,0,0,0,1
10,3,0,0,1,0,0,0,0,1
10,8,0,0,1,0,0,0,0,1
10,24,0,0,1,0,0,0,0,1
10,48,0,0,1,0,0,0,0,1
10,0.01,0,0,1,0,0,0,0,2
10,12.01,0,0,1,0,0,0,0,2
10,24.01,0,0,1,0,0,0,0,2
10,48.01,0,0,1,0,0,0,0,2
10,72.01,0,0,1,0,0,0,0,2
10,96.01,0,0,1,0,0,0,0,2
10,120.01,0,0,1,0,0,0,0,2
11,0,1,150,1,0,0,0,.,1
11,1,0,0,1,0,0,0,0,1
11,3,0,0,1,0,0,0,0,1
11,8,0,0,1,0,0,0,0,1
11,24,0,0,1,0,0,0,0,1
11,48,0,0,1,0,0,0,0,1
11,0.01,0,0,1,0,0,0,0,2
11,12.01,0,0,1,0,0,0,0,2
11,24.01,0,0,1,0,0,0,0,2
11,48.01,0,0,1,0,0,0,0,2
11,72.01,0,0,1,0,0,0,0,2
11,96.01,0,0,1,0,0,0,0,2
11,120.01,0,0,1,0,0,0,0,2
12,0,1,150,1,0,0,0,.,1
12,1,0,0,1,0,0,0,0,1
12,3,0,0,1,0,0,0,0,1
12,8,0,0,1,0,0,0,0,1
12,24,0,0,1,0,0,0,0,1
12,48,0,0,1,0,0,0,0,1
12,0.01,0,0,1,0,0,0,0,2
12,12.01,0,0,1,0,0,0,0,2
12,24.01,0,0,1,0,0,0,0,2
12,48.01,0,0,1,0,0,0,0,2
12,72.01,0,0,1,0,0,0,0,2
12,96.01,0,0,1,0,0,0,0,2
12,120.01,0,0,1,0,0,0,0,2
13,0,1,150,1,0,0,0,.,1
13,1,0,0,1,0,0,0,0,1
13,3,0,0,1,0,0,0,0,1
13,8,0,0,1,0,0,0,0,1
13,24,0,0,1,0,0,0,0,1
13,48,0,0,1,0,0,0,0,1
13,0.01,0,0,1,0,0,0,0,2
13,12.01,0,0,1,0,0,0,0,2
13,24.01,0,0,1,0,0,0,0,2
13,48.01,0,0,1,0,0,0,0,2
13,72.01,0,0,1,0,0,0,0,2
13,96.01,0,0,1,0,0,0,0,2
13,120.01,0,0,1,0,0,0,0,2
14,0,1,150,1,0,0,0,.,1
14,1,0,0,1,0,0,0,0,1
14,3,0,0,1,0,0,0,0,1
14,8,0,0,1,0,0,0,0,1
14,24,0,0,1,0,0,0,0,1
14,48,0,0,1,0,0,0,0,1
14,0.01,0,0,1,0,0,0,0,2
14,12.01,0,0,1,0,0,0,0,2
14,24.01,0,0,1,0,0,0,0,2
14,48.01,0,0,1,0,0,0,0,2
14,72.01,0,0,1,0,0,0,0,2
14,96.01,0,0,1,0,0,0,0,2
14,120.01,0,0,1,0,0,0,0,2
15,0,1,150,1,0,0,0,.,1
15,1,0,0,1,0,0,0,0,1
15,3,0,0,1,0,0,0,0,1
15,8,0,0,1,0,0,0,0,1
15,24,0,0,1,0,0,0,0,1
15,48,0,0,1,0,0,0,0,1
15,0.01,0,0,1,0,0,0,0,2
15,12.01,0,0,1,0,0,0,0,2
15,24.01,0,0,1,0,0,0,0,2
15,48.01,0,0,1,0,0,0,0,2
15,72.01,0,0,1,0,0,0,0,2
15,96.01,0,0,1,0,0,0,0,2
15,120.01,0,0,1,0,0,0,0,2
16,0,1,150,1,0,0,0,.,1
16,1,0,0,1,0,0,0,0,1
16,3,0,0,1,0,0,0,0,1
16,8,0,0,1,0,0,0,0,1
16,24,0,0,1,0,0,0,0,1
16,48,0,0,1,0,0,0,0,1
16,0.01,0,0,1,0,0,0,0,2
16,12.01,0,0,1,0,0,0,0,2
16,24.01,0,0,1,0,0,0,0,2
16,48.01,0,0,1,0,0,0,0,2
16,72.01,0,0,1,0,0,0,0,2
16,96.01,0,0,1,0,0,0,0,2
16,120.01,0,0,1,0,0,0,0,2
17,0,1,150,1,0,0,0,.,1
17,1,0,0,1,0,0,0,0,1
17,3,0,0,1,0,0,0,0,1
17,8,0,0,1,0,0,0,0,1
17,24,0,0,1,0,0,0,0,1
17,48,0,0,1,0,0,0,0,1
17,0.01,0,0,1,0,0,0,0,2
17,12.01,0,0,1,0,0,0,0,2
17,24.01,0,0,1,0,0,0,0,2
17,48.01,0,0,1,0,0,0,0,2
17,72.01,0,0,1,0,0,0,0,2
17,96.01,0,0,1,0,0,0,0,2
17,120.01,0,0,1,0,0,0,0,2
18,0,1,150,1,0,0,0,.,1
18,1,0,0,1,0,0,0,0,1
18,3,0,0,1,0,0,0,0,1
18,8,0,0,1,0,0,0,0,1
18,24,0,0,1,0,0,0,0,1
18,48,0,0,1,0,0,0,0,1
18,0.01,0,0,1,0,0,0,0,2
18,12.01,0,0,1,0,0,0,0,2
18,24.01,0,0,1,0,0,0,0,2
18,48.01,0,0,1,0,0,0,0,2
18,72.01,0,0,1,0,0,0,0,2
18,96.01,0,0,1,0,0,0,0,2
18,120.01,0,0,1,0,0,0,0,2
19,0,1,150,1,0,0,0,.,1
19,1,0,0,1,0,0,0,0,1
19,3,0,0,1,0,0,0,0,1
19,8,0,0,1,0,0,0,0,1
19,24,0,0,1,0,0,0,0,1
19,48,0,0,1,0,0,0,0,1
19,0.01,0,0,1,0,0,0,0,2
19,12.01,0,0,1,0,0,0,0,2
19,24.01,0,0,1,0,0,0,0,2
19,48.01,0,0,1,0,0,0,0,2
19,72.01,0,0,1,0,0,0,0,2
19,96.01,0,0,1,0,0,0,0,2
19,120.01,0,0,1,0,0,0,0,2
20,0,1,150,1,0,0,0,.,1
20,1,0,0,1,0,0,0,0,1
20,3,0,0,1,0,0,0,0,1
20,8,0,0,1,0,0,0,0,1
20,24,0,0,1,0,0,0,0,1
20,48,0,0,1,0,0,0,0,1
20,0.01,0,0,1,0,0,0,0,2
20,12.01,0,0,1,0,0,0,0,2
20,24.01,0,0,1,0,0,0,0,2
20,48.01,0,0,1,0,0,0,0,2
20,72.01,0,0,1,0,0,0,0,2
20,96.01,0,0,1,0,0,0,0,2
20,120.01,0,0,1,0,0,0,0,2
21,0,1,150,1,0,0,0,.,1
21,1,0,0,1,0,0,0,0,1
21,3,0,0,1,0,0,0,0,1
21,8,0,0,1,0,0,0,0,1
21,24,0,0,1,0,0,0,0,1
21,48,0,0,1,0,0,0,0,1
21,0.01,0,0,1,0,0,0,0,2
21,12.01,0,0,1,0,0,0,0,2
21,24.01,0,0,1,0,0,0,0,2
21,48.01,0,0,1,0,0,0,0,2
21,72.01,0,0,1,0,0,0,0,2
21,96.01,0,0,1,0,0,0,0,2
21,120.01,0,0,1,0,0,0,0,2
22,0,1,150,1,0,0,0,.,1
22,1,0,0,1,0,0,0,0,1
22,3,0,0,1,0,0,0,0,1
22,8,0,0,1,0,0,0,0,1
22,24,0,0,1,0,0,0,0,1
22,48,0,0,1,0,0,0,0,1
22,0.01,0,0,1,0,0,0,0,2
22,12.01,0,0,1,0,0,0,0,2
22,24.01,0,0,1,0,0,0,0,2
22,48.01,0,0,1,0,0,0,0,2
22,72.01,0,0,1,0,0,0,0,2
22,96.01,0,0,1,0,0,0,0,2
22,120.01,0,0,1,0,0,0,0,2
23,0,1,150,1,0,0,0,.,1
23,1,0,0,1,0,0,0,0,1
23,3,0,0,1,0,0,0,0,1
23,8,0,0,1,0,0,0,0,1
23,24,0,0,1,0,0,0,0,1
23,48,0,0,1,0,0,0,0,1
23,0.01,0,0,1,0,0,0,0,2
23,12.01,0,0,1,0,0,0,0,2
23,24.01,0,0,1,0,0,0,0,2
23,48.01,0,0,1,0,0,0,0,2
23,72.01,0,0,1,0,0,0,0,2
23,96.01,0,0,1,0,0,0,0,2
23,120.01,0,0,1,0,0,0,0,2
24,0,1,150,1,0,0,0,.,1
24,1,0,0,1,0,0,0,0,1
24,3,0,0,1,0,0,0,0,1
24,8,0,0,1,0,0,0,0,1
24,24,0,0,1,0,0,0,0,1
24,48,0,0,1,0,0,0,0,1
24,0.01,0,0,1,0,0,0,0,2
24,12.01,0,0,1,0,0,0,0,2
24,24.01,0,0,1,0,0,0,0,2
24,48.01,0,0,1,0,0,0,0,2
24,72.01,0,0,1,0,0,0,0,2
24,96.01,0,0,1,0,0,0,0,2
24,120.01,0,0,1,0,0,0,0,2
25,0,1,150,1,0,0,0,.,1
25,1,0,0,1,0,0,0,0,1
25,3,0,0,1,0,0,0,0,1
25,8,0,0,1,0,0,0,0,1
25,24,0,0,1,0,0,0,0,1
25,48,0,0,1,0,0,0,0,1
25,0.01,0,0,1,0,0,0,0,2
25,12.01,0,0,1,0,0,0,0,2
25,24.01,0,0,1,0,0,0,0,2
25,48.01,0,0,1,0,0,0,0,2
25,72.01,0,0,1,0,0,0,0,2
25,96.01,0,0,1,0,0,0,0,2
25,120.01,0,0,1,0,0,0,0,2
26,0,1,150,1,0,0,0,.,1
26,1,0,0,1,0,0,0,0,1
26,3,0,0,1,0,0,0,0,1
26,8,0,0,1,0,0,0,0,1
26,24,0,0,1,0,0,0,0,1
26,48,0,0,1,0,0,0,0,1
26,0.01,0,0,1,0,0,0,0,2
26,12.01,0,0,1,0,0,0,0,2
26,24.01,0,0,1,0,0,0,0,2
26,48.01,0,0,1,0,0,0,0,2
26,72.01,0,0,1,0,0,0,0,2
26,96.01,0,0,1,0,0,0,0,2
26,120.01,0,0,1,0,0,0,0,2
27,0,1,150,1,0,0,0,.,1
27,1,0,0,1,0,0,0,0,1
27,3,0,0,1,0,0,0,0,1
27,8,0,0,1,0,0,0,0,1
27,24,0,0,1,0,0,0,0,1
27,48,0,0,1,0,0,0,0,1
27,0.01,0,0,1,0,0,0,0,2
27,12.01,0,0,1,0,0,0,0,2
27,24.01,0,0,1,0,0,0,0,2
27,48.01,0,0,1,0,0,0,0,2
27,72.01,0,0,1,0,0,0,0,2
27,96.01,0,0,1,0,0,0,0,2
27,120.01,0,0,1,0,0,0,0,2
28,0,1,150,1,0,0,0,.,1
28,1,0,0,1,0,0,0,0,1
28,3,0,0,1,0,0,0,0,1
28,8,0,0,1,0,0,0,0,1
28,24,0,0,1,0,0,0,0,1
28,48,0,0,1,0,0,0,0,1
28,0.01,0,0,1,0,0,0,0,2
28,12.01,0,0,1,0,0,0,0,2
28,24.01,0,0,1,0,0,0,0,2
28,48.01,0,0,1,0,0,0,0,2
28,72.01,0,0,1,0,0,0,0,2
28,96.01,0,0,1,0,0,0,0,2
28,120.01,0,0,1,0,0,0,0,2
29,0,1,150,1,0,0,0,.,1
29,1,0,0,1,0,0,0,0,1
29,3,0,0,1,0,0,0,0,1
29,8,0,0,1,0,0,0,0,1
29,24,0,0,1,0,0,0,0,1
29,48,0,0,1,0,0,0,0,1
29,0.01,0,0,1,0,0,0,0,2
29,12.01,0,0,1,0,0,0,0,2
29,24.01,0,0,1,0,0,0,0,2
29,48.01,0,0,1,0,0,0,0,2
29,72.01,0,0,1,0,0,0,0,2
29,96.01,0,0,1,0,0,0,0,2
29,120.01,0,0,1,0,0,0,0,2
30,0,1,150,1,0,0,0,.,1
30,1,0,0,1,0,0,0,0,1
30,3,0,0,1,0,0,0,0,1
30,8,0,0,1,0,0,0,0,1
30,24,0,0,1,0,0,0,0,1
30,48,0,0,1,0,0,0,0,1
30,0.01,0,0,1,0,0,0,0,2
30,12.01,0,0,1,0,0,0,0,2
30,24.01,0,0,1,0,0,0,0,2
30,48.01,0,0,1,0,0,0,0,2
30,72.01,0,0,1,0,0,0,0,2
30,96.01,0,0,1,0,0,0,0,2
30,120.01,0,0,1,0,0,0,0,2
31,0,1,150,1,0,0,0,.,1
31,1,0,0,1,0,0,0,0,1
31,3,0,0,1,0,0,0,0,1
31,8,0,0,1,0,0,0,0,1
31,24,0,0,1,0,0,0,0,1
31,48,0,0,1,0,0,0,0,1
31,0.01,0,0,1,0,0,0,0,2
31,12.01,0,0,1,0,0,0,0,2
31,24.01,0,0,1,0,0,0,0,2
31,48.01,0,0,1,0,0,0,0,2
31,72.01,0,0,1,0,0,0,0,2
31,96.01,0,0,1,0,0,0,0,2
31,120.01,0,0,1,0,0,0,0,2
32,0,1,150,1,0,0,0,.,1
32,1,0,0,1,0,0,0,0,1
32,3,0,0,1,0,0,0,0,1
32,8,0,0,1,0,0,0,0,1
32,24,0,0,1,0,0,0,0,1
32,48,0,0,1,0,0,0,0,1
32,0.01,0,0,1,0,0,0,0,2
32,12.01,0,0,1,0,0,0,0,2
32,24.01,0,0,1,0,0,0,0,2
32,48.01,0,0,1,0,0,0,0,2
32,72.01,0,0,1,0,0,0,0,2
32,96.01,0,0,1,0,0,0,0,2
32,120.01,0,0,1,0,0,0,0,2
33,0,1,150,1,0,0,0,.,1
33,1,0,0,1,0,0,0,0,1
33,3,0,0,1,0,0,0,0,1
33,8,0,0,1,0,0,0,0,1
33,24,0,0,1,0,0,0,0,1
33,48,0,0,1,0,0,0,0,1
33,0.01,0,0,1,0,0,0,0,2
33,12.01,0,0,1,0,0,0,0,2
33,24.01,0,0,1,0,0,0,0,2
33,48.01,0,0,1,0,0,0,0,2
33,72.01,0,0,1,0,0,0,0,2
33,96.01,0,0,1,0,0,0,0,2
33,120.01,0,0,1,0,0,0,0,2
34,0,1,150,1,0,0,0,.,1
34,1,0,0,1,0,0,0,0,1
34,3,0,0,1,0,0,0,0,1
34,8,0,0,1,0,0,0,0,1
34,24,0,0,1,0,0,0,0,1
34,48,0,0,1,0,0,0,0,1
34,0.01,0,0,1,0,0,0,0,2
34,12.01,0,0,1,0,0,0,0,2
34,24.01,0,0,1,0,0,0,0,2
34,48.01,0,0,1,0,0,0,0,2
34,72.01,0,0,1,0,0,0,0,2
34,96.01,0,0,1,0,0,0,0,2
34,120.01,0,0,1,0,0,0,0,2
35,0,1,150,1,0,0,0,.,1
35,1,0,0,1,0,0,0,0,1
35,3,0,0,1,0,0,0,0,1
35,8,0,0,1,0,0,0,0,1
35,24,0,0,1,0,0,0,0,1
35,48,0,0,1,0,0,0,0,1
35,0.01,0,0,1,0,0,0,0,2
35,12.01,0,0,1,0,0,0,0,2
35,24.01,0,0,1,0,0,0,0,2
35,48.01,0,0,1,0,0,0,0,2
35,72.01,0,0,1,0,0,0,0,2
35,96.01,0,0,1,0,0,0,0,2
35,120.01,0,0,1,0,0,0,0,2
36,0,1,150,1,0,0,0,.,1
36,1,0,0,1,0,0,0,0,1
36,3,0,0,1,0,0,0,0,1
36,8,0,0,1,0,0,0,0,1
36,24,0,0,1,0,0,0,0,1
36,48,0,0,1,0,0,0,0,1
36,0.01,0,0,1,0,0,0,0,2
36,12.01,0,0,1,0,0,0,0,2
36,24.01,0,0,1,0,0,0,0,2
36,48.01,0,0,1,0,0,0,0,2
36,72.01,0,0,1,0,0,0,0,2
36,96.01,0,0,1,0,0,0,0,2
36,120.01,0,0,1,0,0,0,0,2
37,0,1,150,1,0,0,0,.,1
37,1,0,0,1,0,0,0,0,1
37,3,0,0,1,0,0,0,0,1
37,8,0,0,1,0,0,0,0,1
37,24,0,0,1,0,0,0,0,1
37,48,0,0,1,0,0,0,0,1
37,0.01,0,0,1,0,0,0,0,2
37,12.01,0,0,1,0,0,0,0,2
37,24.01,0,0,1,0,0,0,0,2
37,48.01,0,0,1,0,0,0,0,2
37,72.01,0,0,1,0,0,0,0,2
37,96.01,0,0,1,0,0,0,0,2
37,120.01,0,0,1,0,0,0,0,2
38,0,1,150,1,0,0,0,.,1
38,1,0,0,1,0,0,0,0,1
38,3,0,0,1,0,0,0,0,1
38,8,0,0,1,0,0,0,0,1
38,24,0,0,1,0,0,0,0,1
38,48,0,0,1,0,0,0,0,1
38,0.01,0,0,1,0,0,0,0,2
38,12.01,0,0,1,0,0,0,0,2
38,24.01,0,0,1,0,0,0,0,2
38,48.01,0,0,1,0,0,0,0,2
38,72.01,0,0,1,0,0,0,0,2
38,96.01,0,0,1,0,0,0,0,2
38,120.01,0,0,1,0,0,0,0,2
39,0,1,150,1,0,0,0,.,1
39,1,0,0,1,0,0,0,0,1
39,3,0,0,1,0,0,0,0,1
39,8,0,0,1,0,0,0,0,1
39,24,0,0,1,0,0,0,0,1
39,48,0,0,1,0,0,0,0,1
39,0.01,0,0,1,0,0,0,0,2
39,12.01,0,0,1,0,0,0,0,2
39,24.01,0,0,1,0,0,0,0,2
39,48.01,0,0,1,0,0,0,0,2
39,72.01,0,0,1,0,0,0,0,2
39,96.01,0,0,1,0,0,0,0,2
39,120.01,0,0,1,0,0,0,0,2
40,0,1,150,1,0,0,0,.,1
40,1,0,0,1,0,0,0,0,1
40,3,0,0,1,0,0,0,0,1
40,8,0,0,1,0,0,0,0,1
40,24,0,0,1,0,0,0,0,1
40,48,0,0,1,0,0,0,0,1
40,0.01,0,0,1,0,0,0,0,2
40,12.01,0,0,1,0,0,0,0,2
40,24.01,0,0,1,0,0,0,0,2
40,48.01,0,0,1,0,0,0,0,2
40,72.01,0,0,1,0,0,0,0,2
40,96.01,0,0,1,0,0,0,0,2
40,120.01,0,0,1,0,0,0,0,2