ID,TIME,DV,CENS,PRED,IPRED,IWRES,CWRES,NPDE
1,0.25,2.84,0,2.678428182761043,3.4238133624992706,-1.082005013988192,0.12627432728290722,0.1484343410544899
1,0.57,6.57,0,4.840400766603538,6.101389439097252,0.48735861867394636,1.2876366540622768,1.5381988585840638
1,1.12,10.5,0,6.628211456222339,8.242137767682436,1.7382926523288045,2.2205829308947376,2.408915545815461
1,2.02,9.66,0,7.272729389468571,9.045017534045686,0.43143824962254274,0.800465586643019,0.8964733640019161
1,3.82,8.58,0,6.581610568449734,8.535324070987619,0.03321382567201162,0.5687316684151964,0.7224790519280627
1,5.1,8.36,0,5.9203933406498335,7.990724753184263,0.29324414566246315,0.8859878905231025,1.2480848111275475
1,7.03,7.47,0,5.021920397297349,7.216109922870581,0.2232584535461497,0.9437264213713298,1.2318637087349833
1,9.05,6.89,0,4.224419912375546,6.483986002230853,0.3973418072901959,1.153051909815507,1.5300675881378294
1,12.12,5.94,0,3.2478631453003493,5.510904972769351,0.49407841831564187,1.2139373441419226,1.2590839804270721
1,24.37,3.28,0,1.137709483551257,2.8802860279465414,0.8806007205469948,1.3631295851117908,1.5632236468662757
2,0.27,1.72,0,3.1189382505019476,3.976593102572645,-3.600869864883498,-0.6046615171258504,-0.9781502862624715
2,0.52,7.91,0,5.006407266836996,6.090009659957543,1.8963409622407905,3.6285377361627953,2.878161739095483
2,1.0,8.31,0,6.980545970079628,7.907113212315093,0.3233183793201174,0.6810648269851306,0.7823651648553872
2,1.92,8.33,0,7.954673491628734,8.29842921426887,0.02414097585784124,-0.23434031749522063,-0.431644239383956
2,3.5,6.85,0,7.384898351380523,7.270181668919833,-0.3667390564480329,-0.7635007849606068,-0.7063025628400874
2,5.02,6.08,0,6.524008430518381,6.2447700614944655,-0.1674276481468837,-0.44543788900570924,-0.2741101160351471
2,7.03,5.4,0,5.496629290574212,5.098291092596713,0.37551633064588746,0.10225133903578701,0.13577393130211166
2,9.0,4.55,0,4.64358151357668,4.178779714247712,0.5636993678156926,0.16112838909176902,0.4097354803212812
2,12.0,3.01,0,3.591592306847347,3.0868274424898843,-0.15793171391077337,-0.5241098945747839,-0.640265509214374
2,24.3,0.9,0,1.2527408460082927,0.8916820839138133,0.059192927434085,-0.09898319173885844,-0.3371550769952773
3,0.27,4.4,0,3.2110886988122336,4.186236008348546,0.3240232444813048,0.5647039065568601,0.606775363514265
3,0.58,6.9,0,5.511500095897915,6.678681247320654,0.21027750837136913,0.054751274822990345,0.5157915570468274
3,1.02,8.2,0,7.238617576340713,8.108831270030276,0.07134326258093904,-0.06869426841316471,0.27150845201783863
3,2.02,7.8,0,8.195389088132494,8.33116155054659,-0.40456322144395457,-0.4624618555578192,-0.35045134327346134
3,3.62,7.5,0,7.533657982109587,7.307342113739301,0.16729874204322612,0.12051551078482509,0.05015358346473367
3,5.08,6.2,0,6.68278425783549,6.391168827686425,-0.18980258012624146,-0.262674995308269,-0.29499198822262623
3,7.07,5.3,0,5.6396939077453165,5.320124606964219,-0.024003298599030352,-0.08630393474483755,-0.0802983128920549
3,9.0,4.9,0,4.780778240114173,4.452981509421789,0.6370007164812405,0.4311321842999932,0.33450303642321233
3,12.15,3.7,0,3.650515510172474,3.3306939120729324,0.7035858044514592,0.17698472385164435,0.2224032269272062
3,24.17,1.05,0,1.304191439509949,1.0997435355555043,-0.2870189404089916,-0.8316091036323959,-0.7063025628400874
4,0.35,1.89,0,3.809826080079835,3.075793398838967,-2.446342118776801,-1.0317675208520514,-1.1503493803760079
4,0.6,4.6,0,5.461287886944826,4.613156654344627,-0.018097250048548556,1.478650598547247,0.9039913275644011
4,1.07,8.6,0,7.1484168927432625,6.48096461076082,2.0747409773046317,2.6847934961668796,2.096927429164342
4,2.13,8.38,0,7.9544618104606775,7.981836706247354,0.31653643481826116,0.4218309725862501,0.3477872042786274
4,3.5,7.54,0,7.384898351380526,7.814813720997562,-0.2231439451204497,-0.25399333165815047,-0.0551738021383168
4,5.02,6.88,0,6.524008430518384,6.99602738604346,-0.10523842315453716,-0.14388332423895625,-0.05015358346473367
4,7.02,5.78,0,5.5013344409076375,5.875697887141736,-0.1033494611823344,-0.13450712894165157,0.005013277548926657
4,9.02,5.33,0,4.635635997346859,4.90575868513534,0.5487469299919546,0.41014570519143523,0.5272787914395083
4,11.98,4.19,0,3.5977486088924144,3.751168537714867,0.742329132531625,0.2953908161063041,0.32920598430265113
4,24.65,1.15,0,1.21575217809946,1.1885892944471586,-0.20601571444821598,-0.7109999010364612,-0.9660882971323732
5,0.3,2.02,0,4.513131062173159,3.773487955837553,-2.9486630244098855,-1.0971716514579084,-1.3165187184182603
5,0.52,5.63,0,6.667624223560182,5.6931277946213115,-0.07036148708605336,1.6774726714455315,1.18504412790781
5,1.0,11.4,0,9.29681804196969,8.242414761802033,2.4308935609795195,2.922263852706266,2.096927429164342
5,2.02,9.33,0,10.601540851314882,9.86790082493749,-0.34589378530446946,-0.6654852885055399,-0.8964733640019162
5,3.5,8.74,0,9.835341895247698,9.377083859347115,-0.43111598616536273,-0.8564136853579739,-0.9002259857014333
5,5.02,7.56,0,8.688793046099482,8.301750050664733,-0.566961091684734,-0.7887768668351037,-0.643345405392917
5,7.02,7.09,0,7.326777232663351,6.963777753996974,0.11501548794682877,0.058603936191146434,0.18911842627279238
5,9.1,5.9,0,6.1316769958198005,5.787112009502281,0.12378019966779857,0.09568641176750431,0.1484343410544899
5,12.0,4.37,0,4.783347935937604,4.469478598578123,-0.14123362989181054,-0.08494039225456657,-0.16111858851074543
5,24.35,1.57,0,1.6612948660995024,1.4872328346464125,0.353137990429692,0.40850283406279503,0.41246312944140495
6,0.27,1.29,0,2.835398409547226,1.7704463810719588,-1.7219775012425345,-1.211800955786293,-1.2426414185778818
6,0.58,3.08,0,4.866666751344739,3.258361816323961,-0.347350479995401,0.6055902946780559,0.16619944017035873
6,1.15,6.44,0,6.648670878209483,4.93546377618219,1.9343720328005445,2.1024660010178993,1.2265281200366105
6,2.03,6.32,0,7.236510478182446,5.963524441149331,0.3793080675257765,-0.054553403754272124,-0.19167090224842007
6,3.57,5.53,0,6.677865312914828,5.940298038893614,-0.43828492269307595,-1.1134657301801938,-0.9230138262549801
6,5.0,4.94,0,5.940944167832205,5.351687177748569,-0.48813724531365776,-0.9895150011895452,-0.715985989610205
6,7.0,4.02,0,5.00977878999119,4.458794574340363,-0.6244664489443097,-0.8254097445591285,-0.6249559034946874
6,9.22,3.46,0,4.142658397350145,3.6026206216434167,-0.2512054858233079,-0.15615668340682362,-0.06270677794321385
6,12.1,2.78,0,3.2372440459915772,2.7254243103284232,0.12706631402632343,0.2995286381474657,0.09287860877725654
6,23.85,0.92,0,1.1835964216709336,0.8718105347840238,0.3507480933603475,0.38916474553065256,0.15350506037805722
7,0.25,0.85,0,3.298064553399793,1.3111985340019192,-2.2319516786720373,-2.001838493960641,-2.0335201492530506
7,0.5,2.35,0,5.493014835237297,2.4131725092968246,-0.16611355917885728,1.0570418028083235,-0.1942246275988834
7,1.02,5.02,0,7.9097476827564135,4.15712441531368,1.3171052569158477,1.7617533428247887,0.032591936696663076
7,2.02,6.58,0,8.9552264870322,6.034622687992455,0.5734720693864965,0.4522364106171463,-0.26631061320409494
7,3.48,7.09,0,8.320564532579148,6.82754366227896,0.24392589274044058,-0.24318070298020084,-0.28453554267162146
7,5.0,6.66,0,7.351918407692356,6.5792156643207145,0.07791451293802205,-0.5810082206569992,-0.16111858851074543
7,6.98,5.25,0,6.2102191694661775,5.742285249368478,-0.5439981031778559,-1.116342739379171,-0.758753544504371
7,9.0,4.39,0,5.224029202773767,4.81204499446583,-0.5565374568487775,-0.7792183137246944,-0.5475513533264015
7,12.05,3.53,0,4.023278549686902,3.601116175086532,-0.12531313153632528,-0.06798525591373647,0.005013277548926657
7,24.22,1.15,0,1.4190212125247552,1.0913670207366568,0.34090742551819436,0.41929429598330054,0.11808538942555301
8,0.25,3.05,0,3.018228773111325,2.7062911514702237,0.8059006761200522,0.030248903336963524,0.032591936696663076
8,0.52,3.05,0,5.154323845175364,4.630834711753329,-2.1661698577901403,-2.2979587299338355,-1.9431337511050666
8,0.98,7.31,0,7.132911572515452,6.425529312919426,0.8734536416796645,0.8686189711949904,1.1311309008386337
8,2.02,7.56,0,8.195389088132496,7.406423432732909,0.13157753421508922,-0.26815222918859166,0.08532879488562917
8,3.53,6.59,0,7.585807180279769,6.860452035292845,-0.25015134746030393,-0.6683609280689333,-0.6219115955806241
8,5.05,5.88,0,6.69975691872196,6.053759690613563,-0.18213322691390396,-0.4468130900541553,-0.39614237389269835
8,7.15,4.73,0,5.601217941306918,5.052460047133518,-0.4049844517258004,-0.46196976890335884,-0.4179276716694818
8,9.07,4.57,0,4.752208433387843,4.2796281645457706,0.4305402688028589,0.43446145483462595,0.26111995954851813
8,12.1,3.0,0,3.666178882085461,3.2930653859758854,-0.5647152262713004,-0.4442703225627748,-0.42066461963761553
8,24.12,1.25,0,1.309787374415142,1.1644700018025875,0.46607465058005454,0.6512728955536752,0.6713462148778053
9,0.3,7.37,0,2.3874925414226613,6.393124673474427,0.969597063615883,2.5708047082425782,2.5121443279304616
9,0.63,9.03,0,3.9570112625451337,7.3144824538253275,1.4882534113844113,1.5146668477458185,0.9191827351468196
9,1.05,7.14,0,5.004242326588581,7.227409918059398,-0.07674380899812543,-0.24335982047275284,-1.739197665285252
9,2.02,6.33,0,5.608323658545416,6.688788276834097,-0.34037379738422624,-0.33184946214723293,-0.6619550962881617
9,3.53,5.66,0,5.191170476571145,5.910562005363749,-0.2689996800015193,-0.04676845722567059,0.6495235958443252
9,5.02,5.67,0,4.596460485137952,5.231410641004254,0.5319913906580639,0.8032000744775242,1.200358858030859
9,7.17,4.24,0,3.8265083197618814,4.386598845128184,-0.21206449074245973,0.08989194775492425,0.5621702922579263
9,8.8,4.11,0,3.3281240065775295,3.838284401394819,0.44920310009338454,0.6818957717724989,0.9781502862624715
9,11.6,3.16,0,2.6186151286341532,3.051554328495976,0.22550513763503416,0.313372801486263,0.2741101160351471
9,24.43,1.12,0,0.8728420759601077,1.0667586143564616,0.31670033006798065,0.2566109737801344,-0.7487631066149087
10,0.37,2.89,0,4.961001059880793,2.8672948301698913,0.05024787822010536,-0.9354505889417729,-0.9462913579615763
10,0.77,5.22,0,7.802340438930528,5.100649955857022,0.1484780956461263,-0.03949246389341817,-0.0953963690568919
10,1.02,6.41,0,8.788608536396012,6.144760252829882,0.2739043863647622,0.12556192313067002,0.10043372051146988
10,2.05,7.83,0,9.949725514064921,8.56035854015704,-0.5413890676545903,-0.4674418570735256,-0.27931903444745415
10,3.55,10.21,0,9.1961166906921,9.284610384703402,0.6324500954505738,0.862387563399867,0.9903562942135745
10,5.05,9.18,0,8.13436270485006,8.84216526493614,0.24244375245862332,0.4309359962506049,0.6807969187645748
10,7.08,8.02,0,6.841453841116083,7.815045251325414,0.16641474845660778,0.34500355244418107,0.3265609274123727
10,9.38,7.14,0,5.618647056165303,6.652020876327347,0.46549279586958464,0.5519810985041333,0.652621998347801
10,12.1,5.68,0,4.451210563238417,5.464578178245259,0.2501487721903953,0.2032381167364297,0.02757640573939172
10,23.7,2.42,0,1.6484838821338297,2.3490559349756337,0.19164082691294304,0.042635258779689524,0.045134628481421316
11,0.25,4.86,0,3.278076283379187,4.688998627364548,0.23141143515230247,0.6819693743501157,0.7192287304399239
11,0.5,7.24,0,5.459723836235856,6.795343658433805,0.415220120617998,-0.019162144783889813,0.37992646704130745
11,0.98,8.0,0,7.747003297301549,7.9751896031207385,0.019740494134451628,-0.8052216934839193,-0.4234047223941827
11,1.98,6.81,0,8.89996396123026,7.632683284161759,-0.6839443340213274,-1.4998119400715741,-1.372203808998726
11,3.6,5.87,0,8.194876348423975,6.494004991179673,-0.6097345017229292,-1.1909234857023079,-1.0938973526034372
11,5.02,5.22,0,7.295027608670554,5.6203950299504974,-0.45205071631569405,-0.7790764438525102,-0.7960551172626629
11,7.03,4.45,0,6.146230934005711,4.5807013632485765,-0.18105622584278477,-0.29826755853071185,-0.4288945040742016
11,9.03,3.62,0,5.179047320081562,3.737135609672559,-0.1988911274959341,-0.15592142293832958,-0.0802983128920549
11,12.12,2.69,0,3.9749966852929646,2.728798598692232,-0.09022146643025251,0.07139650168103459,0.07275635817603748
11,24.08,0.86,0,1.4274314598114972,0.8079427937657379,0.4088514761646817,0.46974813925031145,0.2741101160351471
12,0.25,1.25,0,3.531261036973514,2.1716418132421977,-2.693018268069126,-1.454148965058156,-1.616436371115022
12,0.5,3.96,0,5.881409823587403,3.9068564489981616,0.0863154305005544,1.6912849559780583,0.6744897501960817
12,1.0,7.82,0,8.408384918505005,6.366507227900622,1.4486950120411508,2.1756214281464983,0.9268585128160435
12,2.0,9.72,0,9.588147242348995,8.686242619173852,0.7551826305922625,0.9999363850621178,0.6619550962881617
12,3.52,9.75,0,8.881973802176129,9.117466413328225,0.44022504202061197,0.34666037364613833,0.45098549943237076
12,5.07,8.57,0,7.825324871793505,8.303494026760406,0.20366265198677283,-0.137794766869349,0.24300696740998223
12,7.07,6.59,0,6.598317375507762,6.9383239903909235,-0.3185621223770619,-0.7248827245502482,-0.42066461963761553
12,9.03,6.11,0,5.579055039925256,5.713143299413378,0.44078207483731935,0.015242462087517282,0.26111995954851813
12,12.05,4.57,0,4.3077527905738515,4.2019216420872505,0.5558500617194515,-0.09208163069973757,0.05015358346473367
12,24.15,1.17,0,1.5284906789128185,1.2174146502311933,-0.247137900165509,-0.8287832260269773,-1.2159604197073188
