ID,TIME,EVID,AMT,CMT,DV,WT,AGE,SEX,CRCL
1,0,1,100,1,.,97.1,35,1,102
1,0.5,0,0,2,0,97.1,35,1,102
1,1,0,0,2,0,97.1,35,1,102
1,2,0,0,2,0,97.1,35,1,102
1,4,0,0,2,0,97.1,35,1,102
1,6,0,0,2,0,97.1,35,1,102
1,8,0,0,2,0,97.1,35,1,102
1,12,0,0,2,0,97.1,35,1,102
1,24,0,0,2,0,97.1,35,1,102
2,0,1,100,1,.,77.0,45,0,91
2,0.5,0,0,2,0,77.0,45,0,91
2,1,0,0,2,0,77.0,45,0,91
2,2,0,0,2,0,77.0,45,0,91
2,4,0,0,2,0,77.0,45,0,91
2,6,0,0,2,0,77.0,45,0,91
2,8,0,0,2,0,77.0,45,0,91
2,12,0,0,2,0,77.0,45,0,91
2,24,0,0,2,0,77.0,45,0,91
3,0,1,100,1,.,50.3,57,0,46
3,0.5,0,0,2,0,50.3,57,0,46
3,1,0,0,2,0,50.3,57,0,46
3,2,0,0,2,0,50.3,57,0,46
3,4,0,0,2,0,50.3,57,0,46
3,6,0,0,2,0,50.3,57,0,46
3,8,0,0,2,0,50.3,57,0,46
3,12,0,0,2,0,50.3,57,0,46
3,24,0,0,2,0,50.3,57,0,46
4,0,1,100,1,.,97.5,67,1,81
4,0.5,0,0,2,0,97.5,67,1,81
4,1,0,0,2,0,97.5,67,1,81
4,2,0,0,2,0,97.5,67,1,81
4,4,0,0,2,0,97.5,67,1,81
4,6,0,0,2,0,97.5,67,1,81
4,8,0,0,2,0,97.5,67,1,81
4,12,0,0,2,0,97.5,67,1,81
4,24,0,0,2,0,97.5,67,1,81
5,0,1,100,1,.,89.6,72,0,70
5,0.5,0,0,2,0,89.6,72,0,70
5,1,0,0,2,0,89.6,72,0,70
5,2,0,0,2,0,89.6,72,0,70
5,4,0,0,2,0,89.6,72,0,70
5,6,0,0,2,0,89.6,72,0,70
5,8,0,0,2,0,89.6,72,0,70
5,12,0,0,2,0,89.6,72,0,70
5,24,0,0,2,0,89.6,72,0,70
6,0,1,100,1,.,60.1,78,0,113
6,0.5,0,0,2,0,60.1,78,0,113
6,1,0,0,2,0,60.1,78,0,113
6,2,0,0,2,0,60.1,78,0,113
6,4,0,0,2,0,60.1,78,0,113
6,6,0,0,2,0,60.1,78,0,113
6,8,0,0,2,0,60.1,78,0,113
6,12,0,0,2,0,60.1,78,0,113
6,24,0,0,2,0,60.1,78,0,113
7,0,1,100,1,.,73.5,72,0,64
7,0.5,0,0,2,0,73.5,72,0,64
7,1,0,0,2,0,73.5,72,0,64
7,2,0,0,2,0,73.5,72,0,64
7,4,0,0,2,0,73.5,72,0,64
7,6,0,0,2,0,73.5,72,0,64
7,8,0,0,2,0,73.5,72,0,64
7,12,0,0,2,0,73.5,72,0,64
7,24,0,0,2,0,73.5,72,0,64
8,0,1,100,1,.,56.6,63,1,61
8,0.5,0,0,2,0,56.6,63,1,61
8,1,0,0,2,0,56.6,63,1,61
8,2,0,0,2,0,56.6,63,1,61
8,4,0,0,2,0,56.6,63,1,61
8,6,0,0,2,0,56.6,63,1,61
8,8,0,0,2,0,56.6,63,1,61
8,12,0,0,2,0,56.6,63,1,61
8,24,0,0,2,0,56.6,63,1,61
9,0,1,100,1,.,54.7,45,0,102
9,0.5,0,0,2,0,54.7,45,0,102
9,1,0,0,2,0,54.7,45,0,102
9,2,0,0,2,0,54.7,45,0,102
9,4,0,0,2,0,54.7,45,0,102
9,6,0,0,2,0,54.7,45,0,102
9,8,0,0,2,0,54.7,45,0,102
9,12,0,0,2,0,54.7,45,0,102
9,24,0,0,2,0,54.7,45,0,102
10,0,1,100,1,.,91.2,22,1,36
10,0.5,0,0,2,0,91.2,22,1,36
10,1,0,0,2,0,91.2,22,1,36
10,2,0,0,2,0,91.2,22,1,36
10,4,0,0,2,0,91.2,22,1,36
10,6,0,0,2,0,91.2,22,1,36
10,8,0,0,2,0,91.2,22,1,36
10,12,0,0,2,0,91.2,22,1,36
10,24,0,0,2,0,91.2,22,1,36
11,0,1,100,1,.,66.7,36,0,86
11,0.5,0,0,2,0,66.7,36,0,86
11,1,0,0,2,0,66.7,36,0,86
11,2,0,0,2,0,66.7,36,0,86
11,4,0,0,2,0,66.7,36,0,86
11,6,0,0,2,0,66.7,36,0,86
11,8,0,0,2,0,66.7,36,0,86
11,12,0,0,2,0,66.7,36,0,86
11,24,0,0,2,0,66.7,36,0,86
12,0,1,100,1,.,99.3,42,1,88
12,0.5,0,0,2,0,99.3,42,1,88
12,1,0,0,2,0,99.3,42,1,88
12,2,0,0,2,0,99.3,42,1,88
12,4,0,0,2,0,99.3,42,1,88
12,6,0,0,2,0,99.3,42,1,88
12,8,0,0,2,0,99.3,42,1,88
12,12,0,0,2,0,99.3,42,1,88
12,24,0,0,2,0,99.3,42,1,88
13,0,1,100,1,.,81.4,57,0,96
13,0.5,0,0,2,0,81.4,57,0,96
13,1,0,0,2,0,81.4,57,0,96
13,2,0,0,2,0,81.4,57,0,96
13,4,0,0,2,0,81.4,57,0,96
13,6,0,0,2,0,81.4,57,0,96
13,8,0,0,2,0,81.4,57,0,96
13,12,0,0,2,0,81.4,57,0,96
13,24,0,0,2,0,81.4,57,0,96
14,0,1,100,1,.,91.4,63,0,81
14,0.5,0,0,2,0,91.4,63,0,81
14,1,0,0,2,0,91.4,63,0,81
14,2,0,0,2,0,91.4,63,0,81
14,4,0,0,2,0,91.4,63,0,81
14,6,0,0,2,0,91.4,63,0,81
14,8,0,0,2,0,91.4,63,0,81
14,12,0,0,2,0,91.4,63,0,81
14,24,0,0,2,0,91.4,63,0,81
15,0,1,100,1,.,79.1,74,0,55
15,0.5,0,0,2,0,79.1,74,0,55
15,1,0,0,2,0,79.1,74,0,55
15,2,0,0,2,0,79.1,74,0,55
15,4,0,0,2,0,79.1,74,0,55
15,6,0,0,2,0,79.1,74,0,55
15,8,0,0,2,0,79.1,74,0,55
15,12,0,0,2,0,79.1,74,0,55
15,24,0,0,2,0,79.1,74,0,55
16,0,1,100,1,.,59.9,58,1,103
16,0.5,0,0,2,0,59.9,58,1,103
16,1,0,0,2,0,59.9,58,1,103
16,2,0,0,2,0,59.9,58,1,103
16,4,0,0,2,0,59.9,58,1,103
16,6,0,0,2,0,59.9,58,1,103
16,8,0,0,2,0,59.9,58,1,103
16,12,0,0,2,0,59.9,58,1,103
16,24,0,0,2,0,59.9,58,1,103
17,0,1,100,1,.,91.1,61,1,53
17,0.5,0,0,2,0,91.1,61,1,53
17,1,0,0,2,0,91.1,61,1,53
17,2,0,0,2,0,91.1,61,1,53
17,4,0,0,2,0,91.1,61,1,53
17,6,0,0,2,0,91.1,61,1,53
17,8,0,0,2,0,91.1,61,1,53
17,12,0,0,2,0,91.1,61,1,53
17,24,0,0,2,0,91.1,61,1,53
18,0,1,100,1,.,61.0,65,1,117
18,0.5,0,0,2,0,61.0,65,1,117
18,1,0,0,2,0,61.0,65,1,117
18,2,0,0,2,0,61.0,65,1,117
18,4,0,0,2,0,61.0,65,1,117
18,6,0,0,2,0,61.0,65,1,117
18,8,0,0,2,0,61.0,65,1,117
18,12,0,0,2,0,61.0,65,1,117
18,24,0,0,2,0,61.0,65,1,117
19,0,1,100,1,.,62.1,64,0,108
19,0.5,0,0,2,0,62.1,64,0,108
19,1,0,0,2,0,62.1,64,0,108
19,2,0,0,2,0,62.1,64,0,108
19,4,0,0,2,0,62.1,64,0,108
19,6,0,0,2,0,62.1,64,0,108
19,8,0,0,2,0,62.1,64,0,108
19,12,0,0,2,0,62.1,64,0,108
19,24,0,0,2,0,62.1,64,0,108
20,0,1,100,1,.,64.1,70,1,83
20,0.5,0,0,2,0,64.1,70,1,83
20,1,0,0,2,0,64.1,70,1,83
20,2,0,0,2,0,64.1,70,1,83
20,4,0,0,2,0,64.1,70,1,83
20,6,0,0,2,0,64.1,70,1,83
20,8,0,0,2,0,64.1,70,1,83
20,12,0,0,2,0,64.1,70,1,83
20,24,0,0,2,0,64.1,70,1,83
21,0,1,100,1,.,71.1,36,1,57
21,0.5,0,0,2,0,71.1,36,1,57
21,1,0,0,2,0,71.1,36,1,57
21,2,0,0,2,0,71.1,36,1,57
21,4,0,0,2,0,71.1,36,1,57
21,6,0,0,2,0,71.1,36,1,57
21,8,0,0,2,0,71.1,36,1,57
21,12,0,0,2,0,71.1,36,1,57
21,24,0,0,2,0,71.1,36,1,57
22,0,1,100,1,.,86.6,26,0,39
22,0.5,0,0,2,0,86.6,26,0,39
22,1,0,0,2,0,86.6,26,0,39
22,2,0,0,2,0,86.6,26,0,39
22,4,0,0,2,0,86.6,26,0,39
22,6,0,0,2,0,86.6,26,0,39
22,8,0,0,2,0,86.6,26,0,39
22,12,0,0,2,0,86.6,26,0,39
22,24,0,0,2,0,86.6,26,0,39
23,0,1,100,1,.,97.4,66,1,60
23,0.5,0,0,2,0,97.4,66,1,60
23,1,0,0,2,0,97.4,66,1,60
23,2,0,0,2,0,97.4,66,1,60
23,4,0,0,2,0,97.4,66,1,60
23,6,0,0,2,0,97.4,66,1,60
23,8,0,0,2,0,97.4,66,1,60
23,12,0,0,2,0,97.4,66,1,60
23,24,0,0,2,0,97.4,66,1,60
24,0,1,100,1,.,88.2,68,0,110
24,0.5,0,0,2,0,88.2,68,0,110
24,1,0,0,2,0,88.2,68,0,110
24,2,0,0,2,0,88.2,68,0,110
24,4,0,0,2,0,88.2,68,0,110
24,6,0,0,2,0,88.2,68,0,110
24,8,0,0,2,0,88.2,68,0,110
24,12,0,0,2,0,88.2,68,0,110
24,24,0,0,2,0,88.2,68,0,110
25,0,1,100,1,.,88.1,67,0,121
25,0.5,0,0,2,0,88.1,67,0,121
25,1,0,0,2,0,88.1,67,0,121
25,2,0,0,2,0,88.1,67,0,121
25,4,0,0,2,0,88.1,67,0,121
25,6,0,0,2,0,88.1,67,0,121
25,8,0,0,2,0,88.1,67,0,121
25,12,0,0,2,0,88.1,67,0,121
25,24,0,0,2,0,88.1,67,0,121
26,0,1,100,1,.,92.5,24,0,92
26,0.5,0,0,2,0,92.5,24,0,92
26,1,0,0,2,0,92.5,24,0,92
26,2,0,0,2,0,92.5,24,0,92
26,4,0,0,2,0,92.5,24,0,92
26,6,0,0,2,0,92.5,24,0,92
26,8,0,0,2,0,92.5,24,0,92
26,12,0,0,2,0,92.5,24,0,92
26,24,0,0,2,0,92.5,24,0,92
27,0,1,100,1,.,90.2,60,1,129
27,0.5,0,0,2,0,90.2,60,1,129
27,1,0,0,2,0,90.2,60,1,129
27,2,0,0,2,0,90.2,60,1,129
27,4,0,0,2,0,90.2,60,1,129
27,6,0,0,2,0,90.2,60,1,129
27,8,0,0,2,0,90.2,60,1,129
27,12,0,0,2,0,90.2,60,1,129
27,24,0,0,2,0,90.2,60,1,129
28,0,1,100,1,.,57.4,80,0,120
28,0.5,0,0,2,0,57.4,80,0,120
28,1,0,0,2,0,57.4,80,0,120
28,2,0,0,2,0,57.4,80,0,120
28,4,0,0,2,0,57.4,80,0,120
28,6,0,0,2,0,57.4,80,0,120
28,8,0,0,2,0,57.4,80,0,120
28,12,0,0,2,0,57.4,80,0,120
28,24,0,0,2,0,57.4,80,0,120
29,0,1,100,1,.,78.0,28,0,115
29,0.5,0,0,2,0,78.0,28,0,115
29,1,0,0,2,0,78.0,28,0,115
29,2,0,0,2,0,78.0,28,0,115
29,4,0,0,2,0,78.0,28,0,115
29,6,0,0,2,0,78.0,28,0,115
29,8,0,0,2,0,78.0,28,0,115
29,12,0,0,2,0,78.0,28,0,115
29,24,0,0,2,0,78.0,28,0,115
30,0,1,100,1,.,58.1,39,1,113
30,0.5,0,0,2,0,58.1,39,1,113
30,1,0,0,2,0,58.1,39,1,113
30,2,0,0,2,0,58.1,39,1,113
30,4,0,0,2,0,58.1,39,1,113
30,6,0,0,2,0,58.1,39,1,113
30,8,0,0,2,0,58.1,39,1,113
30,12,0,0,2,0,58.1,39,1,113
30,24,0,0,2,0,58.1,39,1,113
31,0,1,100,1,.,91.3,45,1,64
31,0.5,0,0,2,0,91.3,45,1,64
31,1,0,0,2,0,91.3,45,1,64
31,2,0,0,2,0,91.3,45,1,64
31,4,0,0,2,0,91.3,45,1,64
31,6,0,0,2,0,91.3,45,1,64
31,8,0,0,2,0,91.3,45,1,64
31,12,0,0,2,0,91.3,45,1,64
31,24,0,0,2,0,91.3,45,1,64
32,0,1,100,1,.,88.9,32,0,102
32,0.5,0,0,2,0,88.9,32,0,102
32,1,0,0,2,0,88.9,32,0,102
32,2,0,0,2,0,88.9,32,0,102
32,4,0,0,2,0,88.9,32,0,102
32,6,0,0,2,0,88.9,32,0,102
32,8,0,0,2,0,88.9,32,0,102
32,12,0,0,2,0,88.9,32,0,102
32,24,0,0,2,0,88.9,32,0,102
33,0,1,100,1,.,95.9,20,0,79
33,0.5,0,0,2,0,95.9,20,0,79
33,1,0,0,2,0,95.9,20,0,79
33,2,0,0,2,0,95.9,20,0,79
33,4,0,0,2,0,95.9,20,0,79
33,6,0,0,2,0,95.9,20,0,79
33,8,0,0,2,0,95.9,20,0,79
33,12,0,0,2,0,95.9,20,0,79
33,24,0,0,2,0,95.9,20,0,79
34,0,1,100,1,.,88.3,32,0,50
34,0.5,0,0,2,0,88.3,32,0,50
34,1,0,0,2,0,88.3,32,0,50
34,2,0,0,2,0,88.3,32,0,50
34,4,0,0,2,0,88.3,32,0,50
34,6,0,0,2,0,88.3,32,0,50
34,8,0,0,2,0,88.3,32,0,50
34,12,0,0,2,0,88.3,32,0,50
34,24,0,0,2,0,88.3,32,0,50
35,0,1,100,1,.,64.4,44,0,103
35,0.5,0,0,2,0,64.4,44,0,103
35,1,0,0,2,0,64.4,44,0,103
35,2,0,0,2,0,64.4,44,0,103
35,4,0,0,2,0,64.4,44,0,103
35,6,0,0,2,0,64.4,44,0,103
35,8,0,0,2,0,64.4,44,0,103
35,12,0,0,2,0,64.4,44,0,103
35,24,0,0,2,0,64.4,44,0,103
36,0,1,100,1,.,98.5,63,1,128
36,0.5,0,0,2,0,98.5,63,1,128
36,1,0,0,2,0,98.5,63,1,128
36,2,0,0,2,0,98.5,63,1,128
36,4,0,0,2,0,98.5,63,1,128
36,6,0,0,2,0,98.5,63,1,128
36,8,0,0,2,0,98.5,63,1,128
36,12,0,0,2,0,98.5,63,1,128
36,24,0,0,2,0,98.5,63,1,128
37,0,1,100,1,.,59.4,61,0,117
37,0.5,0,0,2,0,59.4,61,0,117
37,1,0,0,2,0,59.4,61,0,117
37,2,0,0,2,0,59.4,61,0,117
37,4,0,0,2,0,59.4,61,0,117
37,6,0,0,2,0,59.4,61,0,117
37,8,0,0,2,0,59.4,61,0,117
37,12,0,0,2,0,59.4,61,0,117
37,24,0,0,2,0,59.4,61,0,117
38,0,1,100,1,.,82.9,66,0,114
38,0.5,0,0,2,0,82.9,66,0,114
38,1,0,0,2,0,82.9,66,0,114
38,2,0,0,2,0,82.9,66,0,114
38,4,0,0,2,0,82.9,66,0,114
38,6,0,0,2,0,82.9,66,0,114
38,8,0,0,2,0,82.9,66,0,114
38,12,0,0,2,0,82.9,66,0,114
38,24,0,0,2,0,82.9,66,0,114
39,0,1,100,1,.,65.8,48,1,97
39,0.5,0,0,2,0,65.8,48,1,97
39,1,0,0,2,0,65.8,48,1,97
39,2,0,0,2,0,65.8,48,1,97
39,4,0,0,2,0,65.8,48,1,97
39,6,0,0,2,0,65.8,48,1,97
39,8,0,0,2,0,65.8,48,1,97
39,12,0,0,2,0,65.8,48,1,97
39,24,0,0,2,0,65.8,48,1,97
40,0,1,100,1,.,76.1,53,1,91
40,0.5,0,0,2,0,76.1,53,1,91
40,1,0,0,2,0,76.1,53,1,91
40,2,0,0,2,0,76.1,53,1,91
40,4,0,0,2,0,76.1,53,1,91
40,6,0,0,2,0,76.1,53,1,91
40,8,0,0,2,0,76.1,53,1,91
40,12,0,0,2,0,76.1,53,1,91
40,24,0,0,2,0,76.1,53,1,91
41,0,1,100,1,.,93.8,74,0,124
41,0.5,0,0,2,0,93.8,74,0,124
41,1,0,0,2,0,93.8,74,0,124
41,2,0,0,2,0,93.8,74,0,124
41,4,0,0,2,0,93.8,74,0,124
41,6,0,0,2,0,93.8,74,0,124
41,8,0,0,2,0,93.8,74,0,124
41,12,0,0,2,0,93.8,74,0,124
41,24,0,0,2,0,93.8,74,0,124
42,0,1,100,1,.,63.4,39,0,65
42,0.5,0,0,2,0,63.4,39,0,65
42,1,0,0,2,0,63.4,39,0,65
42,2,0,0,2,0,63.4,39,0,65
42,4,0,0,2,0,63.4,39,0,65
42,6,0,0,2,0,63.4,39,0,65
42,8,0,0,2,0,63.4,39,0,65
42,12,0,0,2,0,63.4,39,0,65
42,24,0,0,2,0,63.4,39,0,65
43,0,1,100,1,.,64.7,64,1,122
43,0.5,0,0,2,0,64.7,64,1,122
43,1,0,0,2,0,64.7,64,1,122
43,2,0,0,2,0,64.7,64,1,122
43,4,0,0,2,0,64.7,64,1,122
43,6,0,0,2,0,64.7,64,1,122
43,8,0,0,2,0,64.7,64,1,122
43,12,0,0,2,0,64.7,64,1,122
43,24,0,0,2,0,64.7,64,1,122
44,0,1,100,1,.,65.2,51,1,55
44,0.5,0,0,2,0,65.2,51,1,55
44,1,0,0,2,0,65.2,51,1,55
44,2,0,0,2,0,65.2,51,1,55
44,4,0,0,2,0,65.2,51,1,55
44,6,0,0,2,0,65.2,51,1,55
44,8,0,0,2,0,65.2,51,1,55
44,12,0,0,2,0,65.2,51,1,55
44,24,0,0,2,0,65.2,51,1,55
45,0,1,100,1,.,51.9,50,1,96
45,0.5,0,0,2,0,51.9,50,1,96
45,1,0,0,2,0,51.9,50,1,96
45,2,0,0,2,0,51.9,50,1,96
45,4,0,0,2,0,51.9,50,1,96
45,6,0,0,2,0,51.9,50,1,96
45,8,0,0,2,0,51.9,50,1,96
45,12,0,0,2,0,51.9,50,1,96
45,24,0,0,2,0,51.9,50,1,96
46,0,1,100,1,.,86.4,32,1,122
46,0.5,0,0,2,0,86.4,32,1,122
46,1,0,0,2,0,86.4,32,1,122
46,2,0,0,2,0,86.4,32,1,122
46,4,0,0,2,0,86.4,32,1,122
46,6,0,0,2,0,86.4,32,1,122
46,8,0,0,2,0,86.4,32,1,122
46,12,0,0,2,0,86.4,32,1,122
46,24,0,0,2,0,86.4,32,1,122
47,0,1,100,1,.,81.9,52,1,50
47,0.5,0,0,2,0,81.9,52,1,50
47,1,0,0,2,0,81.9,52,1,50
47,2,0,0,2,0,81.9,52,1,50
47,4,0,0,2,0,81.9,52,1,50
47,6,0,0,2,0,81.9,52,1,50
47,8,0,0,2,0,81.9,52,1,50
47,12,0,0,2,0,81.9,52,1,50
47,24,0,0,2,0,81.9,52,1,50
48,0,1,100,1,.,67.6,41,0,38
48,0.5,0,0,2,0,67.6,41,0,38
48,1,0,0,2,0,67.6,41,0,38
48,2,0,0,2,0,67.6,41,0,38
48,4,0,0,2,0,67.6,41,0,38
48,6,0,0,2,0,67.6,41,0,38
48,8,0,0,2,0,67.6,41,0,38
48,12,0,0,2,0,67.6,41,0,38
48,24,0,0,2,0,67.6,41,0,38
49,0,1,100,1,.,63.0,25,0,34
49,0.5,0,0,2,0,63.0,25,0,34
49,1,0,0,2,0,63.0,25,0,34
49,2,0,0,2,0,63.0,25,0,34
49,4,0,0,2,0,63.0,25,0,34
49,6,0,0,2,0,63.0,25,0,34
49,8,0,0,2,0,63.0,25,0,34
49,12,0,0,2,0,63.0,25,0,34
49,24,0,0,2,0,63.0,25,0,34
50,0,1,100,1,.,72.1,31,1,103
50,0.5,0,0,2,0,72.1,31,1,103
50,1,0,0,2,0,72.1,31,1,103
50,2,0,0,2,0,72.1,31,1,103
50,4,0,0,2,0,72.1,31,1,103
50,6,0,0,2,0,72.1,31,1,103
50,8,0,0,2,0,72.1,31,1,103
50,12,0,0,2,0,72.1,31,1,103
50,24,0,0,2,0,72.1,31,1,103
51,0,1,100,1,.,50.9,64,1,37
51,0.5,0,0,2,0,50.9,64,1,37
51,1,0,0,2,0,50.9,64,1,37
51,2,0,0,2,0,50.9,64,1,37
51,4,0,0,2,0,50.9,64,1,37
51,6,0,0,2,0,50.9,64,1,37
51,8,0,0,2,0,50.9,64,1,37
51,12,0,0,2,0,50.9,64,1,37
51,24,0,0,2,0,50.9,64,1,37
52,0,1,100,1,.,52.6,31,1,125
52,0.5,0,0,2,0,52.6,31,1,125
52,1,0,0,2,0,52.6,31,1,125
52,2,0,0,2,0,52.6,31,1,125
52,4,0,0,2,0,52.6,31,1,125
52,6,0,0,2,0,52.6,31,1,125
52,8,0,0,2,0,52.6,31,1,125
52,12,0,0,2,0,52.6,31,1,125
52,24,0,0,2,0,52.6,31,1,125
53,0,1,100,1,.,59.6,22,1,105
53,0.5,0,0,2,0,59.6,22,1,105
53,1,0,0,2,0,59.6,22,1,105
53,2,0,0,2,0,59.6,22,1,105
53,4,0,0,2,0,59.6,22,1,105
53,6,0,0,2,0,59.6,22,1,105
53,8,0,0,2,0,59.6,22,1,105
53,12,0,0,2,0,59.6,22,1,105
53,24,0,0,2,0,59.6,22,1,105
54,0,1,100,1,.,94.2,36,1,77
54,0.5,0,0,2,0,94.2,36,1,77
54,1,0,0,2,0,94.2,36,1,77
54,2,0,0,2,0,94.2,36,1,77
54,4,0,0,2,0,94.2,36,1,77
54,6,0,0,2,0,94.2,36,1,77
54,8,0,0,2,0,94.2,36,1,77
54,12,0,0,2,0,94.2,36,1,77
54,24,0,0,2,0,94.2,36,1,77
55,0,1,100,1,.,64.1,27,0,127
55,0.5,0,0,2,0,64.1,27,0,127
55,1,0,0,2,0,64.1,27,0,127
55,2,0,0,2,0,64.1,27,0,127
55,4,0,0,2,0,64.1,27,0,127
55,6,0,0,2,0,64.1,27,0,127
55,8,0,0,2,0,64.1,27,0,127
55,12,0,0,2,0,64.1,27,0,127
55,24,0,0,2,0,64.1,27,0,127
56,0,1,100,1,.,54.1,76,0,81
56,0.5,0,0,2,0,54.1,76,0,81
56,1,0,0,2,0,54.1,76,0,81
56,2,0,0,2,0,54.1,76,0,81
56,4,0,0,2,0,54.1,76,0,81
56,6,0,0,2,0,54.1,76,0,81
56,8,0,0,2,0,54.1,76,0,81
56,12,0,0,2,0,54.1,76,0,81
56,24,0,0,2,0,54.1,76,0,81
57,0,1,100,1,.,72.7,38,0,68
57,0.5,0,0,2,0,72.7,38,0,68
57,1,0,0,2,0,72.7,38,0,68
57,2,0,0,2,0,72.7,38,0,68
57,4,0,0,2,0,72.7,38,0,68
57,6,0,0,2,0,72.7,38,0,68
57,8,0,0,2,0,72.7,38,0,68
57,12,0,0,2,0,72.7,38,0,68
57,24,0,0,2,0,72.7,38,0,68
58,0,1,100,1,.,86.9,40,1,45
58,0.5,0,0,2,0,86.9,40,1,45
58,1,0,0,2,0,86.9,40,1,45
58,2,0,0,2,0,86.9,40,1,45
58,4,0,0,2,0,86.9,40,1,45
58,6,0,0,2,0,86.9,40,1,45
58,8,0,0,2,0,86.9,40,1,45
58,12,0,0,2,0,86.9,40,1,45
58,24,0,0,2,0,86.9,40,1,45
59,0,1,100,1,.,92.5,67,1,104
59,0.5,0,0,2,0,92.5,67,1,104
59,1,0,0,2,0,92.5,67,1,104
59,2,0,0,2,0,92.5,67,1,104
59,4,0,0,2,0,92.5,67,1,104
59,6,0,0,2,0,92.5,67,1,104
59,8,0,0,2,0,92.5,67,1,104
59,12,0,0,2,0,92.5,67,1,104
59,24,0,0,2,0,92.5,67,1,104
60,0,1,100,1,.,89.3,41,0,69
60,0.5,0,0,2,0,89.3,41,0,69
60,1,0,0,2,0,89.3,41,0,69
60,2,0,0,2,0,89.3,41,0,69
60,4,0,0,2,0,89.3,41,0,69
60,6,0,0,2,0,89.3,41,0,69
60,8,0,0,2,0,89.3,41,0,69
60,12,0,0,2,0,89.3,41,0,69
60,24,0,0,2,0,89.3,41,0,69