ID,TIME,EVID,AMT,CMT,DV,DVID,CENS,AGE
1,0.0,1,100.0,2,.,1,0,67.3
1,0.25,0,0.0,2,1.8832055831732142,1,0,67.3
1,1.0,0,0.0,2,1.611273270297899,1,0,67.3
1,3.0,0,0.0,2,1.4982967069102122,1,0,67.3
1,8.0,0,0.0,2,0.951502110828634,1,0,67.3
1,24.0,1,200.0,1,.,1,0,67.3
1,25.0,0,0.0,2,1.889526086058044,1,0,67.3
1,26.0,0,0.0,2,2.7752836816080912,1,0,67.3
1,28.0,0,0.0,2,2.1022316562892,1,0,67.3
1,32.0,0,0.0,2,1.5723165939593031,1,0,67.3
1,40.0,0,0.0,2,1.0406667047198963,1,0,67.3
2,0.0,1,100.0,2,.,1,0,39.9
2,0.25,0,0.0,2,1.6735898076935634,1,0,39.9
2,1.0,0,0.0,2,1.7812897301289186,1,0,39.9
2,3.0,0,0.0,2,1.5810963314109812,1,0,39.9
2,8.0,0,0.0,2,0.6548589903700791,1,0,39.9
2,24.0,1,200.0,1,.,1,0,39.9
2,25.0,0,0.0,2,1.470262951596428,1,0,39.9
2,26.0,0,0.0,2,1.3921255145268006,1,0,39.9
2,28.0,0,0.0,2,1.457589692460269,1,0,39.9
2,32.0,0,0.0,2,0.8603775686187869,1,0,39.9
2,40.0,0,0.0,2,0.47072607920190496,1,0,39.9
3,0.0,1,100.0,2,.,1,0,58.1
3,0.25,0,0.0,2,2.0185690954577193,1,0,58.1
3,1.0,0,0.0,2,1.8380620326422774,1,0,58.1
3,3.0,0,0.0,2,1.0524572466619988,1,0,58.1
3,8.0,0,0.0,2,1.1746029350321476,1,0,58.1
3,24.0,1,200.0,1,.,1,0,58.1
3,25.0,0,0.0,2,2.032835512153655,1,0,58.1
3,26.0,0,0.0,2,2.5507103576673025,1,0,58.1
3,28.0,0,0.0,2,1.9405845234944334,1,0,58.1
3,32.0,0,0.0,2,1.9047103814595163,1,0,58.1
3,40.0,0,0.0,2,1.1189978879287603,1,0,58.1
4,0.0,1,100.0,2,.,1,0,47.9
4,0.25,0,0.0,2,1.726272590569611,1,0,47.9
4,1.0,0,0.0,2,1.8515078851023956,1,0,47.9
4,3.0,0,0.0,2,1.823841272008652,1,0,47.9
4,8.0,0,0.0,2,1.023761123953308,1,0,47.9
4,24.0,1,200.0,1,.,1,0,47.9
4,25.0,0,0.0,2,2.059666835294093,1,0,47.9
4,26.0,0,0.0,2,2.6415788381561502,1,0,47.9
4,28.0,0,0.0,2,2.5836738322708492,1,0,47.9
4,32.0,0,0.0,2,1.5988889739900365,1,0,47.9
4,40.0,0,0.0,2,1.1120383395818552,1,0,47.9
5,0.0,1,100.0,2,.,1,0,29.5
5,0.25,0,0.0,2,2.1659724598811483,1,0,29.5
5,1.0,0,0.0,2,1.724228774892071,1,0,29.5
5,3.0,0,0.0,2,1.0981655517383515,1,0,29.5
5,8.0,0,0.0,2,0.6884332774085686,1,0,29.5
5,24.0,1,200.0,1,.,1,0,29.5
5,25.0,0,0.0,2,1.0370093346788185,1,0,29.5
5,26.0,0,0.0,2,0.9176674955722771,1,0,29.5
5,28.0,0,0.0,2,0.9611157269303987,1,0,29.5
5,32.0,0,0.0,2,0.5499244966970145,1,0,29.5
5,40.0,0,0.0,2,0.13037769184961034,1,0,29.5
6,0.0,1,100.0,2,.,1,0,44.1
6,0.25,0,0.0,2,2.1363748379603154,1,0,44.1
6,1.0,0,0.0,2,2.1615530926172513,1,0,44.1
6,3.0,0,0.0,2,1.2625987976498032,1,0,44.1
6,8.0,0,0.0,2,0.8037437719578954,1,0,44.1
6,24.0,1,200.0,1,.,1,0,44.1
6,25.0,0,0.0,2,1.3977591789669712,1,0,44.1
6,26.0,0,0.0,2,1.8844692789626285,1,0,44.1
6,28.0,0,0.0,2,1.396337207339376,1,0,44.1
6,32.0,0,0.0,2,0.9959123958606116,1,0,44.1
6,40.0,0,0.0,2,0.41317799524625043,1,0,44.1
7,0.0,1,100.0,2,.,1,0,31.9
7,0.25,0,0.0,2,1.547207691182664,1,0,31.9
7,1.0,0,0.0,2,1.5290887532847517,1,0,31.9
7,3.0,0,0.0,2,1.4348994456487243,1,0,31.9
7,8.0,0,0.0,2,0.4518784834774582,1,0,31.9
7,24.0,1,200.0,1,.,1,0,31.9
7,25.0,0,0.0,2,1.6531947036519306,1,0,31.9
7,26.0,0,0.0,2,2.142608907152818,1,0,31.9
7,28.0,0,0.0,2,2.288758254562334,1,0,31.9
7,32.0,0,0.0,2,1.2443322471951348,1,0,31.9
7,40.0,0,0.0,2,0.34591888015467004,1,0,31.9
8,0.0,1,100.0,2,.,1,0,65.1
8,0.25,0,0.0,2,2.41620987244832,1,0,65.1
8,1.0,0,0.0,2,1.7502001026884824,1,0,65.1
8,3.0,0,0.0,2,1.5610307417957998,1,0,65.1
8,8.0,0,0.0,2,1.2314692122945632,1,0,65.1
8,24.0,1,200.0,1,.,1,0,65.1
8,25.0,0,0.0,2,1.720623228793652,1,0,65.1
8,26.0,0,0.0,2,2.0822618697646575,1,0,65.1
8,28.0,0,0.0,2,1.7653056672603744,1,0,65.1
8,32.0,0,0.0,2,1.6511904210438855,1,0,65.1
8,40.0,0,0.0,2,0.9033799918271975,1,0,65.1
9,0.0,1,100.0,2,.,1,0,57.4
9,0.25,0,0.0,2,1.9352181461208247,1,0,57.4
9,1.0,0,0.0,2,1.9571612424914573,1,0,57.4
9,3.0,0,0.0,2,1.335403141707804,1,0,57.4
9,8.0,0,0.0,2,0.9067549459084475,1,0,57.4
9,24.0,1,200.0,1,.,1,0,57.4
9,25.0,0,0.0,2,1.717126487695013,1,0,57.4
9,26.0,0,0.0,2,2.3070219807740426,1,0,57.4
9,28.0,0,0.0,2,1.5743227944525395,1,0,57.4
9,32.0,0,0.0,2,1.3214209901274394,1,0,57.4
9,40.0,0,0.0,2,0.367610916691136,1,0,57.4
10,0.0,1,100.0,2,.,1,0,50.5
10,0.25,0,0.0,2,1.7091287925276708,1,0,50.5
10,1.0,0,0.0,2,1.9520037414103668,1,0,50.5
10,3.0,0,0.0,2,2.3107190953202297,1,0,50.5
10,8.0,0,0.0,2,1.186592074061959,1,0,50.5
10,24.0,1,200.0,1,.,1,0,50.5
10,25.0,0,0.0,2,1.7842698219595068,1,0,50.5
10,26.0,0,0.0,2,2.4543516705307553,1,0,50.5
10,28.0,0,0.0,2,2.5841226926316008,1,0,50.5
10,32.0,0,0.0,2,1.9624090842277742,1,0,50.5
10,40.0,0,0.0,2,1.3247161422800615,1,0,50.5
11,0.0,1,100.0,2,.,1,0,29.1
11,0.25,0,0.0,2,1.633032510549191,1,0,29.1
11,1.0,0,0.0,2,1.7233720408534094,1,0,29.1
11,3.0,0,0.0,2,1.3333281358772484,1,0,29.1
11,8.0,0,0.0,2,0.5630643250505988,1,0,29.1
11,24.0,1,200.0,1,.,1,0,29.1
11,25.0,0,0.0,2,1.6846300963028245,1,0,29.1
11,26.0,0,0.0,2,1.7308099504643888,1,0,29.1
11,28.0,0,0.0,2,2.0300961325730196,1,0,29.1
11,32.0,0,0.0,2,1.0868021284431906,1,0,29.1
11,40.0,0,0.0,2,0.3583286938169545,1,0,29.1
12,0.0,1,100.0,2,.,1,0,41.3
12,0.25,0,0.0,2,1.372027012624605,1,0,41.3
12,1.0,0,0.0,2,1.528829225887163,1,0,41.3
12,3.0,0,0.0,2,1.6456799117303837,1,0,41.3
12,8.0,0,0.0,2,0.7027378672048481,1,0,41.3
12,24.0,1,200.0,1,.,1,0,41.3
12,25.0,0,0.0,2,1.872661320926192,1,0,41.3
12,26.0,0,0.0,2,1.5115541346415076,1,0,41.3
12,28.0,0,0.0,2,2.2063917360580723,1,0,41.3
12,32.0,0,0.0,2,1.2715792384637494,1,0,41.3
12,40.0,0,0.0,2,0.8400187381140847,1,0,41.3