ID,TIME,EVID,AMT,CMT,DV,DVID,CENS,WT,SEX
1,0.0,1,300.0,1,.,1,0,69.7,1.0
1,0.5,0,0.0,1,3.910290656315245,1,0,69.7,1.0
1,1.0,0,0.0,1,5.253967687043702,1,0,69.7,1.0
1,2.0,0,0.0,1,6.685454849857943,1,0,69.7,1.0
1,4.0,0,0.0,1,5.2935308277653395,1,0,69.7,1.0
1,8.0,0,0.0,1,3.840213754354533,1,0,69.7,1.0
1,10.0,2,0.0,1,.,1,0,67.1,1.0
1,12.0,0,0.0,1,2.854350141945636,1,0,67.1,1.0
1,16.0,0,0.0,1,1.2821259144551103,1,0,67.1,1.0
1,24.0,0,0.0,1,0.4114649693038049,1,0,67.1,1.0
2,0.0,1,300.0,1,.,1,0,61.3,1.0
2,0.5,0,0.0,1,4.272940802644113,1,0,61.3,1.0
2,1.0,0,0.0,1,5.332785431460591,1,0,61.3,1.0
2,2.0,0,0.0,1,7.159326688962237,1,0,61.3,1.0
2,4.0,0,0.0,1,6.569777199232111,1,0,61.3,1.0
2,8.0,0,0.0,1,2.5977002748236364,1,0,61.3,1.0
2,10.0,2,0.0,1,.,1,0,70.5,1.0
2,12.0,0,0.0,1,1.4850018473674944,1,0,70.5,1.0
2,16.0,0,0.0,1,0.6126230200250049,1,0,70.5,1.0
2,24.0,0,0.0,1,0.18102283079324763,1,0,70.5,1.0
3,0.0,1,300.0,1,.,1,0,84.9,0.0
3,0.5,0,0.0,1,4.176222322342171,1,0,84.9,0.0
3,1.0,0,0.0,1,8.15665977988946,1,0,84.9,0.0
3,2.0,0,0.0,1,9.931660870256165,1,0,84.9,0.0
3,4.0,0,0.0,1,9.134263531559444,1,0,84.9,0.0
3,8.0,0,0.0,1,4.54564226452467,1,0,84.9,0.0
3,10.0,2,0.0,1,.,1,0,87.5,0.0
3,12.0,0,0.0,1,5.048957734908103,1,0,87.5,0.0
3,16.0,0,0.0,1,4.237530609587872,1,0,87.5,0.0
3,24.0,0,0.0,1,2.6204639231145066,1,0,87.5,0.0
4,0.0,1,300.0,1,.,1,0,65.0,0.0
4,0.5,0,0.0,1,5.750722226974757,1,0,65.0,0.0
4,1.0,0,0.0,1,8.903759909669736,1,0,65.0,0.0
4,2.0,0,0.0,1,14.230646509626066,1,0,65.0,0.0
4,4.0,0,0.0,1,9.904804075494809,1,0,65.0,0.0
4,8.0,0,0.0,1,7.7765773991732114,1,0,65.0,0.0
4,10.0,2,0.0,1,.,1,0,93.4,0.0
4,12.0,0,0.0,1,4.477679298236882,1,0,93.4,0.0
4,16.0,0,0.0,1,2.7613193984561617,1,0,93.4,0.0
4,24.0,0,0.0,1,1.7595095214626124,1,0,93.4,0.0
5,0.0,1,300.0,1,.,1,0,63.0,0.0
5,0.5,0,0.0,1,3.8338474764935824,1,0,63.0,0.0
5,1.0,0,0.0,1,7.116771950141921,1,0,63.0,0.0
5,2.0,0,0.0,1,10.133863358044204,1,0,63.0,0.0
5,4.0,0,0.0,1,5.749977676236503,1,0,63.0,0.0
5,8.0,0,0.0,1,5.495740296639504,1,0,63.0,0.0
5,10.0,2,0.0,1,.,1,0,83.1,0.0
5,12.0,0,0.0,1,2.5385581585916306,1,0,83.1,0.0
5,16.0,0,0.0,1,1.5952191234343065,1,0,83.1,0.0
5,24.0,0,0.0,1,1.2419313644185639,1,0,83.1,0.0
6,0.0,1,300.0,1,.,1,0,62.8,1.0
6,0.5,0,0.0,1,5.617566041524994,1,0,62.8,1.0
6,1.0,0,0.0,1,8.708507718152696,1,0,62.8,1.0
6,2.0,0,0.0,1,8.562546851095375,1,0,62.8,1.0
6,4.0,0,0.0,1,7.081527962137938,1,0,62.8,1.0
6,8.0,0,0.0,1,2.637166482078216,1,0,62.8,1.0
6,10.0,2,0.0,1,.,1,0,74.3,1.0
6,12.0,0,0.0,1,1.1014397901286426,1,0,74.3,1.0
6,16.0,0,0.0,1,0.6341233698889807,1,0,74.3,1.0
6,24.0,0,0.0,1,0.03210452949578041,1,0,74.3,1.0
7,0.0,1,300.0,1,.,1,0,62.0,1.0
7,0.5,0,0.0,1,5.3428977861367075,1,0,62.0,1.0
7,1.0,0,0.0,1,6.306106187319451,1,0,62.0,1.0
7,2.0,0,0.0,1,7.992785665461375,1,0,62.0,1.0
7,4.0,0,0.0,1,6.753256476072779,1,0,62.0,1.0
7,8.0,0,0.0,1,3.988157047810468,1,0,62.0,1.0
7,10.0,2,0.0,1,.,1,0,86.1,1.0
7,12.0,0,0.0,1,1.644860450700343,1,0,86.1,1.0
7,16.0,0,0.0,1,0.6215130094025911,1,0,86.1,1.0
7,24.0,0,0.0,1,0.2160289827912067,1,0,86.1,1.0
8,0.0,1,300.0,1,.,1,0,76.6,1.0
8,0.5,0,0.0,1,5.205001590927654,1,0,76.6,1.0
8,1.0,0,0.0,1,7.971560292049432,1,0,76.6,1.0
8,2.0,0,0.0,1,10.632575641141507,1,0,76.6,1.0
8,4.0,0,0.0,1,7.278112255464048,1,0,76.6,1.0
8,8.0,0,0.0,1,2.668762663815635,1,0,76.6,1.0
8,10.0,2,0.0,1,.,1,0,74.2,1.0
8,12.0,0,0.0,1,1.1207495764856217,1,0,74.2,1.0
8,16.0,0,0.0,1,0.4553320477108596,1,0,74.2,1.0
8,24.0,0,0.0,1,0.23378955699016718,1,0,74.2,1.0
9,0.0,1,300.0,1,.,1,0,63.0,0.0
9,0.5,0,0.0,1,5.8846349809391425,1,0,63.0,0.0
9,1.0,0,0.0,1,8.198565330987869,1,0,63.0,0.0
9,2.0,0,0.0,1,9.688193604119755,1,0,63.0,0.0
9,4.0,0,0.0,1,7.403776197430587,1,0,63.0,0.0
9,8.0,0,0.0,1,5.757006108772602,1,0,63.0,0.0
9,10.0,2,0.0,1,.,1,0,73.1,0.0
9,12.0,0,0.0,1,3.059061382096108,1,0,73.1,0.0
9,16.0,0,0.0,1,2.6424009808057347,1,0,73.1,0.0
9,24.0,0,0.0,1,1.156536116323132,1,0,73.1,0.0
10,0.0,1,300.0,1,.,1,0,86.6,0.0
10,0.5,0,0.0,1,2.911091944673789,1,0,86.6,0.0
10,1.0,0,0.0,1,5.394797192809399,1,0,86.6,0.0
10,2.0,0,0.0,1,5.740196600999872,1,0,86.6,0.0
10,4.0,0,0.0,1,6.014282728747895,1,0,86.6,0.0
10,8.0,0,0.0,1,3.4106855078967757,1,0,86.6,0.0
10,10.0,2,0.0,1,.,1,0,74.3,0.0
10,12.0,0,0.0,1,3.864122516448005,1,0,74.3,0.0
10,16.0,0,0.0,1,1.9674950184074147,1,0,74.3,0.0
10,24.0,0,0.0,1,0.9275210324691738,1,0,74.3,0.0
11,0.0,1,300.0,1,.,1,0,69.5,0.0
11,0.5,0,0.0,1,5.842236966892916,1,0,69.5,0.0
11,1.0,0,0.0,1,11.37310278680768,1,0,69.5,0.0
11,2.0,0,0.0,1,8.847697818832264,1,0,69.5,0.0
11,4.0,0,0.0,1,8.060150022727992,1,0,69.5,0.0
11,8.0,0,0.0,1,5.78356109611845,1,0,69.5,0.0
11,10.0,2,0.0,1,.,1,0,67.0,0.0
11,12.0,0,0.0,1,3.860461902399058,1,0,67.0,0.0
11,16.0,0,0.0,1,2.1347991621967632,1,0,67.0,0.0
11,24.0,0,0.0,1,0.7882877808897998,1,0,67.0,0.0
12,0.0,1,300.0,1,.,1,0,87.1,0.0
12,0.5,0,0.0,1,2.362651961966411,1,0,87.1,0.0
12,1.0,0,0.0,1,4.192419593035914,1,0,87.1,0.0
12,2.0,0,0.0,1,5.224982171186159,1,0,87.1,0.0
12,4.0,0,0.0,1,4.121796031449023,1,0,87.1,0.0
12,8.0,0,0.0,1,3.752110480085144,1,0,87.1,0.0
12,10.0,2,0.0,1,.,1,0,67.0,0.0
12,12.0,0,0.0,1,2.8275501345637757,1,0,67.0,0.0
12,16.0,0,0.0,1,2.481598563910919,1,0,67.0,0.0
12,24.0,0,0.0,1,0.9751771559578654,1,0,67.0,0.0