ID,TIME,EVID,AMT,CMT,DV,DVID,CENS
1,0,1,150,1,.,1,0
1,1,0,0,1,0,1,0
1,3,0,0,1,0,1,0
1,8,0,0,1,0,1,0
1,24,0,0,1,0,1,0
1,2.01,0,0,1,0,2,0
1,12.01,0,0,1,0,2,0
1,24.01,0,0,1,0,2,0
1,48.01,0,0,1,0,2,0
1,72.01,0,0,1,0,2,0
2,0,1,150,1,.,1,0
2,1,0,0,1,0,1,0
2,3,0,0,1,0,1,0
2,8,0,0,1,0,1,0
2,24,0,0,1,0,1,0
2,2.01,0,0,1,0,2,0
2,12.01,0,0,1,0,2,0
2,24.01,0,0,1,0,2,0
2,48.01,0,0,1,0,2,0
2,72.01,0,0,1,0,2,0
3,0,1,150,1,.,1,0
3,1,0,0,1,0,1,0
3,3,0,0,1,0,1,0
3,8,0,0,1,0,1,0
3,24,0,0,1,0,1,0
3,2.01,0,0,1,0,2,0
3,12.01,0,0,1,0,2,0
3,24.01,0,0,1,0,2,0
3,48.01,0,0,1,0,2,0
3,72.01,0,0,1,0,2,0
4,0,1,150,1,.,1,0
4,1,0,0,1,0,1,0
4,3,0,0,1,0,1,0
4,8,0,0,1,0,1,0
4,24,0,0,1,0,1,0
4,2.01,0,0,1,0,2,0
4,12.01,0,0,1,0,2,0
4,24.01,0,0,1,0,2,0
4,48.01,0,0,1,0,2,0
4,72.01,0,0,1,0,2,0
5,0,1,150,1,.,1,0
5,1,0,0,1,0,1,0
5,3,0,0,1,0,1,0
5,8,0,0,1,0,1,0
5,24,0,0,1,0,1,0
5,2.01,0,0,1,0,2,0
5,12.01,0,0,1,0,2,0
5,24.01,0,0,1,0,2,0
5,48.01,0,0,1,0,2,0
5,72.01,0,0,1,0,2,0
6,0,1,150,1,.,1,0
6,1,0,0,1,0,1,0
6,3,0,0,1,0,1,0
6,8,0,0,1,0,1,0
6,24,0,0,1,0,1,0
6,2.01,0,0,1,0,2,0
6,12.01,0,0,1,0,2,0
6,24.01,0,0,1,0,2,0
6,48.01,0,0,1,0,2,0
6,72.01,0,0,1,0,2,0
7,0,1,150,1,.,1,0
7,1,0,0,1,0,1,0
7,3,0,0,1,0,1,0
7,8,0,0,1,0,1,0
7,24,0,0,1,0,1,0
7,2.01,0,0,1,0,2,0
7,12.01,0,0,1,0,2,0
7,24.01,0,0,1,0,2,0
7,48.01,0,0,1,0,2,0
7,72.01,0,0,1,0,2,0
8,0,1,150,1,.,1,0
8,1,0,0,1,0,1,0
8,3,0,0,1,0,1,0
8,8,0,0,1,0,1,0
8,24,0,0,1,0,1,0
8,2.01,0,0,1,0,2,0
8,12.01,0,0,1,0,2,0
8,24.01,0,0,1,0,2,0
8,48.01,0,0,1,0,2,0
8,72.01,0,0,1,0,2,0