ID,TIME,EVID,AMT,CMT,DV,DVID,CENS,OCC
1,0,1,500,1,.,1,0,1
1,1,0,0,1,0,1,0,1
1,4,0,0,1,0,1,0,1
1,12,0,0,1,0,1,0,1
1,24,0,0,1,0,1,0,1
1,36,0,0,1,0,1,0,1
1,72,3,0,1,.,1,0,2
1,72,1,500,1,.,1,0,2
1,73,0,0,1,0,1,0,2
1,76,0,0,1,0,1,0,2
1,84,0,0,1,0,1,0,2
1,96,0,0,1,0,1,0,2
1,108,0,0,1,0,1,0,2
2,0,1,500,1,.,1,0,1
2,1,0,0,1,0,1,0,1
2,4,0,0,1,0,1,0,1
2,12,0,0,1,0,1,0,1
2,24,0,0,1,0,1,0,1
2,36,0,0,1,0,1,0,1
2,72,3,0,1,.,1,0,2
2,72,1,500,1,.,1,0,2
2,73,0,0,1,0,1,0,2
2,76,0,0,1,0,1,0,2
2,84,0,0,1,0,1,0,2
2,96,0,0,1,0,1,0,2
2,108,0,0,1,0,1,0,2
3,0,1,500,1,.,1,0,1
3,1,0,0,1,0,1,0,1
3,4,0,0,1,0,1,0,1
3,12,0,0,1,0,1,0,1
3,24,0,0,1,0,1,0,1
3,36,0,0,1,0,1,0,1
3,72,3,0,1,.,1,0,2
3,72,1,500,1,.,1,0,2
3,73,0,0,1,0,1,0,2
3,76,0,0,1,0,1,0,2
3,84,0,0,1,0,1,0,2
3,96,0,0,1,0,1,0,2
3,108,0,0,1,0,1,0,2
4,0,1,500,1,.,1,0,1
4,1,0,0,1,0,1,0,1
4,4,0,0,1,0,1,0,1
4,12,0,0,1,0,1,0,1
4,24,0,0,1,0,1,0,1
4,36,0,0,1,0,1,0,1
4,72,3,0,1,.,1,0,2
4,72,1,500,1,.,1,0,2
4,73,0,0,1,0,1,0,2
4,76,0,0,1,0,1,0,2
4,84,0,0,1,0,1,0,2
4,96,0,0,1,0,1,0,2
4,108,0,0,1,0,1,0,2
5,0,1,500,1,.,1,0,1
5,1,0,0,1,0,1,0,1
5,4,0,0,1,0,1,0,1
5,12,0,0,1,0,1,0,1
5,24,0,0,1,0,1,0,1
5,36,0,0,1,0,1,0,1
5,72,3,0,1,.,1,0,2
5,72,1,500,1,.,1,0,2
5,73,0,0,1,0,1,0,2
5,76,0,0,1,0,1,0,2
5,84,0,0,1,0,1,0,2
5,96,0,0,1,0,1,0,2
5,108,0,0,1,0,1,0,2
6,0,1,500,1,.,1,0,1
6,1,0,0,1,0,1,0,1
6,4,0,0,1,0,1,0,1
6,12,0,0,1,0,1,0,1
6,24,0,0,1,0,1,0,1
6,36,0,0,1,0,1,0,1
6,72,3,0,1,.,1,0,2
6,72,1,500,1,.,1,0,2
6,73,0,0,1,0,1,0,2
6,76,0,0,1,0,1,0,2
6,84,0,0,1,0,1,0,2
6,96,0,0,1,0,1,0,2
6,108,0,0,1,0,1,0,2
7,0,1,500,1,.,1,0,1
7,1,0,0,1,0,1,0,1
7,4,0,0,1,0,1,0,1
7,12,0,0,1,0,1,0,1
7,24,0,0,1,0,1,0,1
7,36,0,0,1,0,1,0,1
7,72,3,0,1,.,1,0,2
7,72,1,500,1,.,1,0,2
7,73,0,0,1,0,1,0,2
7,76,0,0,1,0,1,0,2
7,84,0,0,1,0,1,0,2
7,96,0,0,1,0,1,0,2
7,108,0,0,1,0,1,0,2
8,0,1,500,1,.,1,0,1
8,1,0,0,1,0,1,0,1
8,4,0,0,1,0,1,0,1
8,12,0,0,1,0,1,0,1
8,24,0,0,1,0,1,0,1
8,36,0,0,1,0,1,0,1
8,72,3,0,1,.,1,0,2
8,72,1,500,1,.,1,0,2
8,73,0,0,1,0,1,0,2
8,76,0,0,1,0,1,0,2
8,84,0,0,1,0,1,0,2
8,96,0,0,1,0,1,0,2
8,108,0,0,1,0,1,0,2
9,0,1,500,1,.,1,0,1
9,1,0,0,1,0,1,0,1
9,4,0,0,1,0,1,0,1
9,12,0,0,1,0,1,0,1
9,24,0,0,1,0,1,0,1
9,36,0,0,1,0,1,0,1
9,72,3,0,1,.,1,0,2
9,72,1,500,1,.,1,0,2
9,73,0,0,1,0,1,0,2
9,76,0,0,1,0,1,0,2
9,84,0,0,1,0,1,0,2
9,96,0,0,1,0,1,0,2
9,108,0,0,1,0,1,0,2
10,0,1,500,1,.,1,0,1
10,1,0,0,1,0,1,0,1
10,4,0,0,1,0,1,0,1
10,12,0,0,1,0,1,0,1
10,24,0,0,1,0,1,0,1
10,36,0,0,1,0,1,0,1
10,72,3,0,1,.,1,0,2
10,72,1,500,1,.,1,0,2
10,73,0,0,1,0,1,0,2
10,76,0,0,1,0,1,0,2
10,84,0,0,1,0,1,0,2
10,96,0,0,1,0,1,0,2
10,108,0,0,1,0,1,0,2