scenario,ID,TIME,output,pkpy2,rxode2,scaled_difference
iv1_infusion,1,0.1,1,0.5930467778708015,0.593046777870915,1.9132519954671808e-13
iv1_infusion,1,0.25,1,1.4744498468675846,1.47444984686857,6.68340099020763e-13
iv1_infusion,1,0.5,1,2.9219420645836642,2.92194206458369,8.815087226917157e-15
iv1_infusion,1,1.0,1,5.738016085850414,5.73801608585048,1.145434276837995e-14
iv1_infusion,1,1.5,1,8.452057883384628,8.45205788338482,2.269820454405096e-14
iv1_infusion,1,2.0,1,11.0677642970425,11.0677642970452,2.439573452616104e-13
iv1_infusion,1,3.0,1,10.280277378364199,10.28027737834,2.3539548917363143e-12
iv1_infusion,1,4.0,1,9.548821256009878,9.5488212559876,2.3331746277885164e-12
iv1_infusion,1,6.0,1,8.238338379106157,8.23833837908379,2.714881076222066e-12
iv1_infusion,1,8.0,1,7.107706535603753,7.10770653558763,2.2683973757342803e-12
iv1_infusion,1,10.0,1,6.132242919808978,6.13224291979869,1.6776521690246866e-12
iv1_infusion,1,12.0,1,5.290652201125676,5.29065220111242,2.5055630969726436e-12
iv1_infusion,1,16.0,1,3.9381199227998667,3.93811992278746,3.150366291232614e-12
iv1_infusion,1,20.0,1,2.9313566525982315,2.93135665259221,2.0541361253439587e-12
iv1_infusion,1,24.0,1,2.1819680439347033,2.1819680439314,1.513833143455796e-12
iv1_infusion,1,30.0,1,10.648020710524257,10.6480207105069,1.630047794765566e-12
iv1_infusion,1,36.0,1,6.838147647909453,6.83814764789994,1.3912070261205401e-12
iv1_infusion,1,48.0,1,2.8201853155781182,2.82018531557522,1.0276367894960092e-12
iv1_infusion,1,60.0,1,1.163099368969309,1.1630993689694,7.827214978194866e-14
iv1_infusion,1,72.0,1,0.4796848400792025,0.479684840079793,1.2310741917545063e-12
iv2_infusion_ss,1,0.5,1,8.959114768822474,8.95911476882797,6.134588296856217e-13
iv2_infusion_ss,1,1.0,1,12.509011138098254,12.5090111381034,4.113918923668631e-13
iv2_infusion_ss,1,2.0,1,17.37251419903184,17.372514199032,9.20258943031577e-15
iv2_infusion_ss,1,3.0,1,12.004769090040249,12.0047690900316,7.204704552144829e-13
iv2_infusion_ss,1,5.0,1,7.543819390229974,7.54381939022925,9.5954764372163e-14
iv2_infusion_ss,1,8.0,1,5.479389203658032,5.47938920365934,2.3876508194463753e-13
iv2_infusion_ss,1,11.9,1,4.275620438134637,4.27562043813391,1.701315952292256e-13
iv2_infusion_ss,1,13.0,1,4.010871560721291,4.01087156071977,3.7910998432813003e-13
iv2_infusion_ss,1,16.0,1,3.3767420975000713,3.37674209749719,8.53263503790462e-13
iv2_infusion_ss,1,24.0,1,2.139239865837669,2.1392398658374,1.2580078815228715e-13
iv2_infusion_ss,1,30.0,1,1.5192712076645303,1.51927120766386,4.412330457439865e-13
oral1_ss_lag_f,1,0.3,1,1.0300601988746372,1.03006019887762,2.8956804478107198e-12
oral1_ss_lag_f,1,0.8,1,1.904615006963707,1.90461500696728,1.876044118828571e-12
oral1_ss_lag_f,1,1.0,1,2.5797689443206844,2.57976894432216,5.720312462787258e-13
oral1_ss_lag_f,1,2.0,1,4.068732188174889,4.0687321881764,3.713175067900077e-13
oral1_ss_lag_f,1,4.0,1,4.092999187327493,4.09299918732852,2.50851321043992e-13
oral1_ss_lag_f,1,8.0,1,3.149496269015789,3.14949626901671,2.924407405367665e-13
oral1_ss_lag_f,1,12.0,1,2.394190484745801,2.39419048474652,3.00302100157821e-13
oral1_ss_lag_f,1,20.0,1,1.3833033752114183,1.3833033752125,7.818814657512693e-13
oral1_ss_lag_f,1,23.9,1,1.0587043164391154,1.05870431644264,3.329082501351999e-12
oral1_ss_lag_f,1,24.5,1,1.016030085396679,1.01603008540005,3.317676509588458e-12
oral1_ss_lag_f,1,26.0,1,0.9167190964222622,0.916719096425281,3.293056115041143e-12
oral1_ss_lag_f,1,30.0,1,0.6968118154798894,0.696811815482139,3.228482733521643e-12
oral1_ss_lag_f,1,36.0,1,0.461779179671077,0.461779179672523,3.1313884256290914e-12
oral1_ss_lag_f,1,47.0,1,0.21719620085643104,0.217196200857072,2.9510622430891776e-12
oral2_addl_lag,1,0.1,1,0.0,0.0,0.0
oral2_addl_lag,1,0.25,1,0.0,0.0,0.0
oral2_addl_lag,1,0.5,1,0.2993532034411646,0.299353203441189,8.140683016044558e-14
oral2_addl_lag,1,1.0,1,1.2910697608877184,1.29106976088775,2.4421866931244625e-14
oral2_addl_lag,1,1.5,1,1.7121893653812663,1.71218936538115,6.795473405759384e-14
oral2_addl_lag,1,2.0,1,1.8151268819998143,1.81512688199931,2.778115969663314e-13
oral2_addl_lag,1,3.0,1,1.611592158365602,1.61159215836428,8.203400412828286e-13
oral2_addl_lag,1,4.0,1,1.279161640627172,1.27916164062581,1.0647767751570427e-12
oral2_addl_lag,1,6.0,1,0.7897893393590374,0.789789339358487,6.968156264982082e-13
oral2_addl_lag,1,8.0,1,0.5581960204371386,0.558196020436914,4.0236424062262326e-13
oral2_addl_lag,1,10.0,1,0.451842921904959,0.451842921904869,1.991479157547013e-13
oral2_addl_lag,1,12.0,1,0.3936236552327382,0.393623655232718,5.1333447011032995e-14
oral2_addl_lag,1,16.0,1,1.5998814391272078,1.59988143912587,8.361986781997171e-13
oral2_addl_lag,1,20.0,1,0.8246270805828502,0.82462708058262,2.790949247533669e-13
oral2_addl_lag,1,24.0,1,0.6154228575774835,0.615422857577464,3.175040542094789e-14
oral2_addl_lag,1,30.0,1,1.250457577574683,1.25045757757413,4.4215099830569925e-13
oral2_addl_lag,1,36.0,1,0.7434751780714783,0.74347517807146,2.463926227346673e-14
oral2_addl_lag,1,48.0,1,0.8174061735627537,0.81740617356273,2.8930232226464875e-14
oral2_addl_lag,1,60.0,1,0.8600902281364702,0.860090228136452,2.1169473862414293e-14
oral2_addl_lag,1,72.0,1,0.8847338637698131,0.884733863769787,2.948936640395175e-14
oral2_addl_lag,1,84.0,1,0.8989618649120229,0.898961864911992,3.4333158378860645e-14
oral2_addl_lag,1,96.0,1,0.5135527450471422,0.51355274504731,3.26655247467146e-13
iv3_bolus_infusion,1,0.1,1,72.48085613798126,72.4808561379794,2.568432641230885e-14
iv3_bolus_infusion,1,0.25,1,59.10926058438039,59.1092605843873,1.1696273562880396e-13
iv3_bolus_infusion,1,0.5,1,42.790162868778815,42.7901628687705,1.9428180336421424e-13
iv3_bolus_infusion,1,1.0,1,24.294822305324995,24.294822305335,4.11793162912136e-13
iv3_bolus_infusion,1,1.5,1,15.70533942323147,15.7053394232496,1.1543525048609087e-12
iv3_bolus_infusion,1,2.0,1,11.575659385623593,11.5756593856377,1.2185957785851256e-12
iv3_bolus_infusion,1,3.0,1,8.26922076315195,8.2692207631612,1.118759153318321e-12
iv3_bolus_infusion,1,4.0,1,6.942296286488752,6.9422962864924,5.255662964467901e-13
iv3_bolus_infusion,1,6.0,1,5.400892556495506,5.40089255649386,3.0489086255643313e-13
iv3_bolus_infusion,1,8.0,1,4.279402284502855,4.27940228450152,3.119436024147437e-13
iv3_bolus_infusion,1,10.0,1,3.4052692765439567,3.40526927654424,8.320308700281989e-14
iv3_bolus_infusion,1,12.0,1,2.721131438028456,2.72113143802859,4.928646205781325e-14
iv3_bolus_infusion,1,16.0,1,4.337785125531146,4.33778512553391,6.37194135282712e-13
iv3_bolus_infusion,1,20.0,1,2.6222673949440964,2.6222673949427,5.326156164211339e-13
iv3_bolus_infusion,1,24.0,1,1.7288110027363028,1.72881100273652,1.2561212490719954e-13
iv3_bolus_infusion,1,30.0,1,0.9870200082276858,0.987020008227338,3.522946327472108e-13
iv3_bolus_infusion,1,36.0,1,0.6224231250558773,0.622423125055676,3.2338681880840467e-13
iv3_bolus_infusion,1,48.0,1,0.34105697809571883,0.341056978096056,9.886170177808161e-13
iv3_bolus_infusion,1,60.0,1,0.2510584255651971,0.25105842556552,1.286188129256613e-12
iv3_bolus_infusion,1,72.0,1,0.20794458111552536,0.207944581115718,9.264557379394882e-13
iv3_bolus_infusion,1,96.0,1,0.15460778704650482,0.154607787047258,4.871522413521693e-12
iv3_bolus_infusion,1,120.0,1,0.11673228900698558,0.116732289007585,5.135025569009279e-12
zero_order_d1,1,0.1,1,0.16944193653451473,0.169441936534566,3.025493523653673e-13
zero_order_d1,1,0.25,1,0.42127138481930987,0.421271384819775,1.1041052227311776e-12
zero_order_d1,1,0.5,1,0.8348405898810469,0.834840589881075,3.3645516118254087e-14
zero_order_d1,1,1.0,1,1.6394331673858324,1.63943316738587,2.2889336984786026e-14
zero_order_d1,1,1.5,1,2.4148736809670366,2.4148736809671,2.6297341144207094e-14
zero_order_d1,1,2.0,1,3.162218370583571,3.16221837058436,2.49414285879303e-13
zero_order_d1,1,3.0,1,4.576655275489888,4.57665527548977,2.5810930190164964e-14
zero_order_d1,1,4.0,1,5.055612425276775,5.05561242525925,3.4663749759663416e-12
zero_order_d1,1,6.0,1,4.3617787741947565,4.36177877418328,2.6310718528117386e-12
zero_order_d1,1,8.0,1,3.7631670457757385,3.76316704576583,2.633026472030594e-12
zero_order_d1,1,10.0,1,3.246708956949998,3.24670895694193,2.4849066492689588e-12
zero_order_d1,1,12.0,1,2.8011297194399187,2.80112971943417,2.052291538526216e-12
zero_order_d1,1,16.0,1,2.0850330611651384,2.08503306115905,2.920079868498507e-12
zero_order_d1,1,20.0,1,1.5520034063331118,1.55200340632806,3.2549779118084996e-12
zero_order_d1,1,24.0,1,1.1552404698674499,1.15524046986524,1.9128380331687008e-12
zero_order_d1,1,30.0,1,5.1036729831331415,5.10367298312299,1.9891320174202056e-12
zero_order_d1,1,36.0,1,3.2775733964169405,3.2775733964123,1.4157694100161602e-12
zero_order_d1,1,48.0,1,1.3517351246620741,1.35173512466043,1.2162281092443509e-12
zero_order_d1,1,60.0,1,0.557481900860766,0.557481900860751,2.6885197186308924e-14
zero_order_d1,1,72.0,1,0.22991639716769782,0.229916397167964,1.1577076425716087e-12
modeled_rate_r1,1,0.1,1,0.28466245337798474,0.284662453378047,2.1879777590041156e-13
modeled_rate_r1,1,0.25,1,0.7077359264964407,0.707735926497502,1.4996740617566992e-12
modeled_rate_r1,1,0.5,1,1.402532191000159,1.40253219100024,5.778568315058557e-14
modeled_rate_r1,1,1.0,1,2.7542477212081984,2.75424772120828,2.9667779692875457e-14
modeled_rate_r1,1,1.5,1,4.056987784024621,4.05698778402472,2.4519665402524143e-14
modeled_rate_r1,1,2.0,1,5.312526862580399,5.31252686258139,1.8657921964910423e-13
modeled_rate_r1,1,3.0,1,6.286248671822854,6.28624867180125,3.4367160780159628e-12
modeled_rate_r1,1,4.0,1,5.838973281440519,5.83897328142703,2.3101262858817502e-12
modeled_rate_r1,1,6.0,1,5.037630969245685,5.0376309692307,2.9745049231045798e-12
modeled_rate_r1,1,8.0,1,4.346265098175331,4.34626509816446,2.501093567279338e-12
modeled_rate_r1,1,10.0,1,3.749782470954902,3.74978247094762,1.941907518723689e-12
modeled_rate_r1,1,12.0,1,3.2351612848888927,3.23516128488031,2.6528717778841223e-12
modeled_rate_r1,1,16.0,1,2.408106340231742,2.40810634022462,2.9574518946290185e-12
modeled_rate_r1,1,20.0,1,1.7924844034672212,1.79248440346295,2.3828659329398664e-12
modeled_rate_r1,1,24.0,1,1.3342435435654554,1.33424354356315,1.7279372600744993e-12
modeled_rate_r1,1,30.0,1,0.856849793704175,0.85684979370322,1.1145638976641218e-12
modeled_rate_r1,1,36.0,1,0.5502680320332907,0.550268032032993,5.409196529231738e-13
modeled_rate_r1,1,48.0,1,0.22694125711760363,0.226941257117751,6.494284397240237e-13
modeled_rate_r1,1,60.0,1,0.0935949958637656,0.0935949958639376,1.837718998781696e-12
modeled_rate_r1,1,72.0,1,0.03860039977745763,0.0386003997775745,3.0277352228721714e-12
transit3,1,0.1,1,6.250565544627558e-05,6.25056554477094e-05,2.2938991764194922e-11
transit3,1,0.25,1,0.0020308063399436093,0.00203080633989829,2.231587337436362e-11
transit3,1,0.5,1,0.023981009040457756,0.0239810090404965,1.6155831494429842e-12
transit3,1,1.0,1,0.2117431725134809,0.211743172513491,4.771360230491125e-14
transit3,1,1.5,1,0.6027005713485613,0.602700571348561,3.6841611818651457e-16
transit3,1,2.0,1,1.092764736022517,1.09276473602262,9.428259650856984e-14
transit3,1,3.0,1,1.9438279780247243,1.94382797802471,7.310757369406149e-15
transit3,1,4.0,1,2.368681801991365,2.36868180199134,1.0499086762390901e-14
transit3,1,6.0,1,2.353449077707101,2.35344907770708,9.057464754483258e-15
transit3,1,8.0,1,2.005236709045477,2.00523670904546,8.415659806235774e-15
transit3,1,10.0,1,1.6613930104005874,1.6613930104006,7.618030412728775e-15
transit3,1,12.0,1,1.3703726057679313,1.37037260576798,3.5485070464707685e-14
transit3,1,16.0,1,0.9310300554447068,0.931030055444708,1.1924674376863772e-15
transit3,1,20.0,1,0.6324664096512648,0.632466409651259,9.128010025440127e-15
transit3,1,24.0,1,0.4296455152235927,0.429645515223458,3.134445679410613e-13
transit3,1,30.0,1,0.24055782235368003,0.240557822353648,1.3314858750819599e-13
transit3,1,36.0,1,0.1346879318005976,0.134687931800643,3.371357856647415e-13
transit3,1,48.0,1,0.04222280535114637,0.0422228053512239,1.8361703099414775e-12
transit3,1,60.0,1,0.013236265995680516,0.0132362659957366,4.237117174616671e-12
transit3,1,72.0,1,0.004149386476132184,0.00414938647618745,1.331921129504554e-11
reset_evid3_evid4,1,1.0,1,1.9943235751608577,1.9943235751607,7.905019599643897e-14
reset_evid3_evid4,1,2.0,1,2.4056698759438495,2.40566987594332,2.2004446388709186e-13
reset_evid3_evid4,1,6.0,1,1.9976358615224281,1.9976358615224,1.4116519115745142e-14
reset_evid3_evid4,1,11.0,1,1.4186765491195712,1.41867654911958,6.260612542381997e-15
reset_evid3_evid4,1,13.0,1,0.0,0.0,0.0
reset_evid3_evid4,1,14.0,1,0.0,0.0,0.0
reset_evid3_evid4,1,21.0,1,0.9971617875804288,0.997161787580345,8.406041968635454e-14
reset_evid3_evid4,1,24.0,1,1.1380252846588643,1.13802528465879,6.53631722006845e-14
reset_evid3_evid4,1,30.0,1,0.7596826489181243,0.759682648918138,1.7975589178371433e-14
timevarying_wt,1,1.0,1,11.14719044225182,11.1471904422287,2.07400101259703e-12
timevarying_wt,1,4.0,1,9.15165293043128,9.15165293040845,2.4947968012366944e-12
timevarying_wt,1,8.0,1,7.035231114162,7.0352311141498,1.7341319105300321e-12
timevarying_wt,1,12.0,1,5.4082554491432875,5.40825544913095,2.281269171565662e-12
timevarying_wt,1,23.0,1,2.623910226950378,2.62391022694358,2.5908346842732642e-12
timevarying_wt,1,26.0,1,2.055823465694836,2.05582346568802,3.315617997242482e-12
timevarying_wt,1,30.0,1,1.4393622173461522,1.43936221734213,2.7943737338326823e-12
timevarying_wt,1,40.0,1,0.5903788589797566,0.59037885897816,2.7043850019915794e-12
timevarying_wt,1,49.0,1,11.282220038548827,11.2822200385305,1.624385400169825e-12
timevarying_wt,1,54.0,1,7.649050183119599,7.6490501831079,1.5294822055326837e-12
timevarying_wt,1,60.0,1,4.798030935475468,4.79803093546608,1.956645553665729e-12
timevarying_wt,1,72.0,1,1.8878788057634044,1.88787880576249,4.843423636571695e-13
effect_sigmoid_emax,1,0.1,1,0.743210431169678,0.743210431169953,3.700193534242328e-13
effect_sigmoid_emax,1,0.1,2,5.001249486214041,5.00124948621402,4.262191304705252e-15
effect_sigmoid_emax,1,0.25,1,1.6578742160275384,1.65787421602713,2.4630338327817406e-13
effect_sigmoid_emax,1,0.25,2,5.068024094963888,5.06802409496415,5.169916892697614e-14
effect_sigmoid_emax,1,0.5,1,2.765065758579531,2.76506575857983,1.0808858245114441e-13
effect_sigmoid_emax,1,0.5,2,6.131771329393742,6.13177132939284,1.4716616552376893e-13
effect_sigmoid_emax,1,1.0,1,3.9646688420355574,3.9646688420351,1.1537202837621385e-13
effect_sigmoid_emax,1,1.0,2,15.675467582442515,15.6754675824458,2.095301960707825e-13
effect_sigmoid_emax,1,1.5,1,4.428903356346807,4.42890335634579,2.296198875280319e-13
effect_sigmoid_emax,1,1.5,2,27.364003581915792,27.364003581921,1.903331958545192e-13
effect_sigmoid_emax,1,2.0,1,4.549719904095106,4.54971990409425,1.8818828733180496e-13
effect_sigmoid_emax,1,2.0,2,34.11858039285522,34.1185803928578,7.559722887383363e-14
effect_sigmoid_emax,1,3.0,1,4.403314228198686,4.40331422819832,8.310320135071918e-14
effect_sigmoid_emax,1,3.0,2,39.327686766776004,39.3276867667765,1.2647067649355109e-14
effect_sigmoid_emax,1,4.0,1,4.114625800673506,4.11462580067337,3.324226388009208e-14
effect_sigmoid_emax,1,4.0,2,40.964580773495754,40.9645807734958,1.0407176966202326e-15
effect_sigmoid_emax,1,6.0,1,3.527562638154938,3.52756263815491,7.931147676285523e-15
effect_sigmoid_emax,1,6.0,2,41.75317830655759,41.7531783065576,3.403538435053721e-16
effect_sigmoid_emax,1,8.0,1,3.015152897927218,3.01515289792722,7.364290052344503e-16
effect_sigmoid_emax,1,8.0,2,41.53152761185822,41.5315276118582,5.132554302364914e-16
effect_sigmoid_emax,1,10.0,1,2.5767232486377343,2.57672324863774,2.2405043813311977e-15
effect_sigmoid_emax,1,10.0,2,40.8113535799395,40.8113535799395,0.0
effect_sigmoid_emax,1,12.0,1,2.2020226138994605,2.20202261389945,4.840159664631029e-15
effect_sigmoid_emax,1,12.0,2,39.652913370285184,39.652913370285,4.658954301099774e-15
effect_sigmoid_emax,1,16.0,1,1.6081599426597204,1.60815994265972,2.761474142401457e-16
effect_sigmoid_emax,1,16.0,2,35.88853827973611,35.8885382797309,1.4512372202305775e-13
effect_sigmoid_emax,1,20.0,1,1.1744558318414366,1.17445583184143,5.671850713454778e-15
effect_sigmoid_emax,1,20.0,2,30.111510685181788,30.1115106851723,3.151385639628143e-13
effect_sigmoid_emax,1,24.0,1,0.8577172358137838,0.857717235813779,5.5658890908945876e-15
effect_sigmoid_emax,1,24.0,2,23.08761853275728,23.0876185327462,4.799504959102736e-13
effect_sigmoid_emax,1,30.0,1,0.5353099429440233,0.535309942944016,1.3688279209288585e-14
effect_sigmoid_emax,1,30.0,2,13.751683143256065,13.7516831432707,1.0642627413198075e-12
effect_sigmoid_emax,1,36.0,1,0.3340923127688512,0.334092312769612,2.2771560390526496e-12
effect_sigmoid_emax,1,36.0,2,8.462524422998476,8.46252442300893,1.2353122398615786e-12
effect_sigmoid_emax,1,48.0,1,0.1301334155251518,0.130133415525324,1.3232234812576057e-12
effect_sigmoid_emax,1,48.0,2,5.428846773281364,5.42884677328244,1.9812385782377165e-13
effect_sigmoid_emax,1,60.0,1,0.05068870246038392,0.0506887024601458,4.697733627875142e-12
effect_sigmoid_emax,1,60.0,2,5.049505061716712,5.04950506171619,1.0324986825278616e-13
effect_sigmoid_emax,1,72.0,1,0.019743926237152636,0.0197439262370029,7.583996171882783e-12
effect_sigmoid_emax,1,72.0,2,5.005666663180923,5.00566666318083,1.8630632110299625e-14
parent_metabolite,1,0.1,1,9.875778004938814,9.87577800493878,3.4175312498647016e-15
parent_metabolite,1,0.1,2,0.11865759625376086,0.118657596253832,5.995194791463639e-13
parent_metabolite,1,0.25,1,9.692332344763441,9.69233234476346,2.0160189042588614e-15
parent_metabolite,1,0.25,2,0.2916805224954533,0.291680522495344,3.7473004998505313e-13
parent_metabolite,1,0.5,1,9.394130628134757,9.39413062813473,2.836383018903621e-15
parent_metabolite,1,0.5,2,0.5671853609874324,0.567185360987517,1.4915581447508276e-13
parent_metabolite,1,1.0,1,8.824969025845952,8.82496902584583,1.3888844432161582e-14
parent_metabolite,1,1.0,2,1.0723447416654834,1.0723447416659,3.8845313699420457e-13
parent_metabolite,1,1.5,1,8.290291181804001,8.29029118180398,2.5712344241405224e-15
parent_metabolite,1,1.5,2,1.5205851957435608,1.5205851957436,2.5846559062750205e-14
parent_metabolite,1,2.0,1,7.7880078307140455,7.78800783071404,6.842661992691086e-16
parent_metabolite,1,2.0,2,1.916638560315696,1.9166385603157,2.08531904314407e-15
parent_metabolite,1,3.0,1,6.872892787909718,6.87289278790975,4.6522511111262185e-15
parent_metabolite,1,3.0,2,2.5693892107557894,2.56938921075564,5.807371412824537e-14
parent_metabolite,1,4.0,1,6.065306597126331,6.06530659712627,1.010407470388142e-14
parent_metabolite,1,4.0,2,3.061890543504278,3.06189054350453,8.223631067385769e-14
parent_metabolite,1,6.0,1,4.7236655274101444,4.72366552740991,4.963922645247136e-14
parent_metabolite,1,6.0,2,3.669364000944552,3.66936400094547,2.502821976051695e-13
parent_metabolite,1,8.0,1,3.6787944117144216,3.67879441171452,2.6798943771572865e-14
parent_metabolite,1,8.0,2,3.9095771013973923,3.90957710139696,1.1063674642441657e-13
parent_metabolite,1,10.0,1,2.8650479686018993,2.86504796860214,8.401128161779782e-14
parent_metabolite,1,10.0,2,3.905982926940096,3.90598292693908,2.6013327020176977e-13
parent_metabolite,1,12.0,1,2.231301601484297,2.23130160148481,2.3007518402938195e-13
parent_metabolite,1,12.0,2,3.747074484661057,3.74707448465895,5.623595979652216e-13
parent_metabolite,1,16.0,1,1.353352832366126,1.35335283236685,5.350322837793792e-13
parent_metabolite,1,16.0,2,3.1949392683860425,3.19493926838309,9.24056709402596e-13
parent_metabolite,1,20.0,1,0.8208499862389873,0.820849986239689,8.547980304871605e-13
parent_metabolite,1,20.0,2,2.556013661410262,2.55601366140748,1.0884992289824465e-12
parent_metabolite,1,24.0,1,0.497870683678639,0.497870683679309,1.3456588350592488e-12
parent_metabolite,1,24.0,2,1.9646824762343278,1.96468247623173,1.3221983014783852e-12
parent_metabolite,1,30.0,1,0.23517745856009084,0.235177458560694,2.5646863325873165e-12
parent_metabolite,1,30.0,2,1.26092748056903,1.26092748056678,1.7843833339995011e-12
parent_metabolite,1,36.0,1,0.11108996538242293,0.111089965382843,3.781445385232084e-12
parent_metabolite,1,36.0,2,0.7783068436344109,0.778306843632914,1.923295055604205e-12
parent_metabolite,1,48.0,1,0.024787521766663552,0.0247875217668174,6.206717923829969e-12
parent_metabolite,1,48.0,2,0.2760477538729756,0.276047753872494,1.744679104706101e-12
parent_metabolite,1,60.0,1,0.005530843701478328,0.00553084370153954,1.106729025017993e-11
parent_metabolite,1,60.0,2,0.092432054712889,0.0924320547127336,1.6812724585088947e-12
parent_metabolite,1,72.0,1,0.0012340980408667936,0.00123409804089445,2.241027748250768e-11
parent_metabolite,1,72.0,2,0.02991244820591992,0.0299124482058721,1.5987610394371043e-12
ss2_superposition,1,1.0,1,9.62179793504618,9.62179793504516,1.059707169802416e-13
ss2_superposition,1,5.0,1,2.640108964331648,2.64010896433462,1.125652400133267e-12
ss2_superposition,1,6.5,1,12.498884308456862,12.4988843084448,9.65003166832934e-13
ss2_superposition,1,8.0,1,7.734259994270109,7.73425999426614,5.130912565859117e-13
ss2_superposition,1,12.0,1,4.450598545374531,4.45059854537654,4.514133469640336e-13
ss2_superposition,1,17.9,1,3.078919603432894,3.07891960343112,5.760761996398229e-13
ss2_superposition,1,20.0,1,2.7298260799065783,2.72982607990456,7.393824367151996e-13
ss2_superposition,1,30.0,1,1.5429159785124182,1.54291597851234,5.0657133649605215e-14
continuous_infusion_ss,1,0.5,1,4.278863347934671,4.27886334792345,2.622275371686494e-12
continuous_infusion_ss,1,2.0,1,3.403296946206973,3.40329694620013,2.010688677113518e-12
continuous_infusion_ss,1,10.0,1,1.9511433026379932,1.95114330263586,1.093298742656674e-12
continuous_infusion_ss,1,24.0,1,0.8774545681513901,0.877454568150881,5.802560013631921e-13
infusion_bioavailability,1,1.0,1,2.295206434340165,2.29520643434014,1.0835189105224521e-14
infusion_bioavailability,1,3.0,1,6.407317385685845,6.40731738568567,2.7308019588950077e-14
infusion_bioavailability,1,3.5,1,7.3439437651586745,7.34394376515846,2.926754131576504e-14
infusion_bioavailability,1,4.0,1,7.30817488298065,7.30817488295442,3.5890883169424682e-12
infusion_bioavailability,1,5.0,1,6.788188012524937,6.78818801250773,2.5349281239064136e-12
infusion_bioavailability,1,6.0,1,6.305198935605339,6.30519893558871,2.6372643501807544e-12
infusion_bioavailability,1,8.0,1,5.439871685356324,5.43987168534191,2.6497403628386062e-12
infusion_bioavailability,1,12.0,1,4.049192093371503,4.04919209336345,1.9888198795557113e-12
ss_infusion_lag_tail,1,0.5,1,11.047252195889449,11.047252195843,4.204500613656295e-12
ss_infusion_lag_tail,1,1.0,1,10.646987252862951,10.6469872528257,3.4988282031779477e-12
ss_infusion_lag_tail,1,1.9,1,9.962702734308362,9.9627027342747,3.378798204108555e-12
ss_infusion_lag_tail,1,2.5,1,9.998634971640126,9.99863497162853,1.1597640558445274e-12
ss_infusion_lag_tail,1,6.0,1,10.659900675941302,10.65990067593,1.060158303142768e-12
ss_infusion_lag_tail,1,11.0,1,11.352207667080219,11.3522076670674,1.129136404921274e-12
ss_infusion_lag_tail,1,12.5,1,11.047252195889447,11.0472521958428,4.22250979480711e-12
ss_infusion_lag_tail,1,14.0,1,9.88943920974058,9.88943920970759,3.335932252756819e-12
ss_infusion_lag_tail,1,20.0,1,6.3509874097438255,6.35098740972678,2.683839685520394e-12
mm_iv_multiple,1,0.1,1,24.821497176599323,24.8214971766138,5.83256849419712e-13
mm_iv_multiple,1,0.25,1,24.55400281000335,24.5540028100028,2.242691851406589e-14
mm_iv_multiple,1,0.5,1,24.108886014149764,24.1088860141695,8.185913058835548e-13
mm_iv_multiple,1,1.0,1,23.221404138089774,23.2214041381002,4.490346313800706e-13
mm_iv_multiple,1,1.5,1,22.337788135806168,22.3377881358369,1.3757393137918656e-12
mm_iv_multiple,1,2.0,1,21.458293791797296,21.4582937918175,9.415605400576055e-13
mm_iv_multiple,1,3.0,1,19.712819928885683,19.7128199289323,2.3648929509470323e-12
mm_iv_multiple,1,4.0,1,17.987582498599053,17.9875824986955,5.3617832327046535e-12
mm_iv_multiple,1,6.0,1,14.611251770586472,14.6112517711753,4.0299664306850157e-11
mm_iv_multiple,1,8.0,1,11.365009574699066,11.3650095751685,4.130522426134124e-11
mm_iv_multiple,1,10.0,1,8.305774491076459,8.30577449060887,5.629681313972336e-11
mm_iv_multiple,1,12.0,1,20.527448518176833,20.5274485159321,1.0935272341403632e-10
mm_iv_multiple,1,16.0,1,13.733272689383082,13.7332726882942,7.928786519215698e-11
mm_iv_multiple,1,20.0,1,7.5343282962155484,7.53432829370284,3.335012977573738e-10
mm_iv_multiple,1,24.0,1,2.6589469143178106,2.65894690800935,2.3725409490913376e-09
mm_iv_multiple,1,30.0,1,0.11375891559722395,0.113758914280312,1.1576340744957961e-08
mm_iv_multiple,1,36.0,1,0.002162533037447972,0.00216253299132071,2.1330200441467395e-08
mm_iv_multiple,1,48.0,1,7.259728823567335e-07,7.25971942103485e-07,3.788060171749607e-08
mm_iv_multiple,1,60.0,1,2.4432311794400783e-10,2.43535380116521e-10,3.1736112527047554e-08
mm_iv_multiple,1,72.0,1,4.224214531473282e-13,8.49863113066845e-14,1.3594471737126588e-08
mm_oral_ss,1,0.5,1,4.219441215524388,4.21944121457018,2.2614564806849514e-10
mm_oral_ss,1,1.0,1,6.059921911123739,6.05992191301199,3.115964977763165e-10
mm_oral_ss,1,2.0,1,6.787854124486165,6.78785412596488,2.1784718717305178e-10
mm_oral_ss,1,4.0,1,4.951725549955115,4.95172554779418,4.3640030562262203e-10
mm_oral_ss,1,8.0,1,1.2431170427020992,1.24311704113677,1.2591969603777308e-09
mm_oral_ss,1,11.9,1,0.13379097264769899,0.133790972182078,3.4802122939825512e-09
mm_oral_ss,1,13.0,1,0.06573802760396483,0.0657380272307788,5.6768667918770325e-09
mm_oral_ss,1,18.0,1,0.0023953081892896474,0.00239530814880505,1.6901623895641075e-08
mm_oral_ss,1,24.0,1,4.390616640367058e-05,4.3906163745539e-05,6.054119410213766e-08
idr1,1,0.1,1,0.7432104311038623,0.743210431169731,8.862717893897275e-11
idr1,1,0.1,2,99.81642893633283,99.8164289207454,1.5616098430179933e-10
idr1,1,0.25,1,1.6578742152987072,1.65787421602758,4.3964296741867003e-10
idr1,1,0.25,2,99.18713896500796,99.1871389384913,2.6733969115841324e-10
idr1,1,0.5,1,2.7650657562180343,2.76506575857956,8.540576781494876e-10
idr1,1,0.5,2,97.79908150209084,97.7990814752529,2.7441912223782235e-10
idr1,1,1.0,1,3.9646688380164483,3.96466884203561,1.0137446662820154e-09
idr1,1,1.0,2,94.68509918267708,94.6850991586794,2.5344718037817926e-10
idr1,1,1.5,1,4.428903352775522,4.42890335634744,8.065016518077859e-10
idr1,1,1.5,2,91.55398483904567,91.5539848166344,2.447875000313648e-10
idr1,1,2.0,1,4.549719901591355,4.54971990409551,5.503976416755075e-10
idr1,1,2.0,2,88.5500609884881,88.5500609671896,2.405250099313428e-10
idr1,1,3.0,1,4.403314227272105,4.40331422819866,2.1042214678319018e-10
idr1,1,3.0,2,83.06057491170009,83.0605748924565,2.3168135189218797e-10
idr1,1,4.0,1,4.114625800383688,4.11462580067345,7.042244087683549e-11
idr1,1,4.0,2,78.28614373972935,78.2861437225001,2.2008051039834002e-10
idr1,1,6.0,1,3.527562638130903,3.52756263815492,6.808449660775753e-12
idr1,1,6.0,2,70.68148467330268,70.681484659678,1.927615306137898e-10
idr1,1,8.0,1,3.015152897924369,3.01515289792722,9.455748427210343e-13
idr1,1,8.0,2,65.25792608697944,65.2579260762544,1.643483355112094e-10
idr1,1,10.0,1,2.5767232486364984,2.57672324863774,4.818807884770791e-13
idr1,1,10.0,2,61.586692244237895,61.5866922357956,1.3707981208551908e-10
idr1,1,12.0,1,2.202022613898729,2.20202261389945,3.273157973206733e-13
idr1,1,12.0,2,59.32261199619794,59.3226119894922,1.1303851496789072e-10
idr1,1,16.0,1,1.6081599426928306,1.60815994265971,2.0595350301444435e-11
idr1,1,16.0,2,57.95692685495429,57.9569268419987,2.2353822584909424e-10
idr1,1,20.0,1,1.174455832119021,1.1744558318414,2.363826971976136e-10
idr1,1,20.0,2,59.496422498468235,59.4964224208306,1.30491269230932e-09
idr1,1,24.0,1,0.8577172362736079,0.857717235814764,5.349593463245034e-10
idr1,1,24.0,2,62.796936395894825,62.7969362696345,2.010612815883712e-09
idr1,1,30.0,1,4.062872581360992,4.06287258109953,6.43539658141491e-11
idr1,1,30.0,2,51.163356522021886,51.1633564425631,1.553040921124928e-09
idr1,1,36.0,1,2.5361149268468113,2.53611492666867,7.024171325501905e-11
idr1,1,36.0,2,48.5244907955601,48.5244907574632,7.851066391902381e-10
idr1,1,48.0,1,0.9878506519586957,0.987850651340314,6.259870136816884e-10
idr1,1,48.0,2,58.127254419472486,58.1272542946267,2.1478011477410648e-09
idr1,1,60.0,1,0.3847810160270947,0.384781015229637,2.0724975490309323e-09
idr1,1,60.0,2,73.46430214176765,73.4643019636299,2.4248206091348166e-09
idr1,1,72.0,1,0.14987734247619589,0.149877341762403,4.762513649599375e-09
idr1,1,72.0,2,85.88144511525417,85.881444967084,1.7252873781609557e-09
idr1,1,96.0,1,0.022739487813264025,0.0227394875361823,1.2185047054308533e-08
idr1,1,96.0,2,97.07566395026778,97.0756639332262,1.7554951704392952e-10
idr2,1,0.1,1,0.7432104311038782,0.743210431169732,8.86071617434301e-11
idr2,1,0.1,2,100.18374010565746,100.183740121364,1.5677726689076675e-10
idr2,1,0.25,1,1.657874215298959,1.65787421602758,4.394910870289814e-10
idr2,1,0.25,2,100.8161976237588,100.8161976506,2.662390292055309e-10
idr2,1,0.5,1,2.7650657562182714,2.76506575857956,8.539719139547938e-10
idr2,1,0.5,2,102.22569867455672,102.22569870208,2.692402314002427e-10
idr2,1,1.0,1,3.964668838016561,3.96466884203561,1.0137162153157945e-09
idr2,1,1.0,2,105.46357951959078,105.463579545028,2.4119432402282875e-10
idr2,1,1.5,1,4.428903352775574,4.42890335634746,8.064944323178686e-10
idr2,1,1.5,2,108.83275966348856,108.83275968811,2.262319060274145e-10
idr2,1,2.0,1,4.549719901591381,4.54971990409552,5.503941277863237e-10
idr2,1,2.0,2,112.18228890358274,112.182288927842,2.162484902045669e-10
idr2,1,3.0,1,4.403314227272111,4.40331422819866,2.1042073483559442e-10
idr2,1,3.0,2,118.64073965836137,118.64073968191,1.984869352757018e-10
idr2,1,4.0,1,4.11462580038369,4.11462580067345,7.042200915912276e-11
idr2,1,4.0,2,124.67771961131153,124.67771963394,1.814956981173455e-10
idr2,1,6.0,1,3.5275626381309033,3.52756263815492,6.808323769542796e-12
idr2,1,6.0,2,135.36437430100125,135.364374321531,1.5166279746000018e-10
idr2,1,8.0,1,3.015152897924369,3.01515289792722,9.455748427210343e-13
idr2,1,8.0,2,144.17735818626065,144.17735820469,1.278241408144363e-10
idr2,1,10.0,1,2.5767232486364984,2.57672324863775,4.856724112762532e-13
idr2,1,10.0,2,151.14701995932953,151.147019975757,1.0868533058947555e-10
idr2,1,12.0,1,2.20202261389873,2.20202261389946,3.3155093702722394e-13
idr2,1,12.0,2,156.33903974268836,156.339039757255,9.317338584443896e-11
idr2,1,16.0,1,1.6081599426937483,1.60815994265997,2.1004324621930694e-11
idr2,1,16.0,2,161.81511188389115,161.81511189959,9.701717414664504e-11
idr2,1,20.0,1,1.1744558322999628,1.17445583184369,3.884971958511464e-10
idr2,1,20.0,2,161.74712329799033,161.747123373099,4.643585448794343e-10
idr2,1,24.0,1,0.8577172366641983,0.857717235815166,9.898743472396676e-10
idr2,1,24.0,2,157.61435630359188,157.614356458,9.796577586147825e-10
idr2,1,30.0,1,4.062872581604755,4.0628725810998,1.242852633682653e-10
idr2,1,30.0,2,180.52739753493174,180.527397695466,8.892514829324133e-10
idr2,1,36.0,1,2.5361149269989487,2.53611492666883,1.301670502594143e-10
idr2,1,36.0,2,191.15293899903972,191.152939112142,5.91684799350159e-10
idr2,1,48.0,1,0.9878506526745846,0.98785065134079,1.3501986646340968e-09
idr2,1,48.0,2,176.73434195975818,176.734342185649,1.2781377224344693e-09
idr2,1,60.0,1,0.3847810166540912,0.384781015230606,3.6994684307249623e-09
idr2,1,60.0,2,144.52366761204934,144.523667893166,1.9451253859347876e-09
idr2,1,72.0,1,0.14987734281150616,0.149877341763662,6.991344790420463e-09
idr2,1,72.0,2,120.75446944822204,120.754469612268,1.358508366518045e-09
idr2,1,96.0,1,0.022739487867043134,0.0227394875364601,1.4537840074015634e-08
idr2,1,96.0,2,103.47605932675012,103.476059315696,1.0682772774000607e-10
idr3,1,0.1,1,0.7432104311059959,0.743210431169731,8.575635458123799e-11
idr3,1,0.1,2,100.57365957655794,100.57365962263,4.580927065571735e-10
idr3,1,0.25,1,1.6578742153283896,1.65787421602758,4.21739028500861e-10
idr3,1,0.25,2,102.54019073871352,102.540190817369,7.670697157385926e-10
idr3,1,0.5,1,2.7650657562447405,2.76506575857956,8.443992486058545e-10
idr3,1,0.5,2,106.87787031024956,106.877870390183,7.478951693547756e-10
idr3,1,1.0,1,3.9646688380292394,3.96466884203559,1.0105132413823849e-09
idr3,1,1.0,2,116.60906505818514,116.609065129662,6.129614510089603e-10
idr3,1,1.5,1,4.4289033527816,4.42890335634713,8.050591576148392e-10
idr3,1,1.5,2,126.39379738180344,126.393797448674,5.290651651038906e-10
idr3,1,2.0,1,4.549719901594231,4.54971990409524,5.497061863708419e-10
idr3,1,2.0,2,135.7810594145759,135.781059478176,4.68401731923523e-10
idr3,1,3.0,1,4.403314227272746,4.40331422819859,2.102605796368782e-10
idr3,1,3.0,2,152.93570340413294,152.935703461645,3.760539017057665e-10
idr3,1,4.0,1,4.11462580038383,4.11462580067343,7.038315456497755e-11
idr3,1,4.0,2,167.85580081618056,167.855800867694,3.0689102540167206e-10
idr3,1,6.0,1,3.5275626381309095,3.52756263815492,6.806561292281399e-12
idr3,1,6.0,2,191.62036039815922,191.620360438905,2.1263809791266813e-10
idr3,1,8.0,1,3.0151528979243722,3.01515289792722,9.44543842113706e-13
idr3,1,8.0,2,208.56898097994352,208.568981012018,1.537836345197505e-10
idr3,1,10.0,1,2.5767232486365015,2.57672324863775,4.844659858401518e-13
idr3,1,10.0,2,220.04158673813657,220.041586763385,1.1474388066311085e-10
idr3,1,12.0,1,2.2020226138987327,2.20202261389946,3.303408971110662e-13
idr3,1,12.0,2,227.11683751296695,227.116837533031,8.834241527377201e-11
idr3,1,16.0,1,1.6081599426932076,1.6081599426597,2.083601277295485e-11
idr3,1,16.0,2,231.3846035786099,231.384603618875,1.7401802870079826e-10
idr3,1,20.0,1,1.1744558321832812,1.1744558318414,2.910975285367897e-10
idr3,1,20.0,2,226.57367963485876,226.573679934979,1.3246032572197893e-09
idr3,1,24.0,1,0.8577172363394022,0.857717235814803,6.116226082695578e-10
idr3,1,24.0,2,216.25957371435857,216.259574157436,2.0488222412455657e-09
idr3,1,30.0,1,4.062872581402054,4.06287258109957,7.44508359108197e-11
idr3,1,30.0,2,252.61451084493274,252.614511116974,1.0769027527472276e-09
idr3,1,36.0,1,2.5361149268724303,2.53611492666871,8.032764986978838e-11
idr3,1,36.0,2,260.8609662525983,260.86096638292,4.995830729209903e-10
idr3,1,48.0,1,0.9878506521326997,0.987850651340116,8.023315825247302e-10
idr3,1,48.0,2,230.8523298359972,230.852330329464,2.1375863304118477e-09
idr3,1,60.0,1,0.3847810161112243,0.384781015230453,2.289019609525358e-09
idr3,1,60.0,2,182.92405579024563,182.924056363746,3.1351828169261647e-09
idr3,1,72.0,1,0.149877342453288,0.149877341763368,4.603230709445572e-09
idr3,1,72.0,2,144.1204840658835,144.120484477979,2.8593819838624726e-09
idr3,1,96.0,1,0.022739487801690886,0.0227394875364276,1.166531508704495e-08
idr3,1,96.0,2,109.13855015970437,109.138550208721,4.4912301119326983e-10
idr4,1,0.1,1,0.7432104311056918,0.743210431169731,8.616551203340968e-11
idr4,1,0.1,2,99.4279870502392,99.4279870049599,4.55397867015949e-10
idr4,1,0.25,1,1.6578742153219665,1.65787421602758,4.2561331777116323e-10
idr4,1,0.25,2,97.49202821192259,97.4920281356224,7.82629960946912e-10
idr4,1,0.5,1,2.7650657562383794,2.76506575857956,8.466997847946068e-10
idr4,1,0.5,2,93.35679911287647,93.3567990385294,7.963755343773687e-10
idr4,1,1.0,1,3.964668838026275,3.96466884203559,1.0112609193332693e-09
idr4,1,1.0,2,84.7373919381486,84.7373918783511,7.056802075118839e-10
idr4,1,1.5,1,4.42890335278023,4.42890335634702,8.05343926383671e-10
idr4,1,1.5,2,76.94974415606914,76.949744106094,6.494517015909939e-10
idr4,1,2.0,1,4.549719901593587,4.54971990409519,5.498367859187991e-10
idr4,1,2.0,2,70.26503274554835,70.2650327031065,6.040252575510664e-10
idr4,1,3.0,1,4.403314227272604,4.40331422819856,2.1028619640040275e-10
idr4,1,3.0,2,59.91353995147955,59.9135399208021,5.120286362296588e-10
idr4,1,4.0,1,4.1146258003838,4.11462580067343,7.039027790723757e-11
idr4,1,4.0,2,52.73103790130462,52.731037879255,4.1815257021900695e-10
idr4,1,6.0,1,3.5275626381309086,3.52756263815492,6.806813074747313e-12
idr4,1,6.0,2,44.482682255458926,44.4826822440861,2.5566862568911485e-10
idr4,1,8.0,1,3.0151528979243705,3.01515289792722,9.451329853178936e-13
idr4,1,8.0,2,40.87027060786269,40.8702706019017,1.4585153492895225e-10
idr4,1,10.0,1,2.5767232486365,2.57672324863775,4.849830253127667e-13
idr4,1,10.0,2,39.6037403462995,39.6037403429893,8.358315185428074e-11
idr4,1,12.0,1,2.2020226138987313,2.20202261389946,3.3094591706914505e-13
idr4,1,12.0,2,39.57401532955456,39.5740153266928,7.231413296428982e-11
idr4,1,16.0,1,1.6081599426793607,1.60815994265972,1.2213171689598924e-11
idr4,1,16.0,2,41.32907817034042,41.3290781229156,1.1474929731392165e-09
idr4,1,20.0,1,1.1744558319083078,1.17445583184143,5.694367960787193e-11
idr4,1,20.0,2,44.30698237809409,44.3069822690182,2.4618217229937055e-09
idr4,1,24.0,1,0.8577172359228532,0.857717235813774,1.2717383488432053e-10
idr4,1,24.0,2,48.01139215790179,48.0113920092255,3.0966876668899913e-09
idr4,1,30.0,1,4.0628725811421,4.06287258109892,1.0628088715221676e-11
idr4,1,30.0,2,36.470753413262756,36.4707533880737,6.906644442869215e-10
idr4,1,36.0,1,2.5361149267101757,2.53611492666829,1.6515657730725788e-11
idr4,1,36.0,2,37.39659633788296,37.3965963338219,1.0859449179335701e-10
idr4,1,48.0,1,0.9878506514917959,0.987850651339221,1.5445132464398527e-10
idr4,1,48.0,2,46.19077178315431,46.1907716240104,3.445361554322399e-09
idr4,1,60.0,1,0.3847810154358965,0.384781015229713,5.358463815657214e-10
idr4,1,60.0,2,59.506650956866814,59.506650752246,3.438620866325917e-09
idr4,1,72.0,1,0.14987734199185737,0.149877341762886,1.527725051359928e-09
idr4,1,72.0,2,73.8773965917456,73.8773963724377,2.968538463770932e-09
idr4,1,96.0,1,0.02273948770991871,0.0227394875363551,7.63269669654008e-09
idr4,1,96.0,2,92.78124603195864,92.781245927233,1.1287371949133024e-09
tmdd_full,1,0.1,1,8.884013481423969,8.88401348040935,1.1420733453028083e-10
tmdd_full,1,0.1,2,1.9881246924159734,1.98812469243879,1.147646199207594e-11
tmdd_full,1,0.25,1,8.19027550391648,8.19027550230745,1.9645607205105035e-10
tmdd_full,1,0.25,2,1.947641323311632,1.94764132334781,1.8575262853251556e-11
tmdd_full,1,0.5,1,7.756931930942598,7.75693193007881,1.1135693337300744e-10
tmdd_full,1,0.5,2,1.8647349509685103,1.86473495098167,7.057139969709434e-12
tmdd_full,1,1.0,1,7.350304775874711,7.3503047756278,3.3591931719632225e-11
tmdd_full,1,1.0,2,1.7038793128427507,1.70387931283765,2.993644342006186e-12
tmdd_full,1,1.5,1,7.011693999106906,7.01169399894344,2.331329425624694e-11
tmdd_full,1,1.5,2,1.5638928821677598,1.56389288216184,3.785239535791129e-12
tmdd_full,1,2.0,1,6.6868118120105295,6.68681181184631,2.455875139472657e-11
tmdd_full,1,2.0,2,1.4434247099933797,1.4434247099893,2.826351452939892e-12
tmdd_full,1,3.0,1,6.069626144152302,6.06962614389694,4.207210588441118e-11
tmdd_full,1,3.0,2,1.250819724819839,1.25081972482205,1.7677368944257978e-12
tmdd_full,1,4.0,1,5.493290770878148,5.49329077060386,4.993148173004153e-11
tmdd_full,1,4.0,2,1.1086804606239178,1.10868046063432,9.382436126791191e-12
tmdd_full,1,6.0,1,4.45324634371675,4.45324634336935,7.801058013373287e-11
tmdd_full,1,6.0,2,0.9273806257507281,0.927380625766908,1.744693152102136e-11
tmdd_full,1,8.0,1,3.5487857252702053,3.54878572494235,9.238526806666596e-11
tmdd_full,1,8.0,2,0.8313533253080752,0.831353325328901,2.5050596332897214e-11
tmdd_full,1,10.0,1,2.764998250334664,2.76499824988209,1.636796617548519e-10
tmdd_full,1,10.0,2,0.7834759147844269,0.783475914824472,5.111207327079891e-11
tmdd_full,1,12.0,1,2.0899738764892213,2.08997387601843,2.252618615294958e-10
tmdd_full,1,12.0,2,0.763888349671216,0.763888349728085,7.444668322355952e-11
tmdd_full,1,16.0,1,1.0355676672563117,1.03556766655802,6.743080817199724e-10
tmdd_full,1,16.0,2,0.7752961822828359,0.775296182434102,1.951075139741132e-10
tmdd_full,1,20.0,1,0.36407781748767243,0.364077816565401,2.533171162683016e-09
tmdd_full,1,20.0,2,0.8452574742492898,0.845257474549843,3.555759730079252e-10
tmdd_full,1,24.0,1,0.07220267369135083,0.0722026730867423,8.373769336516535e-09
tmdd_full,1,24.0,2,0.9956025542917163,0.995602554436901,1.4582601507161247e-10
tmdd_full,1,30.0,1,0.00442726398066577,0.00442726393285026,1.080023937064542e-08
tmdd_full,1,30.0,2,1.3285789562012904,1.32857895620112,1.281882504480357e-13
tmdd_full,1,36.0,1,0.0005419350991838303,0.000541935082402402,3.096575382714338e-08
tmdd_full,1,36.0,2,1.6072046052450724,1.60720460524519,7.322256309258967e-14
tmdd_full,1,48.0,1,1.3466250582367557e-05,1.346623871342e-05,8.813855011142847e-07
tmdd_full,1,48.0,2,1.8785314495179233,1.87853144951392,2.1310487951794737e-12
tmdd_full,1,60.0,1,3.862720476632197e-07,3.86265658876513e-07,7.191329370227253e-07
tmdd_full,1,60.0,2,1.9633174364132484,1.9633174364694,2.8600330659130674e-11
tmdd_full,1,72.0,1,1.1484272896691704e-08,1.14778068072432e-08,7.278342680099011e-07
tmdd_full,1,72.0,2,1.988948488147792,1.98894848874428,2.9990127725696924e-10
tmdd_full,1,96.0,1,1.8686355104423728e-11,1.03722608873099e-11,9.358488970607394e-07
tmdd_full,1,96.0,2,1.9989973997780244,1.99899740014035,1.8125372496886657e-10
tmdd_full,1,120.0,1,7.639925843101305e-12,9.42162222082623e-15,8.589028188337338e-07
tmdd_full,1,120.0,2,1.9999090461013107,1.99990904615349,2.6090872499785195e-11
tmdd_full,1,168.0,1,9.521209516884144e-12,7.84903779273972e-21,1.0717238925887354e-06
tmdd_full,1,168.0,2,1.9999992514706002,1.99999925146659,2.0050635329015543e-12
tmdd_qss,1,0.1,1,8.028669190882908,8.02866919088258,4.093156754574427e-14
tmdd_qss,1,0.1,2,1.962602456529616,1.96260245652595,1.8680188948743003e-12
tmdd_qss,1,0.25,1,7.918942862773529,7.91894286277308,5.675230749308433e-14
tmdd_qss,1,0.25,2,1.908530845486389,1.90853084548034,3.1694217265036147e-12
tmdd_qss,1,0.5,1,7.738593048055678,7.73859304805299,3.474166505122921e-13
tmdd_qss,1,0.5,2,1.823553447378395,1.82355344732194,3.095881995107065e-11
tmdd_qss,1,1.0,1,7.387171181399422,7.38717118137145,3.78660389251229e-12
tmdd_qss,1,1.0,2,1.6712673380403757,1.6712673374464,3.5540439531090355e-10
tmdd_qss,1,1.5,1,7.047760824893592,7.04776082484468,6.94007455537679e-12
tmdd_qss,1,1.5,2,1.5398429201635988,1.53984291917117,6.445000288313942e-10
tmdd_qss,1,2.0,1,6.719947961743644,6.71994796167617,1.004085548742384e-11
tmdd_qss,1,2.0,2,1.4264356053719267,1.42643560406733,9.145850322363773e-10
tmdd_qss,1,3.0,1,6.097548517496822,6.09754851739717,1.6342935533713888e-11
tmdd_qss,1,3.0,2,1.2441979939273655,1.2441979921832,1.4018391684200832e-09
tmdd_qss,1,4.0,1,5.517009112333215,5.51700911220757,2.27740033106024e-11
tmdd_qss,1,4.0,2,1.108710473801319,1.10871047181658,1.7901328527476837e-09
tmdd_qss,1,6.0,1,4.47091163849168,4.47091163832026,3.834122103638059e-11
tmdd_qss,1,6.0,2,0.933889833548532,0.933889831359914,2.3435504703469436e-09
tmdd_qss,1,8.0,1,3.562753071190202,3.56275307097346,6.083558850184376e-11
tmdd_qss,1,8.0,2,0.8396090655930525,0.839609063379026,2.6369731036095833e-09
tmdd_qss,1,10.0,1,2.777118214643973,2.77711821437849,9.559664749306664e-11
tmdd_qss,1,10.0,2,0.7916314132366654,0.791631411090872,2.7105966258618725e-09
tmdd_qss,1,12.0,1,2.1020778987289463,2.10207789841829,1.4778538404091828e-10
tmdd_qss,1,12.0,2,0.7715489899663535,0.771548988001684,2.5463962207173616e-09
tmdd_qss,1,16.0,1,1.0563219192316147,1.05632191873748,4.677880145871464e-10
tmdd_qss,1,16.0,2,0.7840174046682408,0.784017402695555,2.516125006553102e-09
tmdd_qss,1,20.0,1,0.41319278164908413,0.413192780896685,1.8209397108932577e-09
tmdd_qss,1,20.0,2,0.8628136277368578,0.862813625487502,2.6070008009567817e-09
tmdd_qss,1,24.0,1,0.13286775844970544,0.132867757802874,4.8682348540346484e-09
tmdd_qss,1,24.0,2,1.0251357834799177,1.02513578148721,1.9438476468696513e-09
tmdd_qss,1,30.0,1,0.02380976091608078,0.0238097606761578,1.0076664946421355e-08
tmdd_qss,1,30.0,2,1.3455399031592579,1.34553990225438,6.725017584623485e-10
tmdd_qss,1,36.0,1,0.004600554601003948,0.00460055453058872,1.530581302756593e-08
tmdd_qss,1,36.0,2,1.6093780054611448,1.6093780051789,1.7537514071575828e-10
tmdd_qss,1,48.0,1,0.0001927201812481627,0.000192720174678307,3.409012952213371e-08
tmdd_qss,1,48.0,2,1.876696050589037,1.87669605057832,5.710676962318412e-12
tmdd_qss,1,60.0,1,8.520273360401731e-06,8.52027154696344e-06,2.1283808641722906e-07
tmdd_qss,1,60.0,2,1.9625910711112498,1.96259107112757,8.31567956365627e-12
tmdd_qss,1,72.0,1,3.82401156739931e-07,3.82399798715127e-07,1.6914693727589532e-07
tmdd_qss,1,72.0,2,1.9887202310699943,1.98872023116461,4.7576148302067785e-11
tmdd_qss,1,96.0,1,7.790765810256062e-10,7.78134889856119e-10,1.1729106619021658e-07
tmdd_qss,1,96.0,2,1.9989765252695908,1.99897652726746,9.994460545959e-10
tmdd_qss,1,120.0,1,1.6606716002343092e-12,1.5869527913992e-12,9.181946233234375e-09
tmdd_qss,1,120.0,2,1.9999071475777919,1.9999071522512,2.3368125363663433e-09
tmdd_qss,1,168.0,1,2.220446049250313e-16,-4.44089209850063e-16,8.296939367380602e-11
tmdd_qss,1,168.0,2,1.9999992336498347,1.99999923588613,1.1181481127488692e-09
