ID,TIME,AMT,DV,EVID,MDV,CMT,WT,CLCR,LWT,LCLCR
1,0.0,100,.,1,1,1,58.4,58.0,-0.05981849521091022,0.0
1,8.0,80,.,1,1,1,58.4,58.0,-0.05981849521091022,0.0
1,16.0,80,.,1,1,1,58.4,58.0,-0.05981849521091022,0.0
1,24.0,80,.,1,1,1,58.4,58.0,-0.05981849521091022,0.0
1,32.0,80,.,1,1,1,58.4,58.0,-0.05981849521091022,0.0
1,40.0,80,.,1,1,1,58.4,58.0,-0.05981849521091022,0.0
1,48.0,80,.,1,1,1,58.4,58.0,-0.05981849521091022,0.0
1,56.0,80,.,1,1,1,58.4,58.0,-0.05981849521091022,0.0
1,64.0,80,.,1,1,1,58.4,58.0,-0.05981849521091022,0.0
1,72.0,80,.,1,1,1,58.4,58.0,-0.05981849521091022,0.0
1,80.0,80,.,1,1,1,58.4,58.0,-0.05981849521091022,0.0
1,88.0,80,.,1,1,1,58.4,58.0,-0.05981849521091022,0.0
1,90.5,.,2.47,0,0,1,58.4,58.0,-0.05981849521091022,0.0
1,95.0,.,1.16,0,0,1,58.4,58.0,-0.05981849521091022,0.0
1,96.0,80,.,1,1,1,58.4,58.0,-0.05981849521091022,0.0
1,104.0,80,.,1,1,1,58.4,58.0,-0.05981849521091022,0.0
1,112.0,80,.,1,1,1,58.4,58.0,-0.05981849521091022,0.0
1,120.0,80,.,1,1,1,58.4,58.0,-0.05981849521091022,0.0
1,128.0,80,.,1,1,1,58.4,58.0,-0.05981849521091022,0.0
1,136.0,80,.,1,1,1,58.4,58.0,-0.05981849521091022,0.0
1,144.0,80,.,1,1,1,58.4,58.0,-0.05981849521091022,0.0
1,152.0,80,.,1,1,1,58.4,58.0,-0.05981849521091022,0.0
1,160.0,80,.,1,1,1,58.4,58.0,-0.05981849521091022,0.0
1,168.0,80,.,1,1,1,58.4,58.0,-0.05981849521091022,0.0
1,176.0,80,.,1,1,1,58.4,58.0,-0.05981849521091022,0.0
1,184.0,80,.,1,1,1,58.4,58.0,-0.05981849521091022,0.0
1,186.5,.,3.6,0,0,1,58.4,58.0,-0.05981849521091022,0.0
1,192.0,80,.,1,1,1,58.4,58.0,-0.05981849521091022,0.0
1,200.0,80,.,1,1,1,58.4,58.0,-0.05981849521091022,0.0
1,208.0,80,.,1,1,1,58.4,58.0,-0.05981849521091022,0.0
1,216.0,80,.,1,1,1,58.4,58.0,-0.05981849521091022,0.0
1,224.0,80,.,1,1,1,58.4,58.0,-0.05981849521091022,0.0
1,232.0,80,.,1,1,1,58.4,58.0,-0.05981849521091022,0.0
1,240.0,80,.,1,1,1,58.4,58.0,-0.05981849521091022,0.0
1,248.0,80,.,1,1,1,58.4,58.0,-0.05981849521091022,0.0
1,256.0,80,.,1,1,1,58.4,58.0,-0.05981849521091022,0.0
1,258.5,.,7.55,0,0,1,58.4,58.0,-0.05981849521091022,0.0
1,263.17,.,6.01,0,0,1,58.4,58.0,-0.05981849521091022,0.0
1,264.0,80,.,1,1,1,58.4,58.0,-0.05981849521091022,0.0
2,0.0,180,.,1,1,1,69.5,39.0,0.1141923675256548,-0.3968813644167729
2,24.0,180,.,1,1,1,69.5,39.0,0.1141923675256548,-0.3968813644167729
2,26.0,.,7.12,0,0,1,69.5,39.0,0.1141923675256548,-0.3968813644167729
2,48.0,180,.,1,1,1,69.5,39.0,0.1141923675256548,-0.3968813644167729
2,72.0,180,.,1,1,1,69.5,39.0,0.1141923675256548,-0.3968813644167729
2,74.0,.,7.2,0,0,1,69.5,39.0,0.1141923675256548,-0.3968813644167729
3,0.0,80,.,1,1,1,64.2,90.0,0.034868825650824074,0.4393666597838457
3,8.0,80,.,1,1,1,64.2,90.0,0.034868825650824074,0.4393666597838457
3,16.0,80,.,1,1,1,64.2,90.0,0.034868825650824074,0.4393666597838457
3,24.0,80,.,1,1,1,64.2,90.0,0.034868825650824074,0.4393666597838457
3,32.0,80,.,1,1,1,64.2,90.0,0.034868825650824074,0.4393666597838457
3,40.0,80,.,1,1,1,64.2,90.0,0.034868825650824074,0.4393666597838457
3,42.5,.,1.25,0,0,1,64.2,90.0,0.034868825650824074,0.4393666597838457
3,48.0,80,.,1,1,1,64.2,90.0,0.034868825650824074,0.4393666597838457
3,50.75,.,4.61,0,0,1,64.2,90.0,0.034868825650824074,0.4393666597838457
3,56.0,80,.,1,1,1,64.2,90.0,0.034868825650824074,0.4393666597838457
3,64.0,80,.,1,1,1,64.2,90.0,0.034868825650824074,0.4393666597838457
3,65.0,.,5.77,0,0,1,64.2,90.0,0.034868825650824074,0.4393666597838457
3,70.5,.,1.3,0,0,1,64.2,90.0,0.034868825650824074,0.4393666597838457
4,0.0,100,.,1,1,1,62.0,95.0,0.0,0.4934338810541215
4,12.0,100,.,1,1,1,62.0,95.0,0.0,0.4934338810541215
4,14.5,.,3.37,0,0,1,62.0,95.0,0.0,0.4934338810541215
4,24.0,100,.,1,1,1,62.0,95.0,0.0,0.4934338810541215
4,36.0,100,.,1,1,1,62.0,95.0,0.0,0.4934338810541215
4,48.0,100,.,1,1,1,62.0,95.0,0.0,0.4934338810541215
4,52.5,.,2.15,0,0,1,62.0,95.0,0.0,0.4934338810541215
4,60.0,100,.,1,1,1,62.0,95.0,0.0,0.4934338810541215
4,72.0,100,.,1,1,1,62.0,95.0,0.0,0.4934338810541215
4,74.5,.,2.37,0,0,1,62.0,95.0,0.0,0.4934338810541215
4,84.0,100,.,1,1,1,62.0,95.0,0.0,0.4934338810541215
4,87.0,.,4.42,0,0,1,62.0,95.0,0.0,0.4934338810541215
4,96.0,100,.,1,1,1,62.0,95.0,0.0,0.4934338810541215
4,108.0,100,.,1,1,1,62.0,95.0,0.0,0.4934338810541215
4,120.0,100,.,1,1,1,62.0,95.0,0.0,0.4934338810541215
4,132.0,100,.,1,1,1,62.0,95.0,0.0,0.4934338810541215
4,144.0,100,.,1,1,1,62.0,95.0,0.0,0.4934338810541215
4,156.0,100,.,1,1,1,62.0,95.0,0.0,0.4934338810541215
4,168.0,100,.,1,1,1,62.0,95.0,0.0,0.4934338810541215
4,180.0,100,.,1,1,1,62.0,95.0,0.0,0.4934338810541215
4,192.0,100,.,1,1,1,62.0,95.0,0.0,0.4934338810541215
4,204.0,100,.,1,1,1,62.0,95.0,0.0,0.4934338810541215
4,216.0,100,.,1,1,1,62.0,95.0,0.0,0.4934338810541215
4,228.0,100,.,1,1,1,62.0,95.0,0.0,0.4934338810541215
4,240.0,100,.,1,1,1,62.0,95.0,0.0,0.4934338810541215
4,252.0,100,.,1,1,1,62.0,95.0,0.0,0.4934338810541215
4,264.0,100,.,1,1,1,62.0,95.0,0.0,0.4934338810541215
4,276.0,100,.,1,1,1,62.0,95.0,0.0,0.4934338810541215
4,288.0,100,.,1,1,1,62.0,95.0,0.0,0.4934338810541215
4,300.0,100,.,1,1,1,62.0,95.0,0.0,0.4934338810541215
4,312.0,100,.,1,1,1,62.0,95.0,0.0,0.4934338810541215
4,324.0,100,.,1,1,1,62.0,95.0,0.0,0.4934338810541215
4,336.0,100,.,1,1,1,62.0,95.0,0.0,0.4934338810541215
4,348.0,100,.,1,1,1,62.0,95.0,0.0,0.4934338810541215
4,360.0,100,.,1,1,1,62.0,95.0,0.0,0.4934338810541215
4,372.0,100,.,1,1,1,62.0,95.0,0.0,0.4934338810541215
4,384.0,100,.,1,1,1,62.0,95.0,0.0,0.4934338810541215
4,396.0,100,.,1,1,1,62.0,95.0,0.0,0.4934338810541215
4,408.0,100,.,1,1,1,62.0,95.0,0.0,0.4934338810541215
4,420.0,100,.,1,1,1,62.0,95.0,0.0,0.4934338810541215
4,432.0,100,.,1,1,1,62.0,95.0,0.0,0.4934338810541215
4,444.0,100,.,1,1,1,62.0,95.0,0.0,0.4934338810541215
4,456.0,100,.,1,1,1,62.0,95.0,0.0,0.4934338810541215
4,468.0,100,.,1,1,1,62.0,95.0,0.0,0.4934338810541215
4,480.0,100,.,1,1,1,62.0,95.0,0.0,0.4934338810541215
4,492.0,100,.,1,1,1,62.0,95.0,0.0,0.4934338810541215
4,504.0,100,.,1,1,1,62.0,95.0,0.0,0.4934338810541215
4,516.0,100,.,1,1,1,62.0,95.0,0.0,0.4934338810541215
4,528.0,100,.,1,1,1,62.0,95.0,0.0,0.4934338810541215
4,540.0,100,.,1,1,1,62.0,95.0,0.0,0.4934338810541215
4,552.0,100,.,1,1,1,62.0,95.0,0.0,0.4934338810541215
4,564.0,100,.,1,1,1,62.0,95.0,0.0,0.4934338810541215
4,576.0,100,.,1,1,1,62.0,95.0,0.0,0.4934338810541215
4,588.0,100,.,1,1,1,62.0,95.0,0.0,0.4934338810541215
4,600.0,100,.,1,1,1,62.0,95.0,0.0,0.4934338810541215
4,612.0,100,.,1,1,1,62.0,95.0,0.0,0.4934338810541215
4,624.0,100,.,1,1,1,62.0,95.0,0.0,0.4934338810541215
4,636.0,100,.,1,1,1,62.0,95.0,0.0,0.4934338810541215
4,648.0,100,.,1,1,1,62.0,95.0,0.0,0.4934338810541215
4,650.0,.,2.37,0,0,1,62.0,95.0,0.0,0.4934338810541215
4,660.0,100,.,1,1,1,62.0,95.0,0.0,0.4934338810541215
4,662.0,.,2.83,0,0,1,62.0,95.0,0.0,0.4934338810541215
5,0.0,80,.,1,1,1,55.0,55.0,-0.11980119981262065,-0.05310982531394841
5,8.0,80,.,1,1,1,55.0,55.0,-0.11980119981262065,-0.05310982531394841
5,16.0,80,.,1,1,1,55.0,55.0,-0.11980119981262065,-0.05310982531394841
5,24.0,80,.,1,1,1,55.0,55.0,-0.11980119981262065,-0.05310982531394841
5,32.0,80,.,1,1,1,55.0,55.0,-0.11980119981262065,-0.05310982531394841
5,40.0,80,.,1,1,1,55.0,55.0,-0.11980119981262065,-0.05310982531394841
5,48.0,80,.,1,1,1,55.0,55.0,-0.11980119981262065,-0.05310982531394841
5,56.0,80,.,1,1,1,55.0,55.0,-0.11980119981262065,-0.05310982531394841
5,64.0,80,.,1,1,1,55.0,55.0,-0.11980119981262065,-0.05310982531394841
5,72.0,80,.,1,1,1,55.0,55.0,-0.11980119981262065,-0.05310982531394841
5,80.0,80,.,1,1,1,55.0,55.0,-0.11980119981262065,-0.05310982531394841
5,82.5,.,4.0,0,0,1,55.0,55.0,-0.11980119981262065,-0.05310982531394841
5,88.0,80,.,1,1,1,55.0,55.0,-0.11980119981262065,-0.05310982531394841
5,90.5,.,4.3,0,0,1,55.0,55.0,-0.11980119981262065,-0.05310982531394841
5,96.0,80,.,1,1,1,55.0,55.0,-0.11980119981262065,-0.05310982531394841
5,98.5,.,3.3,0,0,1,55.0,55.0,-0.11980119981262065,-0.05310982531394841
5,104.0,80,.,1,1,1,55.0,55.0,-0.11980119981262065,-0.05310982531394841
5,112.0,80,.,1,1,1,55.0,55.0,-0.11980119981262065,-0.05310982531394841
5,120.0,80,.,1,1,1,55.0,55.0,-0.11980119981262065,-0.05310982531394841
5,122.5,.,3.6,0,0,1,55.0,55.0,-0.11980119981262065,-0.05310982531394841
5,128.0,80,.,1,1,1,55.0,55.0,-0.11980119981262065,-0.05310982531394841
6,0.0,80,.,1,1,1,53.2,52.0,-0.15307598869749275,-0.10919929196499197
6,8.0,80,.,1,1,1,53.2,52.0,-0.15307598869749275,-0.10919929196499197
6,16.0,80,.,1,1,1,53.2,52.0,-0.15307598869749275,-0.10919929196499197
6,24.0,80,.,1,1,1,53.2,52.0,-0.15307598869749275,-0.10919929196499197
6,32.0,80,.,1,1,1,53.2,52.0,-0.15307598869749275,-0.10919929196499197
6,40.0,80,.,1,1,1,53.2,52.0,-0.15307598869749275,-0.10919929196499197
6,48.0,80,.,1,1,1,53.2,52.0,-0.15307598869749275,-0.10919929196499197
6,56.0,80,.,1,1,1,53.2,52.0,-0.15307598869749275,-0.10919929196499197
6,64.0,80,.,1,1,1,53.2,52.0,-0.15307598869749275,-0.10919929196499197
6,72.0,80,.,1,1,1,53.2,52.0,-0.15307598869749275,-0.10919929196499197
6,80.0,80,.,1,1,1,53.2,52.0,-0.15307598869749275,-0.10919929196499197
6,88.0,80,.,1,1,1,53.2,52.0,-0.15307598869749275,-0.10919929196499197
6,96.0,80,.,1,1,1,53.2,52.0,-0.15307598869749275,-0.10919929196499197
6,104.0,80,.,1,1,1,53.2,52.0,-0.15307598869749275,-0.10919929196499197
6,112.0,80,.,1,1,1,53.2,52.0,-0.15307598869749275,-0.10919929196499197
6,114.5,.,3.37,0,0,1,53.2,52.0,-0.15307598869749275,-0.10919929196499197
6,120.0,80,.,1,1,1,53.2,52.0,-0.15307598869749275,-0.10919929196499197
6,122.5,.,2.37,0,0,1,53.2,52.0,-0.15307598869749275,-0.10919929196499197
6,128.0,80,.,1,1,1,53.2,52.0,-0.15307598869749275,-0.10919929196499197
6,136.0,80,.,1,1,1,53.2,52.0,-0.15307598869749275,-0.10919929196499197
6,144.0,80,.,1,1,1,53.2,52.0,-0.15307598869749275,-0.10919929196499197
6,146.5,.,3.95,0,0,1,53.2,52.0,-0.15307598869749275,-0.10919929196499197
6,152.0,80,.,1,1,1,53.2,52.0,-0.15307598869749275,-0.10919929196499197
6,154.5,.,2.77,0,0,1,53.2,52.0,-0.15307598869749275,-0.10919929196499197
7,0.0,100,.,1,1,1,72.0,105.0,0.14953173397096384,0.593517339611104
7,12.0,100,.,1,1,1,72.0,105.0,0.14953173397096384,0.593517339611104
7,14.5,.,2.3,0,0,1,72.0,105.0,0.14953173397096384,0.593517339611104
7,24.0,100,.,1,1,1,72.0,105.0,0.14953173397096384,0.593517339611104
7,36.0,100,.,1,1,1,72.0,105.0,0.14953173397096384,0.593517339611104
7,48.0,100,.,1,1,1,72.0,105.0,0.14953173397096384,0.593517339611104
7,50.5,.,2.3,0,0,1,72.0,105.0,0.14953173397096384,0.593517339611104
7,60.0,100,.,1,1,1,72.0,105.0,0.14953173397096384,0.593517339611104
7,62.5,.,3.3,0,0,1,72.0,105.0,0.14953173397096384,0.593517339611104
8,0.0,100,.,1,1,1,69.0,50.0,0.10697211955216773,-0.14842000511827333
8,12.0,100,.,1,1,1,69.0,50.0,0.10697211955216773,-0.14842000511827333
8,24.0,100,.,1,1,1,69.0,50.0,0.10697211955216773,-0.14842000511827333
8,36.0,100,.,1,1,1,69.0,50.0,0.10697211955216773,-0.14842000511827333
8,48.0,100,.,1,1,1,69.0,50.0,0.10697211955216773,-0.14842000511827333
8,50.5,.,4.3,0,0,1,69.0,50.0,0.10697211955216773,-0.14842000511827333
8,60.0,100,.,1,1,1,69.0,50.0,0.10697211955216773,-0.14842000511827333
8,62.5,.,4.5,0,0,1,69.0,50.0,0.10697211955216773,-0.14842000511827333
9,0.0,80,.,1,1,1,72.0,60.0,0.14953173397096384,0.033901551675681416
9,12.0,80,.,1,1,1,72.0,60.0,0.14953173397096384,0.033901551675681416
9,14.5,.,2.5,0,0,1,72.0,60.0,0.14953173397096384,0.033901551675681416
9,24.0,80,.,1,1,1,72.0,60.0,0.14953173397096384,0.033901551675681416
9,26.5,.,2.7,0,0,1,72.0,60.0,0.14953173397096384,0.033901551675681416
9,36.0,80,.,1,1,1,72.0,60.0,0.14953173397096384,0.033901551675681416
9,48.0,80,.,1,1,1,72.0,60.0,0.14953173397096384,0.033901551675681416
9,50.5,.,2.3,0,0,1,72.0,60.0,0.14953173397096384,0.033901551675681416
9,60.0,80,.,1,1,1,72.0,60.0,0.14953173397096384,0.033901551675681416
9,72.0,80,.,1,1,1,72.0,60.0,0.14953173397096384,0.033901551675681416
9,84.0,80,.,1,1,1,72.0,60.0,0.14953173397096384,0.033901551675681416
9,86.5,.,2.5,0,0,1,72.0,60.0,0.14953173397096384,0.033901551675681416
10,0.0,80,.,1,1,1,70.0,50.0,0.12136085700426753,-0.14842000511827333
10,8.0,80,.,1,1,1,70.0,50.0,0.12136085700426753,-0.14842000511827333
10,16.0,80,.,1,1,1,70.0,50.0,0.12136085700426753,-0.14842000511827333
10,24.0,80,.,1,1,1,70.0,50.0,0.12136085700426753,-0.14842000511827333
10,32.0,80,.,1,1,1,70.0,50.0,0.12136085700426753,-0.14842000511827333
10,40.0,80,.,1,1,1,70.0,50.0,0.12136085700426753,-0.14842000511827333
10,48.0,80,.,1,1,1,70.0,50.0,0.12136085700426753,-0.14842000511827333
10,50.5,.,3.9,0,0,1,70.0,50.0,0.12136085700426753,-0.14842000511827333
10,56.0,80,.,1,1,1,70.0,50.0,0.12136085700426753,-0.14842000511827333
10,64.0,80,.,1,1,1,70.0,50.0,0.12136085700426753,-0.14842000511827333
10,72.0,80,.,1,1,1,70.0,50.0,0.12136085700426753,-0.14842000511827333
10,74.5,.,3.9,0,0,1,70.0,50.0,0.12136085700426753,-0.14842000511827333
11,0.0,100,.,1,1,1,70.0,58.0,0.12136085700426753,0.0
11,8.0,100,.,1,1,1,70.0,58.0,0.12136085700426753,0.0
11,10.5,.,3.6,0,0,1,70.0,58.0,0.12136085700426753,0.0
11,16.0,100,.,1,1,1,70.0,58.0,0.12136085700426753,0.0
11,24.0,100,.,1,1,1,70.0,58.0,0.12136085700426753,0.0
11,32.0,100,.,1,1,1,70.0,58.0,0.12136085700426753,0.0
11,34.5,.,3.6,0,0,1,70.0,58.0,0.12136085700426753,0.0
12,0.0,120,.,1,1,1,73.0,60.0,0.16332505610329962,0.033901551675681416
12,12.0,120,.,1,1,1,73.0,60.0,0.16332505610329962,0.033901551675681416
12,14.5,.,3.9,0,0,1,73.0,60.0,0.16332505610329962,0.033901551675681416
12,24.0,120,.,1,1,1,73.0,60.0,0.16332505610329962,0.033901551675681416
12,36.0,120,.,1,1,1,73.0,60.0,0.16332505610329962,0.033901551675681416
12,38.5,.,4.2,0,0,1,73.0,60.0,0.16332505610329962,0.033901551675681416
13,0.0,80,.,1,1,1,57.0,38.0,-0.08408311721054144,-0.4228568508200336
13,8.0,80,.,1,1,1,57.0,38.0,-0.08408311721054144,-0.4228568508200336
13,10.5,.,3.6,0,0,1,57.0,38.0,-0.08408311721054144,-0.4228568508200336
13,16.0,80,.,1,1,1,57.0,38.0,-0.08408311721054144,-0.4228568508200336
13,24.0,80,.,1,1,1,57.0,38.0,-0.08408311721054144,-0.4228568508200336
13,26.5,.,3.9,0,0,1,57.0,38.0,-0.08408311721054144,-0.4228568508200336
14,0.0,80,.,1,1,1,53.2,39.0,-0.15307598869749275,-0.3968813644167729
14,12.0,80,.,1,1,1,53.2,39.0,-0.15307598869749275,-0.3968813644167729
14,14.5,.,2.1,0,0,1,53.2,39.0,-0.15307598869749275,-0.3968813644167729
14,24.0,80,.,1,1,1,53.2,39.0,-0.15307598869749275,-0.3968813644167729
14,26.5,.,2.1,0,0,1,53.2,39.0,-0.15307598869749275,-0.3968813644167729
15,0.0,100,.,1,1,1,67.0,57.0,0.07755823434587444,-0.01739174271186922
15,12.0,100,.,1,1,1,67.0,57.0,0.07755823434587444,-0.01739174271186922
15,14.5,.,3.4,0,0,1,67.0,57.0,0.07755823434587444,-0.01739174271186922
15,24.0,100,.,1,1,1,67.0,57.0,0.07755823434587444,-0.01739174271186922
15,36.0,100,.,1,1,1,67.0,57.0,0.07755823434587444,-0.01739174271186922
15,38.5,.,3.4,0,0,1,67.0,57.0,0.07755823434587444,-0.01739174271186922
16,0.0,80,.,1,1,1,60.0,72.0,-0.03278982282299084,0.216223108469636
16,8.0,80,.,1,1,1,60.0,72.0,-0.03278982282299084,0.216223108469636
16,16.0,80,.,1,1,1,60.0,72.0,-0.03278982282299084,0.216223108469636
16,24.0,80,.,1,1,1,60.0,72.0,-0.03278982282299084,0.216223108469636
16,26.5,.,2.3,0,0,1,60.0,72.0,-0.03278982282299084,0.216223108469636
16,32.0,80,.,1,1,1,60.0,72.0,-0.03278982282299084,0.216223108469636
16,34.5,.,2.6,0,0,1,60.0,72.0,-0.03278982282299084,0.216223108469636
17,0.0,100,.,1,1,1,72.0,52.0,0.14953173397096384,-0.10919929196499197
17,8.0,100,.,1,1,1,72.0,52.0,0.14953173397096384,-0.10919929196499197
17,16.0,100,.,1,1,1,72.0,52.0,0.14953173397096384,-0.10919929196499197
17,24.0,100,.,1,1,1,72.0,52.0,0.14953173397096384,-0.10919929196499197
17,32.0,100,.,1,1,1,72.0,52.0,0.14953173397096384,-0.10919929196499197
17,40.0,100,.,1,1,1,72.0,52.0,0.14953173397096384,-0.10919929196499197
17,48.0,100,.,1,1,1,72.0,52.0,0.14953173397096384,-0.10919929196499197
17,50.5,.,3.4,0,0,1,72.0,52.0,0.14953173397096384,-0.10919929196499197
17,56.0,100,.,1,1,1,72.0,52.0,0.14953173397096384,-0.10919929196499197
17,58.5,.,3.1,0,0,1,72.0,52.0,0.14953173397096384,-0.10919929196499197
18,0.0,100,.,1,1,1,72.0,52.0,0.14953173397096384,-0.10919929196499197
18,8.0,100,.,1,1,1,72.0,52.0,0.14953173397096384,-0.10919929196499197
18,16.0,100,.,1,1,1,72.0,52.0,0.14953173397096384,-0.10919929196499197
18,24.0,100,.,1,1,1,72.0,52.0,0.14953173397096384,-0.10919929196499197
18,32.0,100,.,1,1,1,72.0,52.0,0.14953173397096384,-0.10919929196499197
18,34.5,.,2.3,0,0,1,72.0,52.0,0.14953173397096384,-0.10919929196499197
18,40.0,100,.,1,1,1,72.0,52.0,0.14953173397096384,-0.10919929196499197
18,48.0,100,.,1,1,1,72.0,52.0,0.14953173397096384,-0.10919929196499197
18,50.5,.,3.3,0,0,1,72.0,52.0,0.14953173397096384,-0.10919929196499197
19,0.0,100,.,1,1,1,75.0,63.0,0.19035372849121893,0.08269171584511341
19,12.0,100,.,1,1,1,75.0,63.0,0.19035372849121893,0.08269171584511341
19,14.5,.,4.2,0,0,1,75.0,63.0,0.19035372849121893,0.08269171584511341
19,24.0,100,.,1,1,1,75.0,63.0,0.19035372849121893,0.08269171584511341
19,26.5,.,3.9,0,0,1,75.0,63.0,0.19035372849121893,0.08269171584511341
20,0.0,100,.,1,1,1,65.0,55.0,0.04725288485054551,-0.05310982531394841
20,12.0,100,.,1,1,1,65.0,55.0,0.04725288485054551,-0.05310982531394841
20,14.5,.,4.7,0,0,1,65.0,55.0,0.04725288485054551,-0.05310982531394841
20,24.0,100,.,1,1,1,65.0,55.0,0.04725288485054551,-0.05310982531394841
20,36.0,100,.,1,1,1,65.0,55.0,0.04725288485054551,-0.05310982531394841
20,38.5,.,4.7,0,0,1,65.0,55.0,0.04725288485054551,-0.05310982531394841
21,0.0,100,.,1,1,1,70.0,52.0,0.12136085700426753,-0.10919929196499197
21,8.0,100,.,1,1,1,70.0,52.0,0.12136085700426753,-0.10919929196499197
21,16.0,100,.,1,1,1,70.0,52.0,0.12136085700426753,-0.10919929196499197
21,24.0,100,.,1,1,1,70.0,52.0,0.12136085700426753,-0.10919929196499197
21,32.0,100,.,1,1,1,70.0,52.0,0.12136085700426753,-0.10919929196499197
21,40.0,100,.,1,1,1,70.0,52.0,0.12136085700426753,-0.10919929196499197
21,48.0,100,.,1,1,1,70.0,52.0,0.12136085700426753,-0.10919929196499197
21,50.5,.,4.6,0,0,1,70.0,52.0,0.12136085700426753,-0.10919929196499197
21,56.0,100,.,1,1,1,70.0,52.0,0.12136085700426753,-0.10919929196499197
21,64.0,100,.,1,1,1,70.0,52.0,0.12136085700426753,-0.10919929196499197
21,72.0,100,.,1,1,1,70.0,52.0,0.12136085700426753,-0.10919929196499197
21,74.5,.,3.9,0,0,1,70.0,52.0,0.12136085700426753,-0.10919929196499197
22,0.0,80,.,1,1,1,58.0,60.0,-0.06669137449867228,0.033901551675681416
22,8.0,80,.,1,1,1,58.0,60.0,-0.06669137449867228,0.033901551675681416
22,16.0,80,.,1,1,1,58.0,60.0,-0.06669137449867228,0.033901551675681416
22,24.0,80,.,1,1,1,58.0,60.0,-0.06669137449867228,0.033901551675681416
22,32.0,80,.,1,1,1,58.0,60.0,-0.06669137449867228,0.033901551675681416
22,40.0,80,.,1,1,1,58.0,60.0,-0.06669137449867228,0.033901551675681416
22,48.0,80,.,1,1,1,58.0,60.0,-0.06669137449867228,0.033901551675681416
22,50.5,.,2.3,0,0,1,58.0,60.0,-0.06669137449867228,0.033901551675681416
22,56.0,80,.,1,1,1,58.0,60.0,-0.06669137449867228,0.033901551675681416
22,58.5,.,2.1,0,0,1,58.0,60.0,-0.06669137449867228,0.033901551675681416
23,0.0,80,.,1,1,1,55.0,38.0,-0.11980119981262065,-0.4228568508200336
23,8.0,80,.,1,1,1,55.0,38.0,-0.11980119981262065,-0.4228568508200336
23,16.0,80,.,1,1,1,55.0,38.0,-0.11980119981262065,-0.4228568508200336
23,18.5,.,2.3,0,0,1,55.0,38.0,-0.11980119981262065,-0.4228568508200336
23,24.0,80,.,1,1,1,55.0,38.0,-0.11980119981262065,-0.4228568508200336
23,26.5,.,2.6,0,0,1,55.0,38.0,-0.11980119981262065,-0.4228568508200336
24,0.0,100,.,1,1,1,72.0,105.0,0.14953173397096384,0.593517339611104
24,8.0,100,.,1,1,1,72.0,105.0,0.14953173397096384,0.593517339611104
24,16.0,100,.,1,1,1,72.0,105.0,0.14953173397096384,0.593517339611104
24,24.0,100,.,1,1,1,72.0,105.0,0.14953173397096384,0.593517339611104
24,32.0,100,.,1,1,1,72.0,105.0,0.14953173397096384,0.593517339611104
24,34.5,.,3.3,0,0,1,72.0,105.0,0.14953173397096384,0.593517339611104
24,40.0,100,.,1,1,1,72.0,105.0,0.14953173397096384,0.593517339611104
24,42.5,.,3.1,0,0,1,72.0,105.0,0.14953173397096384,0.593517339611104
25,0.0,100,.,1,1,1,50.0,32.0,-0.21511137961694557,-0.5947071077466928
25,8.0,100,.,1,1,1,50.0,32.0,-0.21511137961694557,-0.5947071077466928
25,16.0,100,.,1,1,1,50.0,32.0,-0.21511137961694557,-0.5947071077466928
25,24.0,100,.,1,1,1,50.0,32.0,-0.21511137961694557,-0.5947071077466928
25,32.0,100,.,1,1,1,50.0,32.0,-0.21511137961694557,-0.5947071077466928
25,34.5,.,4.7,0,0,1,50.0,32.0,-0.21511137961694557,-0.5947071077466928
25,40.0,100,.,1,1,1,50.0,32.0,-0.21511137961694557,-0.5947071077466928
25,42.5,.,3.1,0,0,1,50.0,32.0,-0.21511137961694557,-0.5947071077466928
26,0.0,80,.,1,1,1,60.0,45.0,-0.03278982282299084,-0.2537805207760996
26,12.0,80,.,1,1,1,60.0,45.0,-0.03278982282299084,-0.2537805207760996
26,14.5,.,2.3,0,0,1,60.0,45.0,-0.03278982282299084,-0.2537805207760996
26,24.0,80,.,1,1,1,60.0,45.0,-0.03278982282299084,-0.2537805207760996
26,26.5,.,2.6,0,0,1,60.0,45.0,-0.03278982282299084,-0.2537805207760996
27,0.0,80,.,1,1,1,65.0,50.0,0.04725288485054551,-0.14842000511827333
27,8.0,80,.,1,1,1,65.0,50.0,0.04725288485054551,-0.14842000511827333
27,16.0,80,.,1,1,1,65.0,50.0,0.04725288485054551,-0.14842000511827333
27,24.0,80,.,1,1,1,65.0,50.0,0.04725288485054551,-0.14842000511827333
27,26.5,.,4.7,0,0,1,65.0,50.0,0.04725288485054551,-0.14842000511827333
27,32.0,80,.,1,1,1,65.0,50.0,0.04725288485054551,-0.14842000511827333
27,34.5,.,3.4,0,0,1,65.0,50.0,0.04725288485054551,-0.14842000511827333
28,0.0,80,.,1,1,1,55.0,60.0,-0.11980119981262065,0.033901551675681416
28,12.0,80,.,1,1,1,55.0,60.0,-0.11980119981262065,0.033901551675681416
28,14.5,.,2.3,0,0,1,55.0,60.0,-0.11980119981262065,0.033901551675681416
28,24.0,80,.,1,1,1,55.0,60.0,-0.11980119981262065,0.033901551675681416
28,26.5,.,2.3,0,0,1,55.0,60.0,-0.11980119981262065,0.033901551675681416
29,0.0,100,.,1,1,1,72.0,105.0,0.14953173397096384,0.593517339611104
29,8.0,100,.,1,1,1,72.0,105.0,0.14953173397096384,0.593517339611104
29,16.0,100,.,1,1,1,72.0,105.0,0.14953173397096384,0.593517339611104
29,24.0,100,.,1,1,1,72.0,105.0,0.14953173397096384,0.593517339611104
29,32.0,100,.,1,1,1,72.0,105.0,0.14953173397096384,0.593517339611104
29,34.5,.,2.3,0,0,1,72.0,105.0,0.14953173397096384,0.593517339611104
29,40.0,100,.,1,1,1,72.0,105.0,0.14953173397096384,0.593517339611104
29,42.5,.,2.6,0,0,1,72.0,105.0,0.14953173397096384,0.593517339611104
30,0.0,80,.,1,1,1,60.0,62.0,-0.03278982282299084,0.06669137449867214
30,8.0,80,.,1,1,1,60.0,62.0,-0.03278982282299084,0.06669137449867214
30,16.0,80,.,1,1,1,60.0,62.0,-0.03278982282299084,0.06669137449867214
30,24.0,80,.,1,1,1,60.0,62.0,-0.03278982282299084,0.06669137449867214
30,32.0,80,.,1,1,1,60.0,62.0,-0.03278982282299084,0.06669137449867214
30,40.0,80,.,1,1,1,60.0,62.0,-0.03278982282299084,0.06669137449867214
30,42.5,.,3.3,0,0,1,60.0,62.0,-0.03278982282299084,0.06669137449867214
30,48.0,80,.,1,1,1,60.0,62.0,-0.03278982282299084,0.06669137449867214
30,56.0,80,.,1,1,1,60.0,62.0,-0.03278982282299084,0.06669137449867214
30,58.5,.,3.1,0,0,1,60.0,62.0,-0.03278982282299084,0.06669137449867214
31,0.0,80,.,1,1,1,62.0,60.0,0.0,0.033901551675681416
31,8.0,80,.,1,1,1,62.0,60.0,0.0,0.033901551675681416
31,16.0,80,.,1,1,1,62.0,60.0,0.0,0.033901551675681416
31,24.0,80,.,1,1,1,62.0,60.0,0.0,0.033901551675681416
31,32.0,80,.,1,1,1,62.0,60.0,0.0,0.033901551675681416
31,40.0,80,.,1,1,1,62.0,60.0,0.0,0.033901551675681416
31,48.0,80,.,1,1,1,62.0,60.0,0.0,0.033901551675681416
31,50.5,.,3.4,0,0,1,62.0,60.0,0.0,0.033901551675681416
31,56.0,80,.,1,1,1,62.0,60.0,0.0,0.033901551675681416
31,58.5,.,2.1,0,0,1,62.0,60.0,0.0,0.033901551675681416
32,0.0,80,.,1,1,1,72.0,60.0,0.14953173397096384,0.033901551675681416
32,12.0,80,.,1,1,1,72.0,60.0,0.14953173397096384,0.033901551675681416
32,14.5,.,2.3,0,0,1,72.0,60.0,0.14953173397096384,0.033901551675681416
32,24.0,80,.,1,1,1,72.0,60.0,0.14953173397096384,0.033901551675681416
32,36.0,80,.,1,1,1,72.0,60.0,0.14953173397096384,0.033901551675681416
32,38.5,.,2.6,0,0,1,72.0,60.0,0.14953173397096384,0.033901551675681416
33,0.0,120,.,1,1,1,73.0,60.0,0.16332505610329962,0.033901551675681416
33,12.0,120,.,1,1,1,73.0,60.0,0.16332505610329962,0.033901551675681416
33,14.5,.,4.2,0,0,1,73.0,60.0,0.16332505610329962,0.033901551675681416
33,24.0,120,.,1,1,1,73.0,60.0,0.16332505610329962,0.033901551675681416
33,26.5,.,3.3,0,0,1,73.0,60.0,0.16332505610329962,0.033901551675681416
34,0.0,80,.,1,1,1,62.0,65.0,0.0,0.11394425934921769
34,8.0,80,.,1,1,1,62.0,65.0,0.0,0.11394425934921769
34,16.0,80,.,1,1,1,62.0,65.0,0.0,0.11394425934921769
34,18.5,.,3.1,0,0,1,62.0,65.0,0.0,0.11394425934921769
34,24.0,80,.,1,1,1,62.0,65.0,0.0,0.11394425934921769
34,26.5,.,3.4,0,0,1,62.0,65.0,0.0,0.11394425934921769
35,0.0,120,.,1,1,1,58.4,58.0,-0.05981849521091022,0.0
35,8.0,120,.,1,1,1,58.4,58.0,-0.05981849521091022,0.0
35,16.0,120,.,1,1,1,58.4,58.0,-0.05981849521091022,0.0
35,24.0,120,.,1,1,1,58.4,58.0,-0.05981849521091022,0.0
35,32.0,120,.,1,1,1,58.4,58.0,-0.05981849521091022,0.0
35,40.0,120,.,1,1,1,58.4,58.0,-0.05981849521091022,0.0
35,48.0,120,.,1,1,1,58.4,58.0,-0.05981849521091022,0.0
35,56.0,120,.,1,1,1,58.4,58.0,-0.05981849521091022,0.0
35,64.0,120,.,1,1,1,58.4,58.0,-0.05981849521091022,0.0
35,72.0,120,.,1,1,1,58.4,58.0,-0.05981849521091022,0.0
35,80.0,120,.,1,1,1,58.4,58.0,-0.05981849521091022,0.0
35,88.0,120,.,1,1,1,58.4,58.0,-0.05981849521091022,0.0
35,96.0,120,.,1,1,1,58.4,58.0,-0.05981849521091022,0.0
35,104.0,120,.,1,1,1,58.4,58.0,-0.05981849521091022,0.0
35,112.0,120,.,1,1,1,58.4,58.0,-0.05981849521091022,0.0
35,120.0,120,.,1,1,1,58.4,58.0,-0.05981849521091022,0.0
35,128.0,120,.,1,1,1,58.4,58.0,-0.05981849521091022,0.0
35,136.0,120,.,1,1,1,58.4,58.0,-0.05981849521091022,0.0
35,144.0,120,.,1,1,1,58.4,58.0,-0.05981849521091022,0.0
35,152.0,120,.,1,1,1,58.4,58.0,-0.05981849521091022,0.0
35,160.0,120,.,1,1,1,58.4,58.0,-0.05981849521091022,0.0
35,168.0,120,.,1,1,1,58.4,58.0,-0.05981849521091022,0.0
35,176.0,120,.,1,1,1,58.4,58.0,-0.05981849521091022,0.0
35,184.0,120,.,1,1,1,58.4,58.0,-0.05981849521091022,0.0
35,192.0,120,.,1,1,1,58.4,58.0,-0.05981849521091022,0.0
35,200.0,120,.,1,1,1,58.4,58.0,-0.05981849521091022,0.0
35,208.0,120,.,1,1,1,58.4,58.0,-0.05981849521091022,0.0
35,216.0,120,.,1,1,1,58.4,58.0,-0.05981849521091022,0.0
35,224.0,120,.,1,1,1,58.4,58.0,-0.05981849521091022,0.0
35,232.0,120,.,1,1,1,58.4,58.0,-0.05981849521091022,0.0
35,240.0,120,.,1,1,1,58.4,58.0,-0.05981849521091022,0.0
35,248.0,120,.,1,1,1,58.4,58.0,-0.05981849521091022,0.0
35,256.0,120,.,1,1,1,58.4,58.0,-0.05981849521091022,0.0
35,258.5,.,7.55,0,0,1,58.4,58.0,-0.05981849521091022,0.0
35,263.17,.,6.01,0,0,1,58.4,58.0,-0.05981849521091022,0.0
35,264.0,120,.,1,1,1,58.4,58.0,-0.05981849521091022,0.0
36,0.0,180,.,1,1,1,69.5,39.0,0.1141923675256548,-0.3968813644167729
36,24.0,180,.,1,1,1,69.5,39.0,0.1141923675256548,-0.3968813644167729
36,26.0,.,7.12,0,0,1,69.5,39.0,0.1141923675256548,-0.3968813644167729
36,48.0,180,.,1,1,1,69.5,39.0,0.1141923675256548,-0.3968813644167729
36,72.0,180,.,1,1,1,69.5,39.0,0.1141923675256548,-0.3968813644167729
36,74.0,.,7.2,0,0,1,69.5,39.0,0.1141923675256548,-0.3968813644167729
37,0.0,80,.,1,1,1,64.2,90.0,0.034868825650824074,0.4393666597838457
37,8.0,80,.,1,1,1,64.2,90.0,0.034868825650824074,0.4393666597838457
37,16.0,80,.,1,1,1,64.2,90.0,0.034868825650824074,0.4393666597838457
37,24.0,80,.,1,1,1,64.2,90.0,0.034868825650824074,0.4393666597838457
37,32.0,80,.,1,1,1,64.2,90.0,0.034868825650824074,0.4393666597838457
37,40.0,80,.,1,1,1,64.2,90.0,0.034868825650824074,0.4393666597838457
37,42.5,.,1.25,0,0,1,64.2,90.0,0.034868825650824074,0.4393666597838457
37,48.0,80,.,1,1,1,64.2,90.0,0.034868825650824074,0.4393666597838457
37,50.75,.,4.61,0,0,1,64.2,90.0,0.034868825650824074,0.4393666597838457
37,56.0,80,.,1,1,1,64.2,90.0,0.034868825650824074,0.4393666597838457
37,64.0,80,.,1,1,1,64.2,90.0,0.034868825650824074,0.4393666597838457
37,65.0,.,5.77,0,0,1,64.2,90.0,0.034868825650824074,0.4393666597838457
37,70.5,.,1.3,0,0,1,64.2,90.0,0.034868825650824074,0.4393666597838457
38,0.0,100,.,1,1,1,62.0,95.0,0.0,0.4934338810541215
38,12.0,100,.,1,1,1,62.0,95.0,0.0,0.4934338810541215
38,14.5,.,3.37,0,0,1,62.0,95.0,0.0,0.4934338810541215
38,24.0,100,.,1,1,1,62.0,95.0,0.0,0.4934338810541215
38,36.0,100,.,1,1,1,62.0,95.0,0.0,0.4934338810541215
38,48.0,100,.,1,1,1,62.0,95.0,0.0,0.4934338810541215
38,52.5,.,2.15,0,0,1,62.0,95.0,0.0,0.4934338810541215
38,60.0,100,.,1,1,1,62.0,95.0,0.0,0.4934338810541215
38,72.0,100,.,1,1,1,62.0,95.0,0.0,0.4934338810541215
38,74.5,.,2.37,0,0,1,62.0,95.0,0.0,0.4934338810541215
38,84.0,100,.,1,1,1,62.0,95.0,0.0,0.4934338810541215
38,87.0,.,4.42,0,0,1,62.0,95.0,0.0,0.4934338810541215
38,96.0,100,.,1,1,1,62.0,95.0,0.0,0.4934338810541215
38,108.0,100,.,1,1,1,62.0,95.0,0.0,0.4934338810541215
38,120.0,100,.,1,1,1,62.0,95.0,0.0,0.4934338810541215
38,132.0,100,.,1,1,1,62.0,95.0,0.0,0.4934338810541215
38,144.0,100,.,1,1,1,62.0,95.0,0.0,0.4934338810541215
38,156.0,100,.,1,1,1,62.0,95.0,0.0,0.4934338810541215
38,168.0,100,.,1,1,1,62.0,95.0,0.0,0.4934338810541215
38,180.0,100,.,1,1,1,62.0,95.0,0.0,0.4934338810541215
38,192.0,100,.,1,1,1,62.0,95.0,0.0,0.4934338810541215
38,204.0,100,.,1,1,1,62.0,95.0,0.0,0.4934338810541215
38,216.0,100,.,1,1,1,62.0,95.0,0.0,0.4934338810541215
38,228.0,100,.,1,1,1,62.0,95.0,0.0,0.4934338810541215
38,240.0,100,.,1,1,1,62.0,95.0,0.0,0.4934338810541215
38,252.0,100,.,1,1,1,62.0,95.0,0.0,0.4934338810541215
38,264.0,100,.,1,1,1,62.0,95.0,0.0,0.4934338810541215
38,276.0,100,.,1,1,1,62.0,95.0,0.0,0.4934338810541215
38,288.0,100,.,1,1,1,62.0,95.0,0.0,0.4934338810541215
38,300.0,100,.,1,1,1,62.0,95.0,0.0,0.4934338810541215
38,312.0,100,.,1,1,1,62.0,95.0,0.0,0.4934338810541215
38,324.0,100,.,1,1,1,62.0,95.0,0.0,0.4934338810541215
38,336.0,100,.,1,1,1,62.0,95.0,0.0,0.4934338810541215
38,348.0,100,.,1,1,1,62.0,95.0,0.0,0.4934338810541215
38,360.0,100,.,1,1,1,62.0,95.0,0.0,0.4934338810541215
38,372.0,100,.,1,1,1,62.0,95.0,0.0,0.4934338810541215
38,384.0,100,.,1,1,1,62.0,95.0,0.0,0.4934338810541215
38,396.0,100,.,1,1,1,62.0,95.0,0.0,0.4934338810541215
38,408.0,100,.,1,1,1,62.0,95.0,0.0,0.4934338810541215
38,420.0,100,.,1,1,1,62.0,95.0,0.0,0.4934338810541215
38,432.0,100,.,1,1,1,62.0,95.0,0.0,0.4934338810541215
38,444.0,100,.,1,1,1,62.0,95.0,0.0,0.4934338810541215
38,456.0,100,.,1,1,1,62.0,95.0,0.0,0.4934338810541215
38,468.0,100,.,1,1,1,62.0,95.0,0.0,0.4934338810541215
38,480.0,100,.,1,1,1,62.0,95.0,0.0,0.4934338810541215
38,492.0,100,.,1,1,1,62.0,95.0,0.0,0.4934338810541215
38,504.0,100,.,1,1,1,62.0,95.0,0.0,0.4934338810541215
38,516.0,100,.,1,1,1,62.0,95.0,0.0,0.4934338810541215
38,528.0,100,.,1,1,1,62.0,95.0,0.0,0.4934338810541215
38,540.0,100,.,1,1,1,62.0,95.0,0.0,0.4934338810541215
38,552.0,100,.,1,1,1,62.0,95.0,0.0,0.4934338810541215
38,564.0,100,.,1,1,1,62.0,95.0,0.0,0.4934338810541215
38,576.0,100,.,1,1,1,62.0,95.0,0.0,0.4934338810541215
38,588.0,100,.,1,1,1,62.0,95.0,0.0,0.4934338810541215
38,600.0,100,.,1,1,1,62.0,95.0,0.0,0.4934338810541215
38,612.0,100,.,1,1,1,62.0,95.0,0.0,0.4934338810541215
38,624.0,100,.,1,1,1,62.0,95.0,0.0,0.4934338810541215
38,636.0,100,.,1,1,1,62.0,95.0,0.0,0.4934338810541215
38,648.0,100,.,1,1,1,62.0,95.0,0.0,0.4934338810541215
38,650.0,.,2.37,0,0,1,62.0,95.0,0.0,0.4934338810541215
38,660.0,100,.,1,1,1,62.0,95.0,0.0,0.4934338810541215
38,662.0,.,2.83,0,0,1,62.0,95.0,0.0,0.4934338810541215
39,0.0,80,.,1,1,1,55.0,55.0,-0.11980119981262065,-0.05310982531394841
39,8.0,80,.,1,1,1,55.0,55.0,-0.11980119981262065,-0.05310982531394841
39,16.0,80,.,1,1,1,55.0,55.0,-0.11980119981262065,-0.05310982531394841
39,24.0,80,.,1,1,1,55.0,55.0,-0.11980119981262065,-0.05310982531394841
39,32.0,80,.,1,1,1,55.0,55.0,-0.11980119981262065,-0.05310982531394841
39,40.0,80,.,1,1,1,55.0,55.0,-0.11980119981262065,-0.05310982531394841
39,48.0,80,.,1,1,1,55.0,55.0,-0.11980119981262065,-0.05310982531394841
39,56.0,80,.,1,1,1,55.0,55.0,-0.11980119981262065,-0.05310982531394841
39,64.0,80,.,1,1,1,55.0,55.0,-0.11980119981262065,-0.05310982531394841
39,72.0,80,.,1,1,1,55.0,55.0,-0.11980119981262065,-0.05310982531394841
39,80.0,80,.,1,1,1,55.0,55.0,-0.11980119981262065,-0.05310982531394841
39,82.5,.,4.0,0,0,1,55.0,55.0,-0.11980119981262065,-0.05310982531394841
39,88.0,80,.,1,1,1,55.0,55.0,-0.11980119981262065,-0.05310982531394841
39,90.5,.,4.3,0,0,1,55.0,55.0,-0.11980119981262065,-0.05310982531394841
39,96.0,80,.,1,1,1,55.0,55.0,-0.11980119981262065,-0.05310982531394841
39,98.5,.,3.3,0,0,1,55.0,55.0,-0.11980119981262065,-0.05310982531394841
39,104.0,80,.,1,1,1,55.0,55.0,-0.11980119981262065,-0.05310982531394841
39,112.0,80,.,1,1,1,55.0,55.0,-0.11980119981262065,-0.05310982531394841
39,120.0,80,.,1,1,1,55.0,55.0,-0.11980119981262065,-0.05310982531394841
39,122.5,.,3.6,0,0,1,55.0,55.0,-0.11980119981262065,-0.05310982531394841
39,128.0,80,.,1,1,1,55.0,55.0,-0.11980119981262065,-0.05310982531394841
40,0.0,80,.,1,1,1,53.2,52.0,-0.15307598869749275,-0.10919929196499197
40,8.0,80,.,1,1,1,53.2,52.0,-0.15307598869749275,-0.10919929196499197
40,16.0,80,.,1,1,1,53.2,52.0,-0.15307598869749275,-0.10919929196499197
40,24.0,80,.,1,1,1,53.2,52.0,-0.15307598869749275,-0.10919929196499197
40,32.0,80,.,1,1,1,53.2,52.0,-0.15307598869749275,-0.10919929196499197
40,40.0,80,.,1,1,1,53.2,52.0,-0.15307598869749275,-0.10919929196499197
40,48.0,80,.,1,1,1,53.2,52.0,-0.15307598869749275,-0.10919929196499197
40,56.0,80,.,1,1,1,53.2,52.0,-0.15307598869749275,-0.10919929196499197
40,64.0,80,.,1,1,1,53.2,52.0,-0.15307598869749275,-0.10919929196499197
40,72.0,80,.,1,1,1,53.2,52.0,-0.15307598869749275,-0.10919929196499197
40,80.0,80,.,1,1,1,53.2,52.0,-0.15307598869749275,-0.10919929196499197
40,88.0,80,.,1,1,1,53.2,52.0,-0.15307598869749275,-0.10919929196499197
40,96.0,80,.,1,1,1,53.2,52.0,-0.15307598869749275,-0.10919929196499197
40,104.0,80,.,1,1,1,53.2,52.0,-0.15307598869749275,-0.10919929196499197
40,112.0,80,.,1,1,1,53.2,52.0,-0.15307598869749275,-0.10919929196499197
40,114.5,.,3.37,0,0,1,53.2,52.0,-0.15307598869749275,-0.10919929196499197
40,120.0,80,.,1,1,1,53.2,52.0,-0.15307598869749275,-0.10919929196499197
40,122.5,.,2.37,0,0,1,53.2,52.0,-0.15307598869749275,-0.10919929196499197
40,128.0,80,.,1,1,1,53.2,52.0,-0.15307598869749275,-0.10919929196499197
40,136.0,80,.,1,1,1,53.2,52.0,-0.15307598869749275,-0.10919929196499197
40,144.0,80,.,1,1,1,53.2,52.0,-0.15307598869749275,-0.10919929196499197
40,146.5,.,3.95,0,0,1,53.2,52.0,-0.15307598869749275,-0.10919929196499197
40,152.0,80,.,1,1,1,53.2,52.0,-0.15307598869749275,-0.10919929196499197
40,154.5,.,2.77,0,0,1,53.2,52.0,-0.15307598869749275,-0.10919929196499197
41,0.0,100,.,1,1,1,72.0,105.0,0.14953173397096384,0.593517339611104
41,12.0,100,.,1,1,1,72.0,105.0,0.14953173397096384,0.593517339611104
41,14.5,.,2.3,0,0,1,72.0,105.0,0.14953173397096384,0.593517339611104
41,24.0,100,.,1,1,1,72.0,105.0,0.14953173397096384,0.593517339611104
41,36.0,100,.,1,1,1,72.0,105.0,0.14953173397096384,0.593517339611104
41,48.0,100,.,1,1,1,72.0,105.0,0.14953173397096384,0.593517339611104
41,50.5,.,2.3,0,0,1,72.0,105.0,0.14953173397096384,0.593517339611104
41,60.0,100,.,1,1,1,72.0,105.0,0.14953173397096384,0.593517339611104
41,62.5,.,3.3,0,0,1,72.0,105.0,0.14953173397096384,0.593517339611104
42,0.0,100,.,1,1,1,69.0,50.0,0.10697211955216773,-0.14842000511827333
42,12.0,100,.,1,1,1,69.0,50.0,0.10697211955216773,-0.14842000511827333
42,24.0,100,.,1,1,1,69.0,50.0,0.10697211955216773,-0.14842000511827333
42,36.0,100,.,1,1,1,69.0,50.0,0.10697211955216773,-0.14842000511827333
42,48.0,100,.,1,1,1,69.0,50.0,0.10697211955216773,-0.14842000511827333
42,50.5,.,4.3,0,0,1,69.0,50.0,0.10697211955216773,-0.14842000511827333
42,60.0,100,.,1,1,1,69.0,50.0,0.10697211955216773,-0.14842000511827333
42,62.5,.,4.5,0,0,1,69.0,50.0,0.10697211955216773,-0.14842000511827333
43,0.0,80,.,1,1,1,72.0,60.0,0.14953173397096384,0.033901551675681416
43,12.0,80,.,1,1,1,72.0,60.0,0.14953173397096384,0.033901551675681416
43,14.5,.,2.5,0,0,1,72.0,60.0,0.14953173397096384,0.033901551675681416
43,24.0,80,.,1,1,1,72.0,60.0,0.14953173397096384,0.033901551675681416
43,26.5,.,2.7,0,0,1,72.0,60.0,0.14953173397096384,0.033901551675681416
43,36.0,80,.,1,1,1,72.0,60.0,0.14953173397096384,0.033901551675681416
43,48.0,80,.,1,1,1,72.0,60.0,0.14953173397096384,0.033901551675681416
43,50.5,.,2.3,0,0,1,72.0,60.0,0.14953173397096384,0.033901551675681416
43,60.0,80,.,1,1,1,72.0,60.0,0.14953173397096384,0.033901551675681416
43,72.0,80,.,1,1,1,72.0,60.0,0.14953173397096384,0.033901551675681416
43,84.0,80,.,1,1,1,72.0,60.0,0.14953173397096384,0.033901551675681416
43,86.5,.,2.5,0,0,1,72.0,60.0,0.14953173397096384,0.033901551675681416
44,0.0,80,.,1,1,1,70.0,50.0,0.12136085700426753,-0.14842000511827333
44,8.0,80,.,1,1,1,70.0,50.0,0.12136085700426753,-0.14842000511827333
44,16.0,80,.,1,1,1,70.0,50.0,0.12136085700426753,-0.14842000511827333
44,24.0,80,.,1,1,1,70.0,50.0,0.12136085700426753,-0.14842000511827333
44,32.0,80,.,1,1,1,70.0,50.0,0.12136085700426753,-0.14842000511827333
44,40.0,80,.,1,1,1,70.0,50.0,0.12136085700426753,-0.14842000511827333
44,48.0,80,.,1,1,1,70.0,50.0,0.12136085700426753,-0.14842000511827333
44,50.5,.,3.9,0,0,1,70.0,50.0,0.12136085700426753,-0.14842000511827333
44,56.0,80,.,1,1,1,70.0,50.0,0.12136085700426753,-0.14842000511827333
44,64.0,80,.,1,1,1,70.0,50.0,0.12136085700426753,-0.14842000511827333
44,72.0,80,.,1,1,1,70.0,50.0,0.12136085700426753,-0.14842000511827333
44,74.5,.,3.9,0,0,1,70.0,50.0,0.12136085700426753,-0.14842000511827333
45,0.0,100,.,1,1,1,70.0,58.0,0.12136085700426753,0.0
45,8.0,100,.,1,1,1,70.0,58.0,0.12136085700426753,0.0
45,10.5,.,3.6,0,0,1,70.0,58.0,0.12136085700426753,0.0
45,16.0,100,.,1,1,1,70.0,58.0,0.12136085700426753,0.0
45,24.0,100,.,1,1,1,70.0,58.0,0.12136085700426753,0.0
45,32.0,100,.,1,1,1,70.0,58.0,0.12136085700426753,0.0
45,34.5,.,3.6,0,0,1,70.0,58.0,0.12136085700426753,0.0
46,0.0,120,.,1,1,1,73.0,60.0,0.16332505610329962,0.033901551675681416
46,12.0,120,.,1,1,1,73.0,60.0,0.16332505610329962,0.033901551675681416
46,14.5,.,3.9,0,0,1,73.0,60.0,0.16332505610329962,0.033901551675681416
46,24.0,120,.,1,1,1,73.0,60.0,0.16332505610329962,0.033901551675681416
46,36.0,120,.,1,1,1,73.0,60.0,0.16332505610329962,0.033901551675681416
46,38.5,.,4.2,0,0,1,73.0,60.0,0.16332505610329962,0.033901551675681416
47,0.0,80,.,1,1,1,57.0,38.0,-0.08408311721054144,-0.4228568508200336
47,8.0,80,.,1,1,1,57.0,38.0,-0.08408311721054144,-0.4228568508200336
47,10.5,.,3.6,0,0,1,57.0,38.0,-0.08408311721054144,-0.4228568508200336
47,16.0,80,.,1,1,1,57.0,38.0,-0.08408311721054144,-0.4228568508200336
47,24.0,80,.,1,1,1,57.0,38.0,-0.08408311721054144,-0.4228568508200336
47,26.5,.,3.9,0,0,1,57.0,38.0,-0.08408311721054144,-0.4228568508200336
48,0.0,80,.,1,1,1,53.2,39.0,-0.15307598869749275,-0.3968813644167729
48,12.0,80,.,1,1,1,53.2,39.0,-0.15307598869749275,-0.3968813644167729
48,14.5,.,2.1,0,0,1,53.2,39.0,-0.15307598869749275,-0.3968813644167729
48,24.0,80,.,1,1,1,53.2,39.0,-0.15307598869749275,-0.3968813644167729
48,26.5,.,2.1,0,0,1,53.2,39.0,-0.15307598869749275,-0.3968813644167729
49,0.0,100,.,1,1,1,67.0,57.0,0.07755823434587444,-0.01739174271186922
49,12.0,100,.,1,1,1,67.0,57.0,0.07755823434587444,-0.01739174271186922
49,14.5,.,3.4,0,0,1,67.0,57.0,0.07755823434587444,-0.01739174271186922
49,24.0,100,.,1,1,1,67.0,57.0,0.07755823434587444,-0.01739174271186922
49,36.0,100,.,1,1,1,67.0,57.0,0.07755823434587444,-0.01739174271186922
49,38.5,.,3.4,0,0,1,67.0,57.0,0.07755823434587444,-0.01739174271186922
50,0.0,80,.,1,1,1,60.0,72.0,-0.03278982282299084,0.216223108469636
50,8.0,80,.,1,1,1,60.0,72.0,-0.03278982282299084,0.216223108469636
50,16.0,80,.,1,1,1,60.0,72.0,-0.03278982282299084,0.216223108469636
50,24.0,80,.,1,1,1,60.0,72.0,-0.03278982282299084,0.216223108469636
50,26.5,.,2.3,0,0,1,60.0,72.0,-0.03278982282299084,0.216223108469636
50,32.0,80,.,1,1,1,60.0,72.0,-0.03278982282299084,0.216223108469636
50,34.5,.,2.6,0,0,1,60.0,72.0,-0.03278982282299084,0.216223108469636
51,0.0,100,.,1,1,1,72.0,52.0,0.14953173397096384,-0.10919929196499197
51,8.0,100,.,1,1,1,72.0,52.0,0.14953173397096384,-0.10919929196499197
51,16.0,100,.,1,1,1,72.0,52.0,0.14953173397096384,-0.10919929196499197
51,24.0,100,.,1,1,1,72.0,52.0,0.14953173397096384,-0.10919929196499197
51,32.0,100,.,1,1,1,72.0,52.0,0.14953173397096384,-0.10919929196499197
51,40.0,100,.,1,1,1,72.0,52.0,0.14953173397096384,-0.10919929196499197
51,48.0,100,.,1,1,1,72.0,52.0,0.14953173397096384,-0.10919929196499197
51,50.5,.,3.4,0,0,1,72.0,52.0,0.14953173397096384,-0.10919929196499197
51,56.0,100,.,1,1,1,72.0,52.0,0.14953173397096384,-0.10919929196499197
51,58.5,.,3.1,0,0,1,72.0,52.0,0.14953173397096384,-0.10919929196499197
52,0.0,100,.,1,1,1,72.0,52.0,0.14953173397096384,-0.10919929196499197
52,8.0,100,.,1,1,1,72.0,52.0,0.14953173397096384,-0.10919929196499197
52,16.0,100,.,1,1,1,72.0,52.0,0.14953173397096384,-0.10919929196499197
52,24.0,100,.,1,1,1,72.0,52.0,0.14953173397096384,-0.10919929196499197
52,32.0,100,.,1,1,1,72.0,52.0,0.14953173397096384,-0.10919929196499197
52,34.5,.,2.3,0,0,1,72.0,52.0,0.14953173397096384,-0.10919929196499197
52,40.0,100,.,1,1,1,72.0,52.0,0.14953173397096384,-0.10919929196499197
52,48.0,100,.,1,1,1,72.0,52.0,0.14953173397096384,-0.10919929196499197
52,50.5,.,3.3,0,0,1,72.0,52.0,0.14953173397096384,-0.10919929196499197
53,0.0,100,.,1,1,1,75.0,63.0,0.19035372849121893,0.08269171584511341
53,12.0,100,.,1,1,1,75.0,63.0,0.19035372849121893,0.08269171584511341
53,14.5,.,4.2,0,0,1,75.0,63.0,0.19035372849121893,0.08269171584511341
53,24.0,100,.,1,1,1,75.0,63.0,0.19035372849121893,0.08269171584511341
53,26.5,.,3.9,0,0,1,75.0,63.0,0.19035372849121893,0.08269171584511341
54,0.0,100,.,1,1,1,65.0,55.0,0.04725288485054551,-0.05310982531394841
54,12.0,100,.,1,1,1,65.0,55.0,0.04725288485054551,-0.05310982531394841
54,14.5,.,4.7,0,0,1,65.0,55.0,0.04725288485054551,-0.05310982531394841
54,24.0,100,.,1,1,1,65.0,55.0,0.04725288485054551,-0.05310982531394841
54,36.0,100,.,1,1,1,65.0,55.0,0.04725288485054551,-0.05310982531394841
54,38.5,.,4.7,0,0,1,65.0,55.0,0.04725288485054551,-0.05310982531394841
55,0.0,100,.,1,1,1,70.0,52.0,0.12136085700426753,-0.10919929196499197
55,8.0,100,.,1,1,1,70.0,52.0,0.12136085700426753,-0.10919929196499197
55,16.0,100,.,1,1,1,70.0,52.0,0.12136085700426753,-0.10919929196499197
55,24.0,100,.,1,1,1,70.0,52.0,0.12136085700426753,-0.10919929196499197
55,32.0,100,.,1,1,1,70.0,52.0,0.12136085700426753,-0.10919929196499197
55,40.0,100,.,1,1,1,70.0,52.0,0.12136085700426753,-0.10919929196499197
55,48.0,100,.,1,1,1,70.0,52.0,0.12136085700426753,-0.10919929196499197
55,50.5,.,4.6,0,0,1,70.0,52.0,0.12136085700426753,-0.10919929196499197
55,56.0,100,.,1,1,1,70.0,52.0,0.12136085700426753,-0.10919929196499197
55,64.0,100,.,1,1,1,70.0,52.0,0.12136085700426753,-0.10919929196499197
55,72.0,100,.,1,1,1,70.0,52.0,0.12136085700426753,-0.10919929196499197
55,74.5,.,3.9,0,0,1,70.0,52.0,0.12136085700426753,-0.10919929196499197
56,0.0,80,.,1,1,1,58.0,60.0,-0.06669137449867228,0.033901551675681416
56,8.0,80,.,1,1,1,58.0,60.0,-0.06669137449867228,0.033901551675681416
56,16.0,80,.,1,1,1,58.0,60.0,-0.06669137449867228,0.033901551675681416
56,24.0,80,.,1,1,1,58.0,60.0,-0.06669137449867228,0.033901551675681416
56,32.0,80,.,1,1,1,58.0,60.0,-0.06669137449867228,0.033901551675681416
56,40.0,80,.,1,1,1,58.0,60.0,-0.06669137449867228,0.033901551675681416
56,48.0,80,.,1,1,1,58.0,60.0,-0.06669137449867228,0.033901551675681416
56,50.5,.,2.3,0,0,1,58.0,60.0,-0.06669137449867228,0.033901551675681416
56,56.0,80,.,1,1,1,58.0,60.0,-0.06669137449867228,0.033901551675681416
56,58.5,.,2.1,0,0,1,58.0,60.0,-0.06669137449867228,0.033901551675681416
57,0.0,80,.,1,1,1,55.0,38.0,-0.11980119981262065,-0.4228568508200336
57,8.0,80,.,1,1,1,55.0,38.0,-0.11980119981262065,-0.4228568508200336
57,16.0,80,.,1,1,1,55.0,38.0,-0.11980119981262065,-0.4228568508200336
57,18.5,.,2.3,0,0,1,55.0,38.0,-0.11980119981262065,-0.4228568508200336
57,24.0,80,.,1,1,1,55.0,38.0,-0.11980119981262065,-0.4228568508200336
57,26.5,.,2.6,0,0,1,55.0,38.0,-0.11980119981262065,-0.4228568508200336
58,0.0,100,.,1,1,1,72.0,105.0,0.14953173397096384,0.593517339611104
58,8.0,100,.,1,1,1,72.0,105.0,0.14953173397096384,0.593517339611104
58,16.0,100,.,1,1,1,72.0,105.0,0.14953173397096384,0.593517339611104
58,24.0,100,.,1,1,1,72.0,105.0,0.14953173397096384,0.593517339611104
58,32.0,100,.,1,1,1,72.0,105.0,0.14953173397096384,0.593517339611104
58,34.5,.,3.3,0,0,1,72.0,105.0,0.14953173397096384,0.593517339611104
58,40.0,100,.,1,1,1,72.0,105.0,0.14953173397096384,0.593517339611104
58,42.5,.,3.1,0,0,1,72.0,105.0,0.14953173397096384,0.593517339611104
59,0.0,100,.,1,1,1,50.0,32.0,-0.21511137961694557,-0.5947071077466928
59,8.0,100,.,1,1,1,50.0,32.0,-0.21511137961694557,-0.5947071077466928
59,16.0,100,.,1,1,1,50.0,32.0,-0.21511137961694557,-0.5947071077466928
59,24.0,100,.,1,1,1,50.0,32.0,-0.21511137961694557,-0.5947071077466928
59,32.0,100,.,1,1,1,50.0,32.0,-0.21511137961694557,-0.5947071077466928
59,34.5,.,4.7,0,0,1,50.0,32.0,-0.21511137961694557,-0.5947071077466928
59,40.0,100,.,1,1,1,50.0,32.0,-0.21511137961694557,-0.5947071077466928
59,42.5,.,3.1,0,0,1,50.0,32.0,-0.21511137961694557,-0.5947071077466928
60,0.0,80,.,1,1,1,60.0,45.0,-0.03278982282299084,-0.2537805207760996
60,12.0,80,.,1,1,1,60.0,45.0,-0.03278982282299084,-0.2537805207760996
60,14.5,.,2.3,0,0,1,60.0,45.0,-0.03278982282299084,-0.2537805207760996
60,24.0,80,.,1,1,1,60.0,45.0,-0.03278982282299084,-0.2537805207760996
60,26.5,.,2.6,0,0,1,60.0,45.0,-0.03278982282299084,-0.2537805207760996
61,0.0,80,.,1,1,1,65.0,50.0,0.04725288485054551,-0.14842000511827333
61,8.0,80,.,1,1,1,65.0,50.0,0.04725288485054551,-0.14842000511827333
61,16.0,80,.,1,1,1,65.0,50.0,0.04725288485054551,-0.14842000511827333
61,24.0,80,.,1,1,1,65.0,50.0,0.04725288485054551,-0.14842000511827333
61,26.5,.,4.7,0,0,1,65.0,50.0,0.04725288485054551,-0.14842000511827333
61,32.0,80,.,1,1,1,65.0,50.0,0.04725288485054551,-0.14842000511827333
61,34.5,.,3.4,0,0,1,65.0,50.0,0.04725288485054551,-0.14842000511827333
62,0.0,80,.,1,1,1,55.0,60.0,-0.11980119981262065,0.033901551675681416
62,12.0,80,.,1,1,1,55.0,60.0,-0.11980119981262065,0.033901551675681416
62,14.5,.,2.3,0,0,1,55.0,60.0,-0.11980119981262065,0.033901551675681416
62,24.0,80,.,1,1,1,55.0,60.0,-0.11980119981262065,0.033901551675681416
62,26.5,.,2.3,0,0,1,55.0,60.0,-0.11980119981262065,0.033901551675681416
63,0.0,100,.,1,1,1,72.0,105.0,0.14953173397096384,0.593517339611104
63,8.0,100,.,1,1,1,72.0,105.0,0.14953173397096384,0.593517339611104
63,16.0,100,.,1,1,1,72.0,105.0,0.14953173397096384,0.593517339611104
63,24.0,100,.,1,1,1,72.0,105.0,0.14953173397096384,0.593517339611104
63,32.0,100,.,1,1,1,72.0,105.0,0.14953173397096384,0.593517339611104
63,34.5,.,2.3,0,0,1,72.0,105.0,0.14953173397096384,0.593517339611104
63,40.0,100,.,1,1,1,72.0,105.0,0.14953173397096384,0.593517339611104
63,42.5,.,2.6,0,0,1,72.0,105.0,0.14953173397096384,0.593517339611104
64,0.0,80,.,1,1,1,60.0,62.0,-0.03278982282299084,0.06669137449867214
64,8.0,80,.,1,1,1,60.0,62.0,-0.03278982282299084,0.06669137449867214
64,16.0,80,.,1,1,1,60.0,62.0,-0.03278982282299084,0.06669137449867214
64,24.0,80,.,1,1,1,60.0,62.0,-0.03278982282299084,0.06669137449867214
64,32.0,80,.,1,1,1,60.0,62.0,-0.03278982282299084,0.06669137449867214
64,40.0,80,.,1,1,1,60.0,62.0,-0.03278982282299084,0.06669137449867214
64,42.5,.,3.3,0,0,1,60.0,62.0,-0.03278982282299084,0.06669137449867214
64,48.0,80,.,1,1,1,60.0,62.0,-0.03278982282299084,0.06669137449867214
64,56.0,80,.,1,1,1,60.0,62.0,-0.03278982282299084,0.06669137449867214
64,58.5,.,3.1,0,0,1,60.0,62.0,-0.03278982282299084,0.06669137449867214
65,0.0,80,.,1,1,1,62.0,60.0,0.0,0.033901551675681416
65,8.0,80,.,1,1,1,62.0,60.0,0.0,0.033901551675681416
65,16.0,80,.,1,1,1,62.0,60.0,0.0,0.033901551675681416
65,24.0,80,.,1,1,1,62.0,60.0,0.0,0.033901551675681416
65,32.0,80,.,1,1,1,62.0,60.0,0.0,0.033901551675681416
65,40.0,80,.,1,1,1,62.0,60.0,0.0,0.033901551675681416
65,48.0,80,.,1,1,1,62.0,60.0,0.0,0.033901551675681416
65,50.5,.,3.4,0,0,1,62.0,60.0,0.0,0.033901551675681416
65,56.0,80,.,1,1,1,62.0,60.0,0.0,0.033901551675681416
65,58.5,.,2.1,0,0,1,62.0,60.0,0.0,0.033901551675681416
66,0.0,80,.,1,1,1,72.0,60.0,0.14953173397096384,0.033901551675681416
66,12.0,80,.,1,1,1,72.0,60.0,0.14953173397096384,0.033901551675681416
66,14.5,.,2.3,0,0,1,72.0,60.0,0.14953173397096384,0.033901551675681416
66,24.0,80,.,1,1,1,72.0,60.0,0.14953173397096384,0.033901551675681416
66,36.0,80,.,1,1,1,72.0,60.0,0.14953173397096384,0.033901551675681416
66,38.5,.,2.6,0,0,1,72.0,60.0,0.14953173397096384,0.033901551675681416
67,0.0,120,.,1,1,1,73.0,60.0,0.16332505610329962,0.033901551675681416
67,12.0,120,.,1,1,1,73.0,60.0,0.16332505610329962,0.033901551675681416
67,14.5,.,4.2,0,0,1,73.0,60.0,0.16332505610329962,0.033901551675681416
67,24.0,120,.,1,1,1,73.0,60.0,0.16332505610329962,0.033901551675681416
67,26.5,.,3.3,0,0,1,73.0,60.0,0.16332505610329962,0.033901551675681416
68,0.0,80,.,1,1,1,62.0,65.0,0.0,0.11394425934921769
68,8.0,80,.,1,1,1,62.0,65.0,0.0,0.11394425934921769
68,16.0,80,.,1,1,1,62.0,65.0,0.0,0.11394425934921769
68,18.5,.,3.1,0,0,1,62.0,65.0,0.0,0.11394425934921769
68,24.0,80,.,1,1,1,62.0,65.0,0.0,0.11394425934921769
68,26.5,.,3.4,0,0,1,62.0,65.0,0.0,0.11394425934921769
69,0.0,120,.,1,1,1,58.4,58.0,-0.05981849521091022,0.0
69,8.0,120,.,1,1,1,58.4,58.0,-0.05981849521091022,0.0
69,16.0,120,.,1,1,1,58.4,58.0,-0.05981849521091022,0.0
69,24.0,120,.,1,1,1,58.4,58.0,-0.05981849521091022,0.0
69,32.0,120,.,1,1,1,58.4,58.0,-0.05981849521091022,0.0
69,40.0,120,.,1,1,1,58.4,58.0,-0.05981849521091022,0.0
69,48.0,120,.,1,1,1,58.4,58.0,-0.05981849521091022,0.0
69,56.0,120,.,1,1,1,58.4,58.0,-0.05981849521091022,0.0
69,64.0,120,.,1,1,1,58.4,58.0,-0.05981849521091022,0.0
69,72.0,120,.,1,1,1,58.4,58.0,-0.05981849521091022,0.0
69,80.0,120,.,1,1,1,58.4,58.0,-0.05981849521091022,0.0
69,88.0,120,.,1,1,1,58.4,58.0,-0.05981849521091022,0.0
69,96.0,120,.,1,1,1,58.4,58.0,-0.05981849521091022,0.0
69,104.0,120,.,1,1,1,58.4,58.0,-0.05981849521091022,0.0
69,112.0,120,.,1,1,1,58.4,58.0,-0.05981849521091022,0.0
69,120.0,120,.,1,1,1,58.4,58.0,-0.05981849521091022,0.0
69,128.0,120,.,1,1,1,58.4,58.0,-0.05981849521091022,0.0
69,136.0,120,.,1,1,1,58.4,58.0,-0.05981849521091022,0.0
69,144.0,120,.,1,1,1,58.4,58.0,-0.05981849521091022,0.0
69,152.0,120,.,1,1,1,58.4,58.0,-0.05981849521091022,0.0
69,160.0,120,.,1,1,1,58.4,58.0,-0.05981849521091022,0.0
69,168.0,120,.,1,1,1,58.4,58.0,-0.05981849521091022,0.0
69,176.0,120,.,1,1,1,58.4,58.0,-0.05981849521091022,0.0
69,184.0,120,.,1,1,1,58.4,58.0,-0.05981849521091022,0.0
69,192.0,120,.,1,1,1,58.4,58.0,-0.05981849521091022,0.0
69,200.0,120,.,1,1,1,58.4,58.0,-0.05981849521091022,0.0
69,208.0,120,.,1,1,1,58.4,58.0,-0.05981849521091022,0.0
69,216.0,120,.,1,1,1,58.4,58.0,-0.05981849521091022,0.0
69,224.0,120,.,1,1,1,58.4,58.0,-0.05981849521091022,0.0
69,232.0,120,.,1,1,1,58.4,58.0,-0.05981849521091022,0.0
69,240.0,120,.,1,1,1,58.4,58.0,-0.05981849521091022,0.0
69,248.0,120,.,1,1,1,58.4,58.0,-0.05981849521091022,0.0
69,256.0,120,.,1,1,1,58.4,58.0,-0.05981849521091022,0.0
69,258.5,.,7.55,0,0,1,58.4,58.0,-0.05981849521091022,0.0
69,263.17,.,6.01,0,0,1,58.4,58.0,-0.05981849521091022,0.0
69,264.0,120,.,1,1,1,58.4,58.0,-0.05981849521091022,0.0
70,0.0,180,.,1,1,1,69.5,39.0,0.1141923675256548,-0.3968813644167729
70,24.0,180,.,1,1,1,69.5,39.0,0.1141923675256548,-0.3968813644167729
70,26.0,.,7.12,0,0,1,69.5,39.0,0.1141923675256548,-0.3968813644167729
70,48.0,180,.,1,1,1,69.5,39.0,0.1141923675256548,-0.3968813644167729
70,72.0,180,.,1,1,1,69.5,39.0,0.1141923675256548,-0.3968813644167729
70,74.0,.,7.2,0,0,1,69.5,39.0,0.1141923675256548,-0.3968813644167729
71,0.0,80,.,1,1,1,64.2,90.0,0.034868825650824074,0.4393666597838457
71,8.0,80,.,1,1,1,64.2,90.0,0.034868825650824074,0.4393666597838457
71,16.0,80,.,1,1,1,64.2,90.0,0.034868825650824074,0.4393666597838457
71,24.0,80,.,1,1,1,64.2,90.0,0.034868825650824074,0.4393666597838457
71,32.0,80,.,1,1,1,64.2,90.0,0.034868825650824074,0.4393666597838457
71,40.0,80,.,1,1,1,64.2,90.0,0.034868825650824074,0.4393666597838457
71,42.5,.,1.25,0,0,1,64.2,90.0,0.034868825650824074,0.4393666597838457
71,48.0,80,.,1,1,1,64.2,90.0,0.034868825650824074,0.4393666597838457
71,50.75,.,4.61,0,0,1,64.2,90.0,0.034868825650824074,0.4393666597838457
71,56.0,80,.,1,1,1,64.2,90.0,0.034868825650824074,0.4393666597838457
71,64.0,80,.,1,1,1,64.2,90.0,0.034868825650824074,0.4393666597838457
71,65.0,.,5.77,0,0,1,64.2,90.0,0.034868825650824074,0.4393666597838457
71,70.5,.,1.3,0,0,1,64.2,90.0,0.034868825650824074,0.4393666597838457
72,0.0,100,.,1,1,1,62.0,95.0,0.0,0.4934338810541215
72,12.0,100,.,1,1,1,62.0,95.0,0.0,0.4934338810541215
72,14.5,.,3.37,0,0,1,62.0,95.0,0.0,0.4934338810541215
72,24.0,100,.,1,1,1,62.0,95.0,0.0,0.4934338810541215
72,36.0,100,.,1,1,1,62.0,95.0,0.0,0.4934338810541215
72,48.0,100,.,1,1,1,62.0,95.0,0.0,0.4934338810541215
72,52.5,.,2.15,0,0,1,62.0,95.0,0.0,0.4934338810541215
72,60.0,100,.,1,1,1,62.0,95.0,0.0,0.4934338810541215
72,72.0,100,.,1,1,1,62.0,95.0,0.0,0.4934338810541215
72,74.5,.,2.37,0,0,1,62.0,95.0,0.0,0.4934338810541215
72,84.0,100,.,1,1,1,62.0,95.0,0.0,0.4934338810541215
72,87.0,.,4.42,0,0,1,62.0,95.0,0.0,0.4934338810541215
72,96.0,100,.,1,1,1,62.0,95.0,0.0,0.4934338810541215
72,108.0,100,.,1,1,1,62.0,95.0,0.0,0.4934338810541215
72,120.0,100,.,1,1,1,62.0,95.0,0.0,0.4934338810541215
72,132.0,100,.,1,1,1,62.0,95.0,0.0,0.4934338810541215
72,144.0,100,.,1,1,1,62.0,95.0,0.0,0.4934338810541215
72,156.0,100,.,1,1,1,62.0,95.0,0.0,0.4934338810541215
72,168.0,100,.,1,1,1,62.0,95.0,0.0,0.4934338810541215
72,180.0,100,.,1,1,1,62.0,95.0,0.0,0.4934338810541215
72,192.0,100,.,1,1,1,62.0,95.0,0.0,0.4934338810541215
72,204.0,100,.,1,1,1,62.0,95.0,0.0,0.4934338810541215
72,216.0,100,.,1,1,1,62.0,95.0,0.0,0.4934338810541215
72,228.0,100,.,1,1,1,62.0,95.0,0.0,0.4934338810541215
72,240.0,100,.,1,1,1,62.0,95.0,0.0,0.4934338810541215
72,252.0,100,.,1,1,1,62.0,95.0,0.0,0.4934338810541215
72,264.0,100,.,1,1,1,62.0,95.0,0.0,0.4934338810541215
72,276.0,100,.,1,1,1,62.0,95.0,0.0,0.4934338810541215
72,288.0,100,.,1,1,1,62.0,95.0,0.0,0.4934338810541215
72,300.0,100,.,1,1,1,62.0,95.0,0.0,0.4934338810541215
72,312.0,100,.,1,1,1,62.0,95.0,0.0,0.4934338810541215
72,324.0,100,.,1,1,1,62.0,95.0,0.0,0.4934338810541215
72,336.0,100,.,1,1,1,62.0,95.0,0.0,0.4934338810541215
72,348.0,100,.,1,1,1,62.0,95.0,0.0,0.4934338810541215
72,360.0,100,.,1,1,1,62.0,95.0,0.0,0.4934338810541215
72,372.0,100,.,1,1,1,62.0,95.0,0.0,0.4934338810541215
72,384.0,100,.,1,1,1,62.0,95.0,0.0,0.4934338810541215
72,396.0,100,.,1,1,1,62.0,95.0,0.0,0.4934338810541215
72,408.0,100,.,1,1,1,62.0,95.0,0.0,0.4934338810541215
72,420.0,100,.,1,1,1,62.0,95.0,0.0,0.4934338810541215
72,432.0,100,.,1,1,1,62.0,95.0,0.0,0.4934338810541215
72,444.0,100,.,1,1,1,62.0,95.0,0.0,0.4934338810541215
72,456.0,100,.,1,1,1,62.0,95.0,0.0,0.4934338810541215
72,468.0,100,.,1,1,1,62.0,95.0,0.0,0.4934338810541215
72,480.0,100,.,1,1,1,62.0,95.0,0.0,0.4934338810541215
72,492.0,100,.,1,1,1,62.0,95.0,0.0,0.4934338810541215
72,504.0,100,.,1,1,1,62.0,95.0,0.0,0.4934338810541215
72,516.0,100,.,1,1,1,62.0,95.0,0.0,0.4934338810541215
72,528.0,100,.,1,1,1,62.0,95.0,0.0,0.4934338810541215
72,540.0,100,.,1,1,1,62.0,95.0,0.0,0.4934338810541215
72,552.0,100,.,1,1,1,62.0,95.0,0.0,0.4934338810541215
72,564.0,100,.,1,1,1,62.0,95.0,0.0,0.4934338810541215
72,576.0,100,.,1,1,1,62.0,95.0,0.0,0.4934338810541215
72,588.0,100,.,1,1,1,62.0,95.0,0.0,0.4934338810541215
72,600.0,100,.,1,1,1,62.0,95.0,0.0,0.4934338810541215
72,612.0,100,.,1,1,1,62.0,95.0,0.0,0.4934338810541215
72,624.0,100,.,1,1,1,62.0,95.0,0.0,0.4934338810541215
72,636.0,100,.,1,1,1,62.0,95.0,0.0,0.4934338810541215
72,648.0,100,.,1,1,1,62.0,95.0,0.0,0.4934338810541215
72,650.0,.,2.37,0,0,1,62.0,95.0,0.0,0.4934338810541215
72,660.0,100,.,1,1,1,62.0,95.0,0.0,0.4934338810541215
72,662.0,.,2.83,0,0,1,62.0,95.0,0.0,0.4934338810541215
73,0.0,80,.,1,1,1,55.0,55.0,-0.11980119981262065,-0.05310982531394841
73,8.0,80,.,1,1,1,55.0,55.0,-0.11980119981262065,-0.05310982531394841
73,16.0,80,.,1,1,1,55.0,55.0,-0.11980119981262065,-0.05310982531394841
73,24.0,80,.,1,1,1,55.0,55.0,-0.11980119981262065,-0.05310982531394841
73,32.0,80,.,1,1,1,55.0,55.0,-0.11980119981262065,-0.05310982531394841
73,40.0,80,.,1,1,1,55.0,55.0,-0.11980119981262065,-0.05310982531394841
73,48.0,80,.,1,1,1,55.0,55.0,-0.11980119981262065,-0.05310982531394841
73,56.0,80,.,1,1,1,55.0,55.0,-0.11980119981262065,-0.05310982531394841
73,64.0,80,.,1,1,1,55.0,55.0,-0.11980119981262065,-0.05310982531394841
73,72.0,80,.,1,1,1,55.0,55.0,-0.11980119981262065,-0.05310982531394841
73,80.0,80,.,1,1,1,55.0,55.0,-0.11980119981262065,-0.05310982531394841
73,82.5,.,4.0,0,0,1,55.0,55.0,-0.11980119981262065,-0.05310982531394841
73,88.0,80,.,1,1,1,55.0,55.0,-0.11980119981262065,-0.05310982531394841
73,90.5,.,4.3,0,0,1,55.0,55.0,-0.11980119981262065,-0.05310982531394841
73,96.0,80,.,1,1,1,55.0,55.0,-0.11980119981262065,-0.05310982531394841
73,98.5,.,3.3,0,0,1,55.0,55.0,-0.11980119981262065,-0.05310982531394841
73,104.0,80,.,1,1,1,55.0,55.0,-0.11980119981262065,-0.05310982531394841
73,112.0,80,.,1,1,1,55.0,55.0,-0.11980119981262065,-0.05310982531394841
73,120.0,80,.,1,1,1,55.0,55.0,-0.11980119981262065,-0.05310982531394841
73,122.5,.,3.6,0,0,1,55.0,55.0,-0.11980119981262065,-0.05310982531394841
73,128.0,80,.,1,1,1,55.0,55.0,-0.11980119981262065,-0.05310982531394841
74,0.0,80,.,1,1,1,53.2,52.0,-0.15307598869749275,-0.10919929196499197
74,8.0,80,.,1,1,1,53.2,52.0,-0.15307598869749275,-0.10919929196499197
74,16.0,80,.,1,1,1,53.2,52.0,-0.15307598869749275,-0.10919929196499197
74,24.0,80,.,1,1,1,53.2,52.0,-0.15307598869749275,-0.10919929196499197
74,32.0,80,.,1,1,1,53.2,52.0,-0.15307598869749275,-0.10919929196499197
74,40.0,80,.,1,1,1,53.2,52.0,-0.15307598869749275,-0.10919929196499197
74,48.0,80,.,1,1,1,53.2,52.0,-0.15307598869749275,-0.10919929196499197
74,56.0,80,.,1,1,1,53.2,52.0,-0.15307598869749275,-0.10919929196499197
74,64.0,80,.,1,1,1,53.2,52.0,-0.15307598869749275,-0.10919929196499197
74,72.0,80,.,1,1,1,53.2,52.0,-0.15307598869749275,-0.10919929196499197
74,80.0,80,.,1,1,1,53.2,52.0,-0.15307598869749275,-0.10919929196499197
74,88.0,80,.,1,1,1,53.2,52.0,-0.15307598869749275,-0.10919929196499197
74,96.0,80,.,1,1,1,53.2,52.0,-0.15307598869749275,-0.10919929196499197
74,104.0,80,.,1,1,1,53.2,52.0,-0.15307598869749275,-0.10919929196499197
74,112.0,80,.,1,1,1,53.2,52.0,-0.15307598869749275,-0.10919929196499197
74,114.5,.,3.37,0,0,1,53.2,52.0,-0.15307598869749275,-0.10919929196499197
74,120.0,80,.,1,1,1,53.2,52.0,-0.15307598869749275,-0.10919929196499197
74,122.5,.,2.37,0,0,1,53.2,52.0,-0.15307598869749275,-0.10919929196499197
74,128.0,80,.,1,1,1,53.2,52.0,-0.15307598869749275,-0.10919929196499197
74,136.0,80,.,1,1,1,53.2,52.0,-0.15307598869749275,-0.10919929196499197
74,144.0,80,.,1,1,1,53.2,52.0,-0.15307598869749275,-0.10919929196499197
74,146.5,.,3.95,0,0,1,53.2,52.0,-0.15307598869749275,-0.10919929196499197
74,152.0,80,.,1,1,1,53.2,52.0,-0.15307598869749275,-0.10919929196499197
74,154.5,.,2.77,0,0,1,53.2,52.0,-0.15307598869749275,-0.10919929196499197
75,0.0,100,.,1,1,1,72.0,105.0,0.14953173397096384,0.593517339611104
75,12.0,100,.,1,1,1,72.0,105.0,0.14953173397096384,0.593517339611104
75,14.5,.,2.3,0,0,1,72.0,105.0,0.14953173397096384,0.593517339611104
75,24.0,100,.,1,1,1,72.0,105.0,0.14953173397096384,0.593517339611104
75,36.0,100,.,1,1,1,72.0,105.0,0.14953173397096384,0.593517339611104
75,48.0,100,.,1,1,1,72.0,105.0,0.14953173397096384,0.593517339611104
75,50.5,.,2.3,0,0,1,72.0,105.0,0.14953173397096384,0.593517339611104
75,60.0,100,.,1,1,1,72.0,105.0,0.14953173397096384,0.593517339611104
75,62.5,.,3.3,0,0,1,72.0,105.0,0.14953173397096384,0.593517339611104
76,0.0,100,.,1,1,1,69.0,50.0,0.10697211955216773,-0.14842000511827333
76,12.0,100,.,1,1,1,69.0,50.0,0.10697211955216773,-0.14842000511827333
76,24.0,100,.,1,1,1,69.0,50.0,0.10697211955216773,-0.14842000511827333
76,36.0,100,.,1,1,1,69.0,50.0,0.10697211955216773,-0.14842000511827333
76,48.0,100,.,1,1,1,69.0,50.0,0.10697211955216773,-0.14842000511827333
76,50.5,.,4.3,0,0,1,69.0,50.0,0.10697211955216773,-0.14842000511827333
76,60.0,100,.,1,1,1,69.0,50.0,0.10697211955216773,-0.14842000511827333
76,62.5,.,4.5,0,0,1,69.0,50.0,0.10697211955216773,-0.14842000511827333
77,0.0,80,.,1,1,1,72.0,60.0,0.14953173397096384,0.033901551675681416
77,12.0,80,.,1,1,1,72.0,60.0,0.14953173397096384,0.033901551675681416
77,14.5,.,2.5,0,0,1,72.0,60.0,0.14953173397096384,0.033901551675681416
77,24.0,80,.,1,1,1,72.0,60.0,0.14953173397096384,0.033901551675681416
77,26.5,.,2.7,0,0,1,72.0,60.0,0.14953173397096384,0.033901551675681416
77,36.0,80,.,1,1,1,72.0,60.0,0.14953173397096384,0.033901551675681416
77,48.0,80,.,1,1,1,72.0,60.0,0.14953173397096384,0.033901551675681416
77,50.5,.,2.3,0,0,1,72.0,60.0,0.14953173397096384,0.033901551675681416
77,60.0,80,.,1,1,1,72.0,60.0,0.14953173397096384,0.033901551675681416
77,72.0,80,.,1,1,1,72.0,60.0,0.14953173397096384,0.033901551675681416
77,84.0,80,.,1,1,1,72.0,60.0,0.14953173397096384,0.033901551675681416
77,86.5,.,2.5,0,0,1,72.0,60.0,0.14953173397096384,0.033901551675681416
78,0.0,80,.,1,1,1,70.0,50.0,0.12136085700426753,-0.14842000511827333
78,8.0,80,.,1,1,1,70.0,50.0,0.12136085700426753,-0.14842000511827333
78,16.0,80,.,1,1,1,70.0,50.0,0.12136085700426753,-0.14842000511827333
78,24.0,80,.,1,1,1,70.0,50.0,0.12136085700426753,-0.14842000511827333
78,32.0,80,.,1,1,1,70.0,50.0,0.12136085700426753,-0.14842000511827333
78,40.0,80,.,1,1,1,70.0,50.0,0.12136085700426753,-0.14842000511827333
78,48.0,80,.,1,1,1,70.0,50.0,0.12136085700426753,-0.14842000511827333
78,50.5,.,3.9,0,0,1,70.0,50.0,0.12136085700426753,-0.14842000511827333
78,56.0,80,.,1,1,1,70.0,50.0,0.12136085700426753,-0.14842000511827333
78,64.0,80,.,1,1,1,70.0,50.0,0.12136085700426753,-0.14842000511827333
78,72.0,80,.,1,1,1,70.0,50.0,0.12136085700426753,-0.14842000511827333
78,74.5,.,3.9,0,0,1,70.0,50.0,0.12136085700426753,-0.14842000511827333
79,0.0,100,.,1,1,1,70.0,58.0,0.12136085700426753,0.0
79,8.0,100,.,1,1,1,70.0,58.0,0.12136085700426753,0.0
79,10.5,.,3.6,0,0,1,70.0,58.0,0.12136085700426753,0.0
79,16.0,100,.,1,1,1,70.0,58.0,0.12136085700426753,0.0
79,24.0,100,.,1,1,1,70.0,58.0,0.12136085700426753,0.0
79,32.0,100,.,1,1,1,70.0,58.0,0.12136085700426753,0.0
79,34.5,.,3.6,0,0,1,70.0,58.0,0.12136085700426753,0.0
80,0.0,120,.,1,1,1,73.0,60.0,0.16332505610329962,0.033901551675681416
80,12.0,120,.,1,1,1,73.0,60.0,0.16332505610329962,0.033901551675681416
80,14.5,.,3.9,0,0,1,73.0,60.0,0.16332505610329962,0.033901551675681416
80,24.0,120,.,1,1,1,73.0,60.0,0.16332505610329962,0.033901551675681416
80,36.0,120,.,1,1,1,73.0,60.0,0.16332505610329962,0.033901551675681416
80,38.5,.,4.2,0,0,1,73.0,60.0,0.16332505610329962,0.033901551675681416
81,0.0,80,.,1,1,1,57.0,38.0,-0.08408311721054144,-0.4228568508200336
81,8.0,80,.,1,1,1,57.0,38.0,-0.08408311721054144,-0.4228568508200336
81,10.5,.,3.6,0,0,1,57.0,38.0,-0.08408311721054144,-0.4228568508200336
81,16.0,80,.,1,1,1,57.0,38.0,-0.08408311721054144,-0.4228568508200336
81,24.0,80,.,1,1,1,57.0,38.0,-0.08408311721054144,-0.4228568508200336
81,26.5,.,3.9,0,0,1,57.0,38.0,-0.08408311721054144,-0.4228568508200336
82,0.0,80,.,1,1,1,53.2,39.0,-0.15307598869749275,-0.3968813644167729
82,12.0,80,.,1,1,1,53.2,39.0,-0.15307598869749275,-0.3968813644167729
82,14.5,.,2.1,0,0,1,53.2,39.0,-0.15307598869749275,-0.3968813644167729
82,24.0,80,.,1,1,1,53.2,39.0,-0.15307598869749275,-0.3968813644167729
82,26.5,.,2.1,0,0,1,53.2,39.0,-0.15307598869749275,-0.3968813644167729
83,0.0,100,.,1,1,1,67.0,57.0,0.07755823434587444,-0.01739174271186922
83,12.0,100,.,1,1,1,67.0,57.0,0.07755823434587444,-0.01739174271186922
83,14.5,.,3.4,0,0,1,67.0,57.0,0.07755823434587444,-0.01739174271186922
83,24.0,100,.,1,1,1,67.0,57.0,0.07755823434587444,-0.01739174271186922
83,36.0,100,.,1,1,1,67.0,57.0,0.07755823434587444,-0.01739174271186922
83,38.5,.,3.4,0,0,1,67.0,57.0,0.07755823434587444,-0.01739174271186922
84,0.0,80,.,1,1,1,60.0,72.0,-0.03278982282299084,0.216223108469636
84,8.0,80,.,1,1,1,60.0,72.0,-0.03278982282299084,0.216223108469636
84,16.0,80,.,1,1,1,60.0,72.0,-0.03278982282299084,0.216223108469636
84,24.0,80,.,1,1,1,60.0,72.0,-0.03278982282299084,0.216223108469636
84,26.5,.,2.3,0,0,1,60.0,72.0,-0.03278982282299084,0.216223108469636
84,32.0,80,.,1,1,1,60.0,72.0,-0.03278982282299084,0.216223108469636
84,34.5,.,2.6,0,0,1,60.0,72.0,-0.03278982282299084,0.216223108469636
85,0.0,100,.,1,1,1,72.0,52.0,0.14953173397096384,-0.10919929196499197
85,8.0,100,.,1,1,1,72.0,52.0,0.14953173397096384,-0.10919929196499197
85,16.0,100,.,1,1,1,72.0,52.0,0.14953173397096384,-0.10919929196499197
85,24.0,100,.,1,1,1,72.0,52.0,0.14953173397096384,-0.10919929196499197
85,32.0,100,.,1,1,1,72.0,52.0,0.14953173397096384,-0.10919929196499197
85,40.0,100,.,1,1,1,72.0,52.0,0.14953173397096384,-0.10919929196499197
85,48.0,100,.,1,1,1,72.0,52.0,0.14953173397096384,-0.10919929196499197
85,50.5,.,3.4,0,0,1,72.0,52.0,0.14953173397096384,-0.10919929196499197
85,56.0,100,.,1,1,1,72.0,52.0,0.14953173397096384,-0.10919929196499197
85,58.5,.,3.1,0,0,1,72.0,52.0,0.14953173397096384,-0.10919929196499197
86,0.0,100,.,1,1,1,72.0,52.0,0.14953173397096384,-0.10919929196499197
86,8.0,100,.,1,1,1,72.0,52.0,0.14953173397096384,-0.10919929196499197
86,16.0,100,.,1,1,1,72.0,52.0,0.14953173397096384,-0.10919929196499197
86,24.0,100,.,1,1,1,72.0,52.0,0.14953173397096384,-0.10919929196499197
86,32.0,100,.,1,1,1,72.0,52.0,0.14953173397096384,-0.10919929196499197
86,34.5,.,2.3,0,0,1,72.0,52.0,0.14953173397096384,-0.10919929196499197
86,40.0,100,.,1,1,1,72.0,52.0,0.14953173397096384,-0.10919929196499197
86,48.0,100,.,1,1,1,72.0,52.0,0.14953173397096384,-0.10919929196499197
86,50.5,.,3.3,0,0,1,72.0,52.0,0.14953173397096384,-0.10919929196499197
87,0.0,100,.,1,1,1,75.0,63.0,0.19035372849121893,0.08269171584511341
87,12.0,100,.,1,1,1,75.0,63.0,0.19035372849121893,0.08269171584511341
87,14.5,.,4.2,0,0,1,75.0,63.0,0.19035372849121893,0.08269171584511341
87,24.0,100,.,1,1,1,75.0,63.0,0.19035372849121893,0.08269171584511341
87,26.5,.,3.9,0,0,1,75.0,63.0,0.19035372849121893,0.08269171584511341
88,0.0,100,.,1,1,1,65.0,55.0,0.04725288485054551,-0.05310982531394841
88,12.0,100,.,1,1,1,65.0,55.0,0.04725288485054551,-0.05310982531394841
88,14.5,.,4.7,0,0,1,65.0,55.0,0.04725288485054551,-0.05310982531394841
88,24.0,100,.,1,1,1,65.0,55.0,0.04725288485054551,-0.05310982531394841
88,36.0,100,.,1,1,1,65.0,55.0,0.04725288485054551,-0.05310982531394841
88,38.5,.,4.7,0,0,1,65.0,55.0,0.04725288485054551,-0.05310982531394841
89,0.0,100,.,1,1,1,70.0,52.0,0.12136085700426753,-0.10919929196499197
89,8.0,100,.,1,1,1,70.0,52.0,0.12136085700426753,-0.10919929196499197
89,16.0,100,.,1,1,1,70.0,52.0,0.12136085700426753,-0.10919929196499197
89,24.0,100,.,1,1,1,70.0,52.0,0.12136085700426753,-0.10919929196499197
89,32.0,100,.,1,1,1,70.0,52.0,0.12136085700426753,-0.10919929196499197
89,40.0,100,.,1,1,1,70.0,52.0,0.12136085700426753,-0.10919929196499197
89,48.0,100,.,1,1,1,70.0,52.0,0.12136085700426753,-0.10919929196499197
89,50.5,.,4.6,0,0,1,70.0,52.0,0.12136085700426753,-0.10919929196499197
89,56.0,100,.,1,1,1,70.0,52.0,0.12136085700426753,-0.10919929196499197
89,64.0,100,.,1,1,1,70.0,52.0,0.12136085700426753,-0.10919929196499197
89,72.0,100,.,1,1,1,70.0,52.0,0.12136085700426753,-0.10919929196499197
89,74.5,.,3.9,0,0,1,70.0,52.0,0.12136085700426753,-0.10919929196499197
90,0.0,80,.,1,1,1,58.0,60.0,-0.06669137449867228,0.033901551675681416
90,8.0,80,.,1,1,1,58.0,60.0,-0.06669137449867228,0.033901551675681416
90,16.0,80,.,1,1,1,58.0,60.0,-0.06669137449867228,0.033901551675681416
90,24.0,80,.,1,1,1,58.0,60.0,-0.06669137449867228,0.033901551675681416
90,32.0,80,.,1,1,1,58.0,60.0,-0.06669137449867228,0.033901551675681416
90,40.0,80,.,1,1,1,58.0,60.0,-0.06669137449867228,0.033901551675681416
90,48.0,80,.,1,1,1,58.0,60.0,-0.06669137449867228,0.033901551675681416
90,50.5,.,2.3,0,0,1,58.0,60.0,-0.06669137449867228,0.033901551675681416
90,56.0,80,.,1,1,1,58.0,60.0,-0.06669137449867228,0.033901551675681416
90,58.5,.,2.1,0,0,1,58.0,60.0,-0.06669137449867228,0.033901551675681416
91,0.0,80,.,1,1,1,55.0,38.0,-0.11980119981262065,-0.4228568508200336
91,8.0,80,.,1,1,1,55.0,38.0,-0.11980119981262065,-0.4228568508200336
91,16.0,80,.,1,1,1,55.0,38.0,-0.11980119981262065,-0.4228568508200336
91,18.5,.,2.3,0,0,1,55.0,38.0,-0.11980119981262065,-0.4228568508200336
91,24.0,80,.,1,1,1,55.0,38.0,-0.11980119981262065,-0.4228568508200336
91,26.5,.,2.6,0,0,1,55.0,38.0,-0.11980119981262065,-0.4228568508200336
92,0.0,100,.,1,1,1,72.0,105.0,0.14953173397096384,0.593517339611104
92,8.0,100,.,1,1,1,72.0,105.0,0.14953173397096384,0.593517339611104
92,16.0,100,.,1,1,1,72.0,105.0,0.14953173397096384,0.593517339611104
92,24.0,100,.,1,1,1,72.0,105.0,0.14953173397096384,0.593517339611104
92,32.0,100,.,1,1,1,72.0,105.0,0.14953173397096384,0.593517339611104
92,34.5,.,3.3,0,0,1,72.0,105.0,0.14953173397096384,0.593517339611104
92,40.0,100,.,1,1,1,72.0,105.0,0.14953173397096384,0.593517339611104
92,42.5,.,3.1,0,0,1,72.0,105.0,0.14953173397096384,0.593517339611104
93,0.0,100,.,1,1,1,50.0,32.0,-0.21511137961694557,-0.5947071077466928
93,8.0,100,.,1,1,1,50.0,32.0,-0.21511137961694557,-0.5947071077466928
93,16.0,100,.,1,1,1,50.0,32.0,-0.21511137961694557,-0.5947071077466928
93,24.0,100,.,1,1,1,50.0,32.0,-0.21511137961694557,-0.5947071077466928
93,32.0,100,.,1,1,1,50.0,32.0,-0.21511137961694557,-0.5947071077466928
93,34.5,.,4.7,0,0,1,50.0,32.0,-0.21511137961694557,-0.5947071077466928
93,40.0,100,.,1,1,1,50.0,32.0,-0.21511137961694557,-0.5947071077466928
93,42.5,.,3.1,0,0,1,50.0,32.0,-0.21511137961694557,-0.5947071077466928
94,0.0,80,.,1,1,1,60.0,45.0,-0.03278982282299084,-0.2537805207760996
94,12.0,80,.,1,1,1,60.0,45.0,-0.03278982282299084,-0.2537805207760996
94,14.5,.,2.3,0,0,1,60.0,45.0,-0.03278982282299084,-0.2537805207760996
94,24.0,80,.,1,1,1,60.0,45.0,-0.03278982282299084,-0.2537805207760996
94,26.5,.,2.6,0,0,1,60.0,45.0,-0.03278982282299084,-0.2537805207760996
95,0.0,80,.,1,1,1,65.0,50.0,0.04725288485054551,-0.14842000511827333
95,8.0,80,.,1,1,1,65.0,50.0,0.04725288485054551,-0.14842000511827333
95,16.0,80,.,1,1,1,65.0,50.0,0.04725288485054551,-0.14842000511827333
95,24.0,80,.,1,1,1,65.0,50.0,0.04725288485054551,-0.14842000511827333
95,26.5,.,4.7,0,0,1,65.0,50.0,0.04725288485054551,-0.14842000511827333
95,32.0,80,.,1,1,1,65.0,50.0,0.04725288485054551,-0.14842000511827333
95,34.5,.,3.4,0,0,1,65.0,50.0,0.04725288485054551,-0.14842000511827333
96,0.0,80,.,1,1,1,55.0,60.0,-0.11980119981262065,0.033901551675681416
96,12.0,80,.,1,1,1,55.0,60.0,-0.11980119981262065,0.033901551675681416
96,14.5,.,2.3,0,0,1,55.0,60.0,-0.11980119981262065,0.033901551675681416
96,24.0,80,.,1,1,1,55.0,60.0,-0.11980119981262065,0.033901551675681416
96,26.5,.,2.3,0,0,1,55.0,60.0,-0.11980119981262065,0.033901551675681416
97,0.0,100,.,1,1,1,72.0,105.0,0.14953173397096384,0.593517339611104
97,8.0,100,.,1,1,1,72.0,105.0,0.14953173397096384,0.593517339611104
97,16.0,100,.,1,1,1,72.0,105.0,0.14953173397096384,0.593517339611104
97,24.0,100,.,1,1,1,72.0,105.0,0.14953173397096384,0.593517339611104
97,32.0,100,.,1,1,1,72.0,105.0,0.14953173397096384,0.593517339611104
97,34.5,.,2.3,0,0,1,72.0,105.0,0.14953173397096384,0.593517339611104
97,40.0,100,.,1,1,1,72.0,105.0,0.14953173397096384,0.593517339611104
97,42.5,.,2.6,0,0,1,72.0,105.0,0.14953173397096384,0.593517339611104
