ID,TIME,EVID,AMT,CMT,RATE,II,SS,DV,CENS,WT,SEX
1,0,1,500,1,250,12,1,.,0,70.9,1
1,0.5,0,0,1,0,0,0,0,0,70.9,1
1,1,0,0,1,0,0,0,0,0,70.9,1
1,2,0,0,1,0,0,0,0,0,70.9,1
1,3,0,0,1,0,0,0,0,0,70.9,1
1,6,0,0,1,0,0,0,0,0,70.9,1
1,9,0,0,1,0,0,0,0,0,70.9,1
1,11.5,0,0,1,0,0,0,0,0,70.9,1
1,12,1,500,1,250,0,0,.,0,70.9,1
1,13,0,0,1,0,0,0,0,0,70.9,1
1,16,0,0,1,0,0,0,0,0,70.9,1
1,24,0,0,1,0,0,0,0,0,70.9,1
1,36,0,0,1,0,0,0,0,0,70.9,1
2,0,1,500,1,250,12,1,.,0,65.2,1
2,0.5,0,0,1,0,0,0,0,0,65.2,1
2,1,0,0,1,0,0,0,0,0,65.2,1
2,2,0,0,1,0,0,0,0,0,65.2,1
2,3,0,0,1,0,0,0,0,0,65.2,1
2,6,0,0,1,0,0,0,0,0,65.2,1
2,9,0,0,1,0,0,0,0,0,65.2,1
2,11.5,0,0,1,0,0,0,0,0,65.2,1
2,12,1,500,1,250,0,0,.,0,65.2,1
2,13,0,0,1,0,0,0,0,0,65.2,1
2,16,0,0,1,0,0,0,0,0,65.2,1
2,24,0,0,1,0,0,0,0,0,65.2,1
2,36,0,0,1,0,0,0,0,0,65.2,1
3,0,1,500,1,250,12,1,.,0,57.9,1
3,0.5,0,0,1,0,0,0,0,0,57.9,1
3,1,0,0,1,0,0,0,0,0,57.9,1
3,2,0,0,1,0,0,0,0,0,57.9,1
3,3,0,0,1,0,0,0,0,0,57.9,1
3,6,0,0,1,0,0,0,0,0,57.9,1
3,9,0,0,1,0,0,0,0,0,57.9,1
3,11.5,0,0,1,0,0,0,0,0,57.9,1
3,12,1,500,1,250,0,0,.,0,57.9,1
3,13,0,0,1,0,0,0,0,0,57.9,1
3,16,0,0,1,0,0,0,0,0,57.9,1
3,24,0,0,1,0,0,0,0,0,57.9,1
3,36,0,0,1,0,0,0,0,0,57.9,1
4,0,1,500,1,250,12,1,.,0,84.6,0
4,0.5,0,0,1,0,0,0,0,0,84.6,0
4,1,0,0,1,0,0,0,0,0,84.6,0
4,2,0,0,1,0,0,0,0,0,84.6,0
4,3,0,0,1,0,0,0,0,0,84.6,0
4,6,0,0,1,0,0,0,0,0,84.6,0
4,9,0,0,1,0,0,0,0,0,84.6,0
4,11.5,0,0,1,0,0,0,0,0,84.6,0
4,12,1,500,1,250,0,0,.,0,84.6,0
4,13,0,0,1,0,0,0,0,0,84.6,0
4,16,0,0,1,0,0,0,0,0,84.6,0
4,24,0,0,1,0,0,0,0,0,84.6,0
4,36,0,0,1,0,0,0,0,0,84.6,0
5,0,1,500,1,250,12,1,.,0,90.7,0
5,0.5,0,0,1,0,0,0,0,0,90.7,0
5,1,0,0,1,0,0,0,0,0,90.7,0
5,2,0,0,1,0,0,0,0,0,90.7,0
5,3,0,0,1,0,0,0,0,0,90.7,0
5,6,0,0,1,0,0,0,0,0,90.7,0
5,9,0,0,1,0,0,0,0,0,90.7,0
5,11.5,0,0,1,0,0,0,0,0,90.7,0
5,12,1,500,1,250,0,0,.,0,90.7,0
5,13,0,0,1,0,0,0,0,0,90.7,0
5,16,0,0,1,0,0,0,0,0,90.7,0
5,24,0,0,1,0,0,0,0,0,90.7,0
5,36,0,0,1,0,0,0,0,0,90.7,0
6,0,1,500,1,250,12,1,.,0,62.6,0
6,0.5,0,0,1,0,0,0,0,0,62.6,0
6,1,0,0,1,0,0,0,0,0,62.6,0
6,2,0,0,1,0,0,0,0,0,62.6,0
6,3,0,0,1,0,0,0,0,0,62.6,0
6,6,0,0,1,0,0,0,0,0,62.6,0
6,9,0,0,1,0,0,0,0,0,62.6,0
6,11.5,0,0,1,0,0,0,0,0,62.6,0
6,12,1,500,1,250,0,0,.,0,62.6,0
6,13,0,0,1,0,0,0,0,0,62.6,0
6,16,0,0,1,0,0,0,0,0,62.6,0
6,24,0,0,1,0,0,0,0,0,62.6,0
6,36,0,0,1,0,0,0,0,0,62.6,0
7,0,1,500,1,250,12,1,.,0,95.0,1
7,0.5,0,0,1,0,0,0,0,0,95.0,1
7,1,0,0,1,0,0,0,0,0,95.0,1
7,2,0,0,1,0,0,0,0,0,95.0,1
7,3,0,0,1,0,0,0,0,0,95.0,1
7,6,0,0,1,0,0,0,0,0,95.0,1
7,9,0,0,1,0,0,0,0,0,95.0,1
7,11.5,0,0,1,0,0,0,0,0,95.0,1
7,12,1,500,1,250,0,0,.,0,95.0,1
7,13,0,0,1,0,0,0,0,0,95.0,1
7,16,0,0,1,0,0,0,0,0,95.0,1
7,24,0,0,1,0,0,0,0,0,95.0,1
7,36,0,0,1,0,0,0,0,0,95.0,1
8,0,1,500,1,250,12,1,.,0,85.1,1
8,0.5,0,0,1,0,0,0,0,0,85.1,1
8,1,0,0,1,0,0,0,0,0,85.1,1
8,2,0,0,1,0,0,0,0,0,85.1,1
8,3,0,0,1,0,0,0,0,0,85.1,1
8,6,0,0,1,0,0,0,0,0,85.1,1
8,9,0,0,1,0,0,0,0,0,85.1,1
8,11.5,0,0,1,0,0,0,0,0,85.1,1
8,12,1,500,1,250,0,0,.,0,85.1,1
8,13,0,0,1,0,0,0,0,0,85.1,1
8,16,0,0,1,0,0,0,0,0,85.1,1
8,24,0,0,1,0,0,0,0,0,85.1,1
8,36,0,0,1,0,0,0,0,0,85.1,1
9,0,1,500,1,250,12,1,.,0,59.7,1
9,0.5,0,0,1,0,0,0,0,0,59.7,1
9,1,0,0,1,0,0,0,0,0,59.7,1
9,2,0,0,1,0,0,0,0,0,59.7,1
9,3,0,0,1,0,0,0,0,0,59.7,1
9,6,0,0,1,0,0,0,0,0,59.7,1
9,9,0,0,1,0,0,0,0,0,59.7,1
9,11.5,0,0,1,0,0,0,0,0,59.7,1
9,12,1,500,1,250,0,0,.,0,59.7,1
9,13,0,0,1,0,0,0,0,0,59.7,1
9,16,0,0,1,0,0,0,0,0,59.7,1
9,24,0,0,1,0,0,0,0,0,59.7,1
9,36,0,0,1,0,0,0,0,0,59.7,1
10,0,1,500,1,250,12,1,.,0,50.3,1
10,0.5,0,0,1,0,0,0,0,0,50.3,1
10,1,0,0,1,0,0,0,0,0,50.3,1
10,2,0,0,1,0,0,0,0,0,50.3,1
10,3,0,0,1,0,0,0,0,0,50.3,1
10,6,0,0,1,0,0,0,0,0,50.3,1
10,9,0,0,1,0,0,0,0,0,50.3,1
10,11.5,0,0,1,0,0,0,0,0,50.3,1
10,12,1,500,1,250,0,0,.,0,50.3,1
10,13,0,0,1,0,0,0,0,0,50.3,1
10,16,0,0,1,0,0,0,0,0,50.3,1
10,24,0,0,1,0,0,0,0,0,50.3,1
10,36,0,0,1,0,0,0,0,0,50.3,1
11,0,1,500,1,250,12,1,.,0,88.8,1
11,0.5,0,0,1,0,0,0,0,0,88.8,1
11,1,0,0,1,0,0,0,0,0,88.8,1
11,2,0,0,1,0,0,0,0,0,88.8,1
11,3,0,0,1,0,0,0,0,0,88.8,1
11,6,0,0,1,0,0,0,0,0,88.8,1
11,9,0,0,1,0,0,0,0,0,88.8,1
11,11.5,0,0,1,0,0,0,0,0,88.8,1
11,12,1,500,1,250,0,0,.,0,88.8,1
11,13,0,0,1,0,0,0,0,0,88.8,1
11,16,0,0,1,0,0,0,0,0,88.8,1
11,24,0,0,1,0,0,0,0,0,88.8,1
11,36,0,0,1,0,0,0,0,0,88.8,1
12,0,1,500,1,250,12,1,.,0,77.0,1
12,0.5,0,0,1,0,0,0,0,0,77.0,1
12,1,0,0,1,0,0,0,0,0,77.0,1
12,2,0,0,1,0,0,0,0,0,77.0,1
12,3,0,0,1,0,0,0,0,0,77.0,1
12,6,0,0,1,0,0,0,0,0,77.0,1
12,9,0,0,1,0,0,0,0,0,77.0,1
12,11.5,0,0,1,0,0,0,0,0,77.0,1
12,12,1,500,1,250,0,0,.,0,77.0,1
12,13,0,0,1,0,0,0,0,0,77.0,1
12,16,0,0,1,0,0,0,0,0,77.0,1
12,24,0,0,1,0,0,0,0,0,77.0,1
12,36,0,0,1,0,0,0,0,0,77.0,1
13,0,1,500,1,250,12,1,.,0,91.9,1
13,0.5,0,0,1,0,0,0,0,0,91.9,1
13,1,0,0,1,0,0,0,0,0,91.9,1
13,2,0,0,1,0,0,0,0,0,91.9,1
13,3,0,0,1,0,0,0,0,0,91.9,1
13,6,0,0,1,0,0,0,0,0,91.9,1
13,9,0,0,1,0,0,0,0,0,91.9,1
13,11.5,0,0,1,0,0,0,0,0,91.9,1
13,12,1,500,1,250,0,0,.,0,91.9,1
13,13,0,0,1,0,0,0,0,0,91.9,1
13,16,0,0,1,0,0,0,0,0,91.9,1
13,24,0,0,1,0,0,0,0,0,91.9,1
13,36,0,0,1,0,0,0,0,0,91.9,1
14,0,1,500,1,250,12,1,.,0,72.7,0
14,0.5,0,0,1,0,0,0,0,0,72.7,0
14,1,0,0,1,0,0,0,0,0,72.7,0
14,2,0,0,1,0,0,0,0,0,72.7,0
14,3,0,0,1,0,0,0,0,0,72.7,0
14,6,0,0,1,0,0,0,0,0,72.7,0
14,9,0,0,1,0,0,0,0,0,72.7,0
14,11.5,0,0,1,0,0,0,0,0,72.7,0
14,12,1,500,1,250,0,0,.,0,72.7,0
14,13,0,0,1,0,0,0,0,0,72.7,0
14,16,0,0,1,0,0,0,0,0,72.7,0
14,24,0,0,1,0,0,0,0,0,72.7,0
14,36,0,0,1,0,0,0,0,0,72.7,0
15,0,1,500,1,250,12,1,.,0,89.5,1
15,0.5,0,0,1,0,0,0,0,0,89.5,1
15,1,0,0,1,0,0,0,0,0,89.5,1
15,2,0,0,1,0,0,0,0,0,89.5,1
15,3,0,0,1,0,0,0,0,0,89.5,1
15,6,0,0,1,0,0,0,0,0,89.5,1
15,9,0,0,1,0,0,0,0,0,89.5,1
15,11.5,0,0,1,0,0,0,0,0,89.5,1
15,12,1,500,1,250,0,0,.,0,89.5,1
15,13,0,0,1,0,0,0,0,0,89.5,1
15,16,0,0,1,0,0,0,0,0,89.5,1
15,24,0,0,1,0,0,0,0,0,89.5,1
15,36,0,0,1,0,0,0,0,0,89.5,1
16,0,1,500,1,250,12,1,.,0,93.2,1
16,0.5,0,0,1,0,0,0,0,0,93.2,1
16,1,0,0,1,0,0,0,0,0,93.2,1
16,2,0,0,1,0,0,0,0,0,93.2,1
16,3,0,0,1,0,0,0,0,0,93.2,1
16,6,0,0,1,0,0,0,0,0,93.2,1
16,9,0,0,1,0,0,0,0,0,93.2,1
16,11.5,0,0,1,0,0,0,0,0,93.2,1
16,12,1,500,1,250,0,0,.,0,93.2,1
16,13,0,0,1,0,0,0,0,0,93.2,1
16,16,0,0,1,0,0,0,0,0,93.2,1
16,24,0,0,1,0,0,0,0,0,93.2,1
16,36,0,0,1,0,0,0,0,0,93.2,1
17,0,1,500,1,250,12,1,.,0,65.0,0
17,0.5,0,0,1,0,0,0,0,0,65.0,0
17,1,0,0,1,0,0,0,0,0,65.0,0
17,2,0,0,1,0,0,0,0,0,65.0,0
17,3,0,0,1,0,0,0,0,0,65.0,0
17,6,0,0,1,0,0,0,0,0,65.0,0
17,9,0,0,1,0,0,0,0,0,65.0,0
17,11.5,0,0,1,0,0,0,0,0,65.0,0
17,12,1,500,1,250,0,0,.,0,65.0,0
17,13,0,0,1,0,0,0,0,0,65.0,0
17,16,0,0,1,0,0,0,0,0,65.0,0
17,24,0,0,1,0,0,0,0,0,65.0,0
17,36,0,0,1,0,0,0,0,0,65.0,0
18,0,1,500,1,250,12,1,.,0,90.1,1
18,0.5,0,0,1,0,0,0,0,0,90.1,1
18,1,0,0,1,0,0,0,0,0,90.1,1
18,2,0,0,1,0,0,0,0,0,90.1,1
18,3,0,0,1,0,0,0,0,0,90.1,1
18,6,0,0,1,0,0,0,0,0,90.1,1
18,9,0,0,1,0,0,0,0,0,90.1,1
18,11.5,0,0,1,0,0,0,0,0,90.1,1
18,12,1,500,1,250,0,0,.,0,90.1,1
18,13,0,0,1,0,0,0,0,0,90.1,1
18,16,0,0,1,0,0,0,0,0,90.1,1
18,24,0,0,1,0,0,0,0,0,90.1,1
18,36,0,0,1,0,0,0,0,0,90.1,1
19,0,1,500,1,250,12,1,.,0,97.3,1
19,0.5,0,0,1,0,0,0,0,0,97.3,1
19,1,0,0,1,0,0,0,0,0,97.3,1
19,2,0,0,1,0,0,0,0,0,97.3,1
19,3,0,0,1,0,0,0,0,0,97.3,1
19,6,0,0,1,0,0,0,0,0,97.3,1
19,9,0,0,1,0,0,0,0,0,97.3,1
19,11.5,0,0,1,0,0,0,0,0,97.3,1
19,12,1,500,1,250,0,0,.,0,97.3,1
19,13,0,0,1,0,0,0,0,0,97.3,1
19,16,0,0,1,0,0,0,0,0,97.3,1
19,24,0,0,1,0,0,0,0,0,97.3,1
19,36,0,0,1,0,0,0,0,0,97.3,1
20,0,1,500,1,250,12,1,.,0,88.1,0
20,0.5,0,0,1,0,0,0,0,0,88.1,0
20,1,0,0,1,0,0,0,0,0,88.1,0
20,2,0,0,1,0,0,0,0,0,88.1,0
20,3,0,0,1,0,0,0,0,0,88.1,0
20,6,0,0,1,0,0,0,0,0,88.1,0
20,9,0,0,1,0,0,0,0,0,88.1,0
20,11.5,0,0,1,0,0,0,0,0,88.1,0
20,12,1,500,1,250,0,0,.,0,88.1,0
20,13,0,0,1,0,0,0,0,0,88.1,0
20,16,0,0,1,0,0,0,0,0,88.1,0
20,24,0,0,1,0,0,0,0,0,88.1,0
20,36,0,0,1,0,0,0,0,0,88.1,0
21,0,1,500,1,250,12,1,.,0,59.5,1
21,0.5,0,0,1,0,0,0,0,0,59.5,1
21,1,0,0,1,0,0,0,0,0,59.5,1
21,2,0,0,1,0,0,0,0,0,59.5,1
21,3,0,0,1,0,0,0,0,0,59.5,1
21,6,0,0,1,0,0,0,0,0,59.5,1
21,9,0,0,1,0,0,0,0,0,59.5,1
21,11.5,0,0,1,0,0,0,0,0,59.5,1
21,12,1,500,1,250,0,0,.,0,59.5,1
21,13,0,0,1,0,0,0,0,0,59.5,1
21,16,0,0,1,0,0,0,0,0,59.5,1
21,24,0,0,1,0,0,0,0,0,59.5,1
21,36,0,0,1,0,0,0,0,0,59.5,1
22,0,1,500,1,250,12,1,.,0,61.9,0
22,0.5,0,0,1,0,0,0,0,0,61.9,0
22,1,0,0,1,0,0,0,0,0,61.9,0
22,2,0,0,1,0,0,0,0,0,61.9,0
22,3,0,0,1,0,0,0,0,0,61.9,0
22,6,0,0,1,0,0,0,0,0,61.9,0
22,9,0,0,1,0,0,0,0,0,61.9,0
22,11.5,0,0,1,0,0,0,0,0,61.9,0
22,12,1,500,1,250,0,0,.,0,61.9,0
22,13,0,0,1,0,0,0,0,0,61.9,0
22,16,0,0,1,0,0,0,0,0,61.9,0
22,24,0,0,1,0,0,0,0,0,61.9,0
22,36,0,0,1,0,0,0,0,0,61.9,0
23,0,1,500,1,250,12,1,.,0,87.4,0
23,0.5,0,0,1,0,0,0,0,0,87.4,0
23,1,0,0,1,0,0,0,0,0,87.4,0
23,2,0,0,1,0,0,0,0,0,87.4,0
23,3,0,0,1,0,0,0,0,0,87.4,0
23,6,0,0,1,0,0,0,0,0,87.4,0
23,9,0,0,1,0,0,0,0,0,87.4,0
23,11.5,0,0,1,0,0,0,0,0,87.4,0
23,12,1,500,1,250,0,0,.,0,87.4,0
23,13,0,0,1,0,0,0,0,0,87.4,0
23,16,0,0,1,0,0,0,0,0,87.4,0
23,24,0,0,1,0,0,0,0,0,87.4,0
23,36,0,0,1,0,0,0,0,0,87.4,0
24,0,1,500,1,250,12,1,.,0,59.1,1
24,0.5,0,0,1,0,0,0,0,0,59.1,1
24,1,0,0,1,0,0,0,0,0,59.1,1
24,2,0,0,1,0,0,0,0,0,59.1,1
24,3,0,0,1,0,0,0,0,0,59.1,1
24,6,0,0,1,0,0,0,0,0,59.1,1
24,9,0,0,1,0,0,0,0,0,59.1,1
24,11.5,0,0,1,0,0,0,0,0,59.1,1
24,12,1,500,1,250,0,0,.,0,59.1,1
24,13,0,0,1,0,0,0,0,0,59.1,1
24,16,0,0,1,0,0,0,0,0,59.1,1
24,24,0,0,1,0,0,0,0,0,59.1,1
24,36,0,0,1,0,0,0,0,0,59.1,1
25,0,1,500,1,250,12,1,.,0,67.3,1
25,0.5,0,0,1,0,0,0,0,0,67.3,1
25,1,0,0,1,0,0,0,0,0,67.3,1
25,2,0,0,1,0,0,0,0,0,67.3,1
25,3,0,0,1,0,0,0,0,0,67.3,1
25,6,0,0,1,0,0,0,0,0,67.3,1
25,9,0,0,1,0,0,0,0,0,67.3,1
25,11.5,0,0,1,0,0,0,0,0,67.3,1
25,12,1,500,1,250,0,0,.,0,67.3,1
25,13,0,0,1,0,0,0,0,0,67.3,1
25,16,0,0,1,0,0,0,0,0,67.3,1
25,24,0,0,1,0,0,0,0,0,67.3,1
25,36,0,0,1,0,0,0,0,0,67.3,1
26,0,1,500,1,250,12,1,.,0,93.0,1
26,0.5,0,0,1,0,0,0,0,0,93.0,1
26,1,0,0,1,0,0,0,0,0,93.0,1
26,2,0,0,1,0,0,0,0,0,93.0,1
26,3,0,0,1,0,0,0,0,0,93.0,1
26,6,0,0,1,0,0,0,0,0,93.0,1
26,9,0,0,1,0,0,0,0,0,93.0,1
26,11.5,0,0,1,0,0,0,0,0,93.0,1
26,12,1,500,1,250,0,0,.,0,93.0,1
26,13,0,0,1,0,0,0,0,0,93.0,1
26,16,0,0,1,0,0,0,0,0,93.0,1
26,24,0,0,1,0,0,0,0,0,93.0,1
26,36,0,0,1,0,0,0,0,0,93.0,1
27,0,1,500,1,250,12,1,.,0,80.3,0
27,0.5,0,0,1,0,0,0,0,0,80.3,0
27,1,0,0,1,0,0,0,0,0,80.3,0
27,2,0,0,1,0,0,0,0,0,80.3,0
27,3,0,0,1,0,0,0,0,0,80.3,0
27,6,0,0,1,0,0,0,0,0,80.3,0
27,9,0,0,1,0,0,0,0,0,80.3,0
27,11.5,0,0,1,0,0,0,0,0,80.3,0
27,12,1,500,1,250,0,0,.,0,80.3,0
27,13,0,0,1,0,0,0,0,0,80.3,0
27,16,0,0,1,0,0,0,0,0,80.3,0
27,24,0,0,1,0,0,0,0,0,80.3,0
27,36,0,0,1,0,0,0,0,0,80.3,0
28,0,1,500,1,250,12,1,.,0,90.3,0
28,0.5,0,0,1,0,0,0,0,0,90.3,0
28,1,0,0,1,0,0,0,0,0,90.3,0
28,2,0,0,1,0,0,0,0,0,90.3,0
28,3,0,0,1,0,0,0,0,0,90.3,0
28,6,0,0,1,0,0,0,0,0,90.3,0
28,9,0,0,1,0,0,0,0,0,90.3,0
28,11.5,0,0,1,0,0,0,0,0,90.3,0
28,12,1,500,1,250,0,0,.,0,90.3,0
28,13,0,0,1,0,0,0,0,0,90.3,0
28,16,0,0,1,0,0,0,0,0,90.3,0
28,24,0,0,1,0,0,0,0,0,90.3,0
28,36,0,0,1,0,0,0,0,0,90.3,0
29,0,1,500,1,250,12,1,.,0,87.9,0
29,0.5,0,0,1,0,0,0,0,0,87.9,0
29,1,0,0,1,0,0,0,0,0,87.9,0
29,2,0,0,1,0,0,0,0,0,87.9,0
29,3,0,0,1,0,0,0,0,0,87.9,0
29,6,0,0,1,0,0,0,0,0,87.9,0
29,9,0,0,1,0,0,0,0,0,87.9,0
29,11.5,0,0,1,0,0,0,0,0,87.9,0
29,12,1,500,1,250,0,0,.,0,87.9,0
29,13,0,0,1,0,0,0,0,0,87.9,0
29,16,0,0,1,0,0,0,0,0,87.9,0
29,24,0,0,1,0,0,0,0,0,87.9,0
29,36,0,0,1,0,0,0,0,0,87.9,0
30,0,1,500,1,250,12,1,.,0,57.9,1
30,0.5,0,0,1,0,0,0,0,0,57.9,1
30,1,0,0,1,0,0,0,0,0,57.9,1
30,2,0,0,1,0,0,0,0,0,57.9,1
30,3,0,0,1,0,0,0,0,0,57.9,1
30,6,0,0,1,0,0,0,0,0,57.9,1
30,9,0,0,1,0,0,0,0,0,57.9,1
30,11.5,0,0,1,0,0,0,0,0,57.9,1
30,12,1,500,1,250,0,0,.,0,57.9,1
30,13,0,0,1,0,0,0,0,0,57.9,1
30,16,0,0,1,0,0,0,0,0,57.9,1
30,24,0,0,1,0,0,0,0,0,57.9,1
30,36,0,0,1,0,0,0,0,0,57.9,1
31,0,1,500,1,250,12,1,.,0,80.3,1
31,0.5,0,0,1,0,0,0,0,0,80.3,1
31,1,0,0,1,0,0,0,0,0,80.3,1
31,2,0,0,1,0,0,0,0,0,80.3,1
31,3,0,0,1,0,0,0,0,0,80.3,1
31,6,0,0,1,0,0,0,0,0,80.3,1
31,9,0,0,1,0,0,0,0,0,80.3,1
31,11.5,0,0,1,0,0,0,0,0,80.3,1
31,12,1,500,1,250,0,0,.,0,80.3,1
31,13,0,0,1,0,0,0,0,0,80.3,1
31,16,0,0,1,0,0,0,0,0,80.3,1
31,24,0,0,1,0,0,0,0,0,80.3,1
31,36,0,0,1,0,0,0,0,0,80.3,1
32,0,1,500,1,250,12,1,.,0,66.0,0
32,0.5,0,0,1,0,0,0,0,0,66.0,0
32,1,0,0,1,0,0,0,0,0,66.0,0
32,2,0,0,1,0,0,0,0,0,66.0,0
32,3,0,0,1,0,0,0,0,0,66.0,0
32,6,0,0,1,0,0,0,0,0,66.0,0
32,9,0,0,1,0,0,0,0,0,66.0,0
32,11.5,0,0,1,0,0,0,0,0,66.0,0
32,12,1,500,1,250,0,0,.,0,66.0,0
32,13,0,0,1,0,0,0,0,0,66.0,0
32,16,0,0,1,0,0,0,0,0,66.0,0
32,24,0,0,1,0,0,0,0,0,66.0,0
32,36,0,0,1,0,0,0,0,0,66.0,0
33,0,1,500,1,250,12,1,.,0,82.3,1
33,0.5,0,0,1,0,0,0,0,0,82.3,1
33,1,0,0,1,0,0,0,0,0,82.3,1
33,2,0,0,1,0,0,0,0,0,82.3,1
33,3,0,0,1,0,0,0,0,0,82.3,1
33,6,0,0,1,0,0,0,0,0,82.3,1
33,9,0,0,1,0,0,0,0,0,82.3,1
33,11.5,0,0,1,0,0,0,0,0,82.3,1
33,12,1,500,1,250,0,0,.,0,82.3,1
33,13,0,0,1,0,0,0,0,0,82.3,1
33,16,0,0,1,0,0,0,0,0,82.3,1
33,24,0,0,1,0,0,0,0,0,82.3,1
33,36,0,0,1,0,0,0,0,0,82.3,1
34,0,1,500,1,250,12,1,.,0,77.7,1
34,0.5,0,0,1,0,0,0,0,0,77.7,1
34,1,0,0,1,0,0,0,0,0,77.7,1
34,2,0,0,1,0,0,0,0,0,77.7,1
34,3,0,0,1,0,0,0,0,0,77.7,1
34,6,0,0,1,0,0,0,0,0,77.7,1
34,9,0,0,1,0,0,0,0,0,77.7,1
34,11.5,0,0,1,0,0,0,0,0,77.7,1
34,12,1,500,1,250,0,0,.,0,77.7,1
34,13,0,0,1,0,0,0,0,0,77.7,1
34,16,0,0,1,0,0,0,0,0,77.7,1
34,24,0,0,1,0,0,0,0,0,77.7,1
34,36,0,0,1,0,0,0,0,0,77.7,1
35,0,1,500,1,250,12,1,.,0,69.1,0
35,0.5,0,0,1,0,0,0,0,0,69.1,0
35,1,0,0,1,0,0,0,0,0,69.1,0
35,2,0,0,1,0,0,0,0,0,69.1,0
35,3,0,0,1,0,0,0,0,0,69.1,0
35,6,0,0,1,0,0,0,0,0,69.1,0
35,9,0,0,1,0,0,0,0,0,69.1,0
35,11.5,0,0,1,0,0,0,0,0,69.1,0
35,12,1,500,1,250,0,0,.,0,69.1,0
35,13,0,0,1,0,0,0,0,0,69.1,0
35,16,0,0,1,0,0,0,0,0,69.1,0
35,24,0,0,1,0,0,0,0,0,69.1,0
35,36,0,0,1,0,0,0,0,0,69.1,0
36,0,1,500,1,250,12,1,.,0,88.9,1
36,0.5,0,0,1,0,0,0,0,0,88.9,1
36,1,0,0,1,0,0,0,0,0,88.9,1
36,2,0,0,1,0,0,0,0,0,88.9,1
36,3,0,0,1,0,0,0,0,0,88.9,1
36,6,0,0,1,0,0,0,0,0,88.9,1
36,9,0,0,1,0,0,0,0,0,88.9,1
36,11.5,0,0,1,0,0,0,0,0,88.9,1
36,12,1,500,1,250,0,0,.,0,88.9,1
36,13,0,0,1,0,0,0,0,0,88.9,1
36,16,0,0,1,0,0,0,0,0,88.9,1
36,24,0,0,1,0,0,0,0,0,88.9,1
36,36,0,0,1,0,0,0,0,0,88.9,1
37,0,1,500,1,250,12,1,.,0,69.4,0
37,0.5,0,0,1,0,0,0,0,0,69.4,0
37,1,0,0,1,0,0,0,0,0,69.4,0
37,2,0,0,1,0,0,0,0,0,69.4,0
37,3,0,0,1,0,0,0,0,0,69.4,0
37,6,0,0,1,0,0,0,0,0,69.4,0
37,9,0,0,1,0,0,0,0,0,69.4,0
37,11.5,0,0,1,0,0,0,0,0,69.4,0
37,12,1,500,1,250,0,0,.,0,69.4,0
37,13,0,0,1,0,0,0,0,0,69.4,0
37,16,0,0,1,0,0,0,0,0,69.4,0
37,24,0,0,1,0,0,0,0,0,69.4,0
37,36,0,0,1,0,0,0,0,0,69.4,0
38,0,1,500,1,250,12,1,.,0,77.7,1
38,0.5,0,0,1,0,0,0,0,0,77.7,1
38,1,0,0,1,0,0,0,0,0,77.7,1
38,2,0,0,1,0,0,0,0,0,77.7,1
38,3,0,0,1,0,0,0,0,0,77.7,1
38,6,0,0,1,0,0,0,0,0,77.7,1
38,9,0,0,1,0,0,0,0,0,77.7,1
38,11.5,0,0,1,0,0,0,0,0,77.7,1
38,12,1,500,1,250,0,0,.,0,77.7,1
38,13,0,0,1,0,0,0,0,0,77.7,1
38,16,0,0,1,0,0,0,0,0,77.7,1
38,24,0,0,1,0,0,0,0,0,77.7,1
38,36,0,0,1,0,0,0,0,0,77.7,1
39,0,1,500,1,250,12,1,.,0,95.4,0
39,0.5,0,0,1,0,0,0,0,0,95.4,0
39,1,0,0,1,0,0,0,0,0,95.4,0
39,2,0,0,1,0,0,0,0,0,95.4,0
39,3,0,0,1,0,0,0,0,0,95.4,0
39,6,0,0,1,0,0,0,0,0,95.4,0
39,9,0,0,1,0,0,0,0,0,95.4,0
39,11.5,0,0,1,0,0,0,0,0,95.4,0
39,12,1,500,1,250,0,0,.,0,95.4,0
39,13,0,0,1,0,0,0,0,0,95.4,0
39,16,0,0,1,0,0,0,0,0,95.4,0
39,24,0,0,1,0,0,0,0,0,95.4,0
39,36,0,0,1,0,0,0,0,0,95.4,0
40,0,1,500,1,250,12,1,.,0,59.6,0
40,0.5,0,0,1,0,0,0,0,0,59.6,0
40,1,0,0,1,0,0,0,0,0,59.6,0
40,2,0,0,1,0,0,0,0,0,59.6,0
40,3,0,0,1,0,0,0,0,0,59.6,0
40,6,0,0,1,0,0,0,0,0,59.6,0
40,9,0,0,1,0,0,0,0,0,59.6,0
40,11.5,0,0,1,0,0,0,0,0,59.6,0
40,12,1,500,1,250,0,0,.,0,59.6,0
40,13,0,0,1,0,0,0,0,0,59.6,0
40,16,0,0,1,0,0,0,0,0,59.6,0
40,24,0,0,1,0,0,0,0,0,59.6,0
40,36,0,0,1,0,0,0,0,0,59.6,0
41,0,1,500,1,250,12,1,.,0,62.4,1
41,0.5,0,0,1,0,0,0,0,0,62.4,1
41,1,0,0,1,0,0,0,0,0,62.4,1
41,2,0,0,1,0,0,0,0,0,62.4,1
41,3,0,0,1,0,0,0,0,0,62.4,1
41,6,0,0,1,0,0,0,0,0,62.4,1
41,9,0,0,1,0,0,0,0,0,62.4,1
41,11.5,0,0,1,0,0,0,0,0,62.4,1
41,12,1,500,1,250,0,0,.,0,62.4,1
41,13,0,0,1,0,0,0,0,0,62.4,1
41,16,0,0,1,0,0,0,0,0,62.4,1
41,24,0,0,1,0,0,0,0,0,62.4,1
41,36,0,0,1,0,0,0,0,0,62.4,1
42,0,1,500,1,250,12,1,.,0,59.8,0
42,0.5,0,0,1,0,0,0,0,0,59.8,0
42,1,0,0,1,0,0,0,0,0,59.8,0
42,2,0,0,1,0,0,0,0,0,59.8,0
42,3,0,0,1,0,0,0,0,0,59.8,0
42,6,0,0,1,0,0,0,0,0,59.8,0
42,9,0,0,1,0,0,0,0,0,59.8,0
42,11.5,0,0,1,0,0,0,0,0,59.8,0
42,12,1,500,1,250,0,0,.,0,59.8,0
42,13,0,0,1,0,0,0,0,0,59.8,0
42,16,0,0,1,0,0,0,0,0,59.8,0
42,24,0,0,1,0,0,0,0,0,59.8,0
42,36,0,0,1,0,0,0,0,0,59.8,0
43,0,1,500,1,250,12,1,.,0,76.4,0
43,0.5,0,0,1,0,0,0,0,0,76.4,0
43,1,0,0,1,0,0,0,0,0,76.4,0
43,2,0,0,1,0,0,0,0,0,76.4,0
43,3,0,0,1,0,0,0,0,0,76.4,0
43,6,0,0,1,0,0,0,0,0,76.4,0
43,9,0,0,1,0,0,0,0,0,76.4,0
43,11.5,0,0,1,0,0,0,0,0,76.4,0
43,12,1,500,1,250,0,0,.,0,76.4,0
43,13,0,0,1,0,0,0,0,0,76.4,0
43,16,0,0,1,0,0,0,0,0,76.4,0
43,24,0,0,1,0,0,0,0,0,76.4,0
43,36,0,0,1,0,0,0,0,0,76.4,0
44,0,1,500,1,250,12,1,.,0,73.6,1
44,0.5,0,0,1,0,0,0,0,0,73.6,1
44,1,0,0,1,0,0,0,0,0,73.6,1
44,2,0,0,1,0,0,0,0,0,73.6,1
44,3,0,0,1,0,0,0,0,0,73.6,1
44,6,0,0,1,0,0,0,0,0,73.6,1
44,9,0,0,1,0,0,0,0,0,73.6,1
44,11.5,0,0,1,0,0,0,0,0,73.6,1
44,12,1,500,1,250,0,0,.,0,73.6,1
44,13,0,0,1,0,0,0,0,0,73.6,1
44,16,0,0,1,0,0,0,0,0,73.6,1
44,24,0,0,1,0,0,0,0,0,73.6,1
44,36,0,0,1,0,0,0,0,0,73.6,1
45,0,1,500,1,250,12,1,.,0,56.2,0
45,0.5,0,0,1,0,0,0,0,0,56.2,0
45,1,0,0,1,0,0,0,0,0,56.2,0
45,2,0,0,1,0,0,0,0,0,56.2,0
45,3,0,0,1,0,0,0,0,0,56.2,0
45,6,0,0,1,0,0,0,0,0,56.2,0
45,9,0,0,1,0,0,0,0,0,56.2,0
45,11.5,0,0,1,0,0,0,0,0,56.2,0
45,12,1,500,1,250,0,0,.,0,56.2,0
45,13,0,0,1,0,0,0,0,0,56.2,0
45,16,0,0,1,0,0,0,0,0,56.2,0
45,24,0,0,1,0,0,0,0,0,56.2,0
45,36,0,0,1,0,0,0,0,0,56.2,0
46,0,1,500,1,250,12,1,.,0,90.9,0
46,0.5,0,0,1,0,0,0,0,0,90.9,0
46,1,0,0,1,0,0,0,0,0,90.9,0
46,2,0,0,1,0,0,0,0,0,90.9,0
46,3,0,0,1,0,0,0,0,0,90.9,0
46,6,0,0,1,0,0,0,0,0,90.9,0
46,9,0,0,1,0,0,0,0,0,90.9,0
46,11.5,0,0,1,0,0,0,0,0,90.9,0
46,12,1,500,1,250,0,0,.,0,90.9,0
46,13,0,0,1,0,0,0,0,0,90.9,0
46,16,0,0,1,0,0,0,0,0,90.9,0
46,24,0,0,1,0,0,0,0,0,90.9,0
46,36,0,0,1,0,0,0,0,0,90.9,0
47,0,1,500,1,250,12,1,.,0,87.5,0
47,0.5,0,0,1,0,0,0,0,0,87.5,0
47,1,0,0,1,0,0,0,0,0,87.5,0
47,2,0,0,1,0,0,0,0,0,87.5,0
47,3,0,0,1,0,0,0,0,0,87.5,0
47,6,0,0,1,0,0,0,0,0,87.5,0
47,9,0,0,1,0,0,0,0,0,87.5,0
47,11.5,0,0,1,0,0,0,0,0,87.5,0
47,12,1,500,1,250,0,0,.,0,87.5,0
47,13,0,0,1,0,0,0,0,0,87.5,0
47,16,0,0,1,0,0,0,0,0,87.5,0
47,24,0,0,1,0,0,0,0,0,87.5,0
47,36,0,0,1,0,0,0,0,0,87.5,0
48,0,1,500,1,250,12,1,.,0,79.7,0
48,0.5,0,0,1,0,0,0,0,0,79.7,0
48,1,0,0,1,0,0,0,0,0,79.7,0
48,2,0,0,1,0,0,0,0,0,79.7,0
48,3,0,0,1,0,0,0,0,0,79.7,0
48,6,0,0,1,0,0,0,0,0,79.7,0
48,9,0,0,1,0,0,0,0,0,79.7,0
48,11.5,0,0,1,0,0,0,0,0,79.7,0
48,12,1,500,1,250,0,0,.,0,79.7,0
48,13,0,0,1,0,0,0,0,0,79.7,0
48,16,0,0,1,0,0,0,0,0,79.7,0
48,24,0,0,1,0,0,0,0,0,79.7,0
48,36,0,0,1,0,0,0,0,0,79.7,0
49,0,1,500,1,250,12,1,.,0,78.9,0
49,0.5,0,0,1,0,0,0,0,0,78.9,0
49,1,0,0,1,0,0,0,0,0,78.9,0
49,2,0,0,1,0,0,0,0,0,78.9,0
49,3,0,0,1,0,0,0,0,0,78.9,0
49,6,0,0,1,0,0,0,0,0,78.9,0
49,9,0,0,1,0,0,0,0,0,78.9,0
49,11.5,0,0,1,0,0,0,0,0,78.9,0
49,12,1,500,1,250,0,0,.,0,78.9,0
49,13,0,0,1,0,0,0,0,0,78.9,0
49,16,0,0,1,0,0,0,0,0,78.9,0
49,24,0,0,1,0,0,0,0,0,78.9,0
49,36,0,0,1,0,0,0,0,0,78.9,0
50,0,1,500,1,250,12,1,.,0,67.8,0
50,0.5,0,0,1,0,0,0,0,0,67.8,0
50,1,0,0,1,0,0,0,0,0,67.8,0
50,2,0,0,1,0,0,0,0,0,67.8,0
50,3,0,0,1,0,0,0,0,0,67.8,0
50,6,0,0,1,0,0,0,0,0,67.8,0
50,9,0,0,1,0,0,0,0,0,67.8,0
50,11.5,0,0,1,0,0,0,0,0,67.8,0
50,12,1,500,1,250,0,0,.,0,67.8,0
50,13,0,0,1,0,0,0,0,0,67.8,0
50,16,0,0,1,0,0,0,0,0,67.8,0
50,24,0,0,1,0,0,0,0,0,67.8,0
50,36,0,0,1,0,0,0,0,0,67.8,0
51,0,1,500,1,250,12,1,.,0,93.6,0
51,0.5,0,0,1,0,0,0,0,0,93.6,0
51,1,0,0,1,0,0,0,0,0,93.6,0
51,2,0,0,1,0,0,0,0,0,93.6,0
51,3,0,0,1,0,0,0,0,0,93.6,0
51,6,0,0,1,0,0,0,0,0,93.6,0
51,9,0,0,1,0,0,0,0,0,93.6,0
51,11.5,0,0,1,0,0,0,0,0,93.6,0
51,12,1,500,1,250,0,0,.,0,93.6,0
51,13,0,0,1,0,0,0,0,0,93.6,0
51,16,0,0,1,0,0,0,0,0,93.6,0
51,24,0,0,1,0,0,0,0,0,93.6,0
51,36,0,0,1,0,0,0,0,0,93.6,0
52,0,1,500,1,250,12,1,.,0,79.6,0
52,0.5,0,0,1,0,0,0,0,0,79.6,0
52,1,0,0,1,0,0,0,0,0,79.6,0
52,2,0,0,1,0,0,0,0,0,79.6,0
52,3,0,0,1,0,0,0,0,0,79.6,0
52,6,0,0,1,0,0,0,0,0,79.6,0
52,9,0,0,1,0,0,0,0,0,79.6,0
52,11.5,0,0,1,0,0,0,0,0,79.6,0
52,12,1,500,1,250,0,0,.,0,79.6,0
52,13,0,0,1,0,0,0,0,0,79.6,0
52,16,0,0,1,0,0,0,0,0,79.6,0
52,24,0,0,1,0,0,0,0,0,79.6,0
52,36,0,0,1,0,0,0,0,0,79.6,0
53,0,1,500,1,250,12,1,.,0,89.8,0
53,0.5,0,0,1,0,0,0,0,0,89.8,0
53,1,0,0,1,0,0,0,0,0,89.8,0
53,2,0,0,1,0,0,0,0,0,89.8,0
53,3,0,0,1,0,0,0,0,0,89.8,0
53,6,0,0,1,0,0,0,0,0,89.8,0
53,9,0,0,1,0,0,0,0,0,89.8,0
53,11.5,0,0,1,0,0,0,0,0,89.8,0
53,12,1,500,1,250,0,0,.,0,89.8,0
53,13,0,0,1,0,0,0,0,0,89.8,0
53,16,0,0,1,0,0,0,0,0,89.8,0
53,24,0,0,1,0,0,0,0,0,89.8,0
53,36,0,0,1,0,0,0,0,0,89.8,0
54,0,1,500,1,250,12,1,.,0,64.3,0
54,0.5,0,0,1,0,0,0,0,0,64.3,0
54,1,0,0,1,0,0,0,0,0,64.3,0
54,2,0,0,1,0,0,0,0,0,64.3,0
54,3,0,0,1,0,0,0,0,0,64.3,0
54,6,0,0,1,0,0,0,0,0,64.3,0
54,9,0,0,1,0,0,0,0,0,64.3,0
54,11.5,0,0,1,0,0,0,0,0,64.3,0
54,12,1,500,1,250,0,0,.,0,64.3,0
54,13,0,0,1,0,0,0,0,0,64.3,0
54,16,0,0,1,0,0,0,0,0,64.3,0
54,24,0,0,1,0,0,0,0,0,64.3,0
54,36,0,0,1,0,0,0,0,0,64.3,0
55,0,1,500,1,250,12,1,.,0,99.0,1
55,0.5,0,0,1,0,0,0,0,0,99.0,1
55,1,0,0,1,0,0,0,0,0,99.0,1
55,2,0,0,1,0,0,0,0,0,99.0,1
55,3,0,0,1,0,0,0,0,0,99.0,1
55,6,0,0,1,0,0,0,0,0,99.0,1
55,9,0,0,1,0,0,0,0,0,99.0,1
55,11.5,0,0,1,0,0,0,0,0,99.0,1
55,12,1,500,1,250,0,0,.,0,99.0,1
55,13,0,0,1,0,0,0,0,0,99.0,1
55,16,0,0,1,0,0,0,0,0,99.0,1
55,24,0,0,1,0,0,0,0,0,99.0,1
55,36,0,0,1,0,0,0,0,0,99.0,1
56,0,1,500,1,250,12,1,.,0,78.6,1
56,0.5,0,0,1,0,0,0,0,0,78.6,1
56,1,0,0,1,0,0,0,0,0,78.6,1
56,2,0,0,1,0,0,0,0,0,78.6,1
56,3,0,0,1,0,0,0,0,0,78.6,1
56,6,0,0,1,0,0,0,0,0,78.6,1
56,9,0,0,1,0,0,0,0,0,78.6,1
56,11.5,0,0,1,0,0,0,0,0,78.6,1
56,12,1,500,1,250,0,0,.,0,78.6,1
56,13,0,0,1,0,0,0,0,0,78.6,1
56,16,0,0,1,0,0,0,0,0,78.6,1
56,24,0,0,1,0,0,0,0,0,78.6,1
56,36,0,0,1,0,0,0,0,0,78.6,1
57,0,1,500,1,250,12,1,.,0,78.7,0
57,0.5,0,0,1,0,0,0,0,0,78.7,0
57,1,0,0,1,0,0,0,0,0,78.7,0
57,2,0,0,1,0,0,0,0,0,78.7,0
57,3,0,0,1,0,0,0,0,0,78.7,0
57,6,0,0,1,0,0,0,0,0,78.7,0
57,9,0,0,1,0,0,0,0,0,78.7,0
57,11.5,0,0,1,0,0,0,0,0,78.7,0
57,12,1,500,1,250,0,0,.,0,78.7,0
57,13,0,0,1,0,0,0,0,0,78.7,0
57,16,0,0,1,0,0,0,0,0,78.7,0
57,24,0,0,1,0,0,0,0,0,78.7,0
57,36,0,0,1,0,0,0,0,0,78.7,0
58,0,1,500,1,250,12,1,.,0,60.5,0
58,0.5,0,0,1,0,0,0,0,0,60.5,0
58,1,0,0,1,0,0,0,0,0,60.5,0
58,2,0,0,1,0,0,0,0,0,60.5,0
58,3,0,0,1,0,0,0,0,0,60.5,0
58,6,0,0,1,0,0,0,0,0,60.5,0
58,9,0,0,1,0,0,0,0,0,60.5,0
58,11.5,0,0,1,0,0,0,0,0,60.5,0
58,12,1,500,1,250,0,0,.,0,60.5,0
58,13,0,0,1,0,0,0,0,0,60.5,0
58,16,0,0,1,0,0,0,0,0,60.5,0
58,24,0,0,1,0,0,0,0,0,60.5,0
58,36,0,0,1,0,0,0,0,0,60.5,0
59,0,1,500,1,250,12,1,.,0,81.3,0
59,0.5,0,0,1,0,0,0,0,0,81.3,0
59,1,0,0,1,0,0,0,0,0,81.3,0
59,2,0,0,1,0,0,0,0,0,81.3,0
59,3,0,0,1,0,0,0,0,0,81.3,0
59,6,0,0,1,0,0,0,0,0,81.3,0
59,9,0,0,1,0,0,0,0,0,81.3,0
59,11.5,0,0,1,0,0,0,0,0,81.3,0
59,12,1,500,1,250,0,0,.,0,81.3,0
59,13,0,0,1,0,0,0,0,0,81.3,0
59,16,0,0,1,0,0,0,0,0,81.3,0
59,24,0,0,1,0,0,0,0,0,81.3,0
59,36,0,0,1,0,0,0,0,0,81.3,0
60,0,1,500,1,250,12,1,.,0,89.0,1
60,0.5,0,0,1,0,0,0,0,0,89.0,1
60,1,0,0,1,0,0,0,0,0,89.0,1
60,2,0,0,1,0,0,0,0,0,89.0,1
60,3,0,0,1,0,0,0,0,0,89.0,1
60,6,0,0,1,0,0,0,0,0,89.0,1
60,9,0,0,1,0,0,0,0,0,89.0,1
60,11.5,0,0,1,0,0,0,0,0,89.0,1
60,12,1,500,1,250,0,0,.,0,89.0,1
60,13,0,0,1,0,0,0,0,0,89.0,1
60,16,0,0,1,0,0,0,0,0,89.0,1
60,24,0,0,1,0,0,0,0,0,89.0,1
60,36,0,0,1,0,0,0,0,0,89.0,1