ID,TIME,EVID,AMT,CMT,RATE,II,SS,DV,CENS
1,0.0,1,600.0,1,0.0,0.0,0,.,0
1,0.25,0,0.0,1,0.0,0.0,0,27.011,0
1,0.5,0,0.0,1,0.0,0.0,0,25.6773,0
1,1.0,0,0.0,1,0.0,0.0,0,17.9631,0
1,2.0,0,0.0,1,0.0,0.0,0,17.7286,0
1,4.0,0,0.0,1,0.0,0.0,0,13.509,0
1,6.0,0,0.0,1,0.0,0.0,0,8.38139,0
1,8.0,0,0.0,1,0.0,0.0,0,5.8204,0
1,12.0,0,0.0,1,0.0,0.0,0,0.855001,0
1,16.0,0,0.0,1,0.0,0.0,0,0.0191893,0
1,24.0,0,0.0,1,0.0,0.0,0,-0.0407786,0
2,0.0,1,900.0,1,0.0,0.0,0,.,0
2,0.25,0,0.0,1,0.0,0.0,0,72.3172,0
2,0.5,0,0.0,1,0.0,0.0,0,74.3689,0
2,1.0,0,0.0,1,0.0,0.0,0,75.448,0
2,2.0,0,0.0,1,0.0,0.0,0,62.9246,0
2,4.0,0,0.0,1,0.0,0.0,0,66.3148,0
2,6.0,0,0.0,1,0.0,0.0,0,52.1405,0
2,8.0,0,0.0,1,0.0,0.0,0,48.1359,0
2,12.0,0,0.0,1,0.0,0.0,0,26.0377,0
2,16.0,0,0.0,1,0.0,0.0,0,17.6901,0
2,24.0,0,0.0,1,0.0,0.0,0,0.32691,0
3,0.0,1,300.0,1,0.0,0.0,0,.,0
3,0.25,0,0.0,1,0.0,0.0,0,11.613,0
3,0.5,0,0.0,1,0.0,0.0,0,14.1014,0
3,1.0,0,0.0,1,0.0,0.0,0,11.6176,0
3,2.0,0,0.0,1,0.0,0.0,0,13.3746,0
3,4.0,0,0.0,1,0.0,0.0,0,8.4767,0
3,6.0,0,0.0,1,0.0,0.0,0,5.62065,0
3,8.0,0,0.0,1,0.0,0.0,0,3.86314,0
3,12.0,0,0.0,1,0.0,0.0,0,1.43606,0
3,16.0,0,0.0,1,0.0,0.0,0,0.387974,0
3,24.0,0,0.0,1,0.0,0.0,0,0.0570457,0
4,0.0,1,600.0,1,0.0,0.0,0,.,0
4,0.25,0,0.0,1,0.0,0.0,0,39.1556,0
4,0.5,0,0.0,1,0.0,0.0,0,37.1077,0
4,1.0,0,0.0,1,0.0,0.0,0,33.754,0
4,2.0,0,0.0,1,0.0,0.0,0,29.3835,0
4,4.0,0,0.0,1,0.0,0.0,0,24.5328,0
4,6.0,0,0.0,1,0.0,0.0,0,23.3828,0
4,8.0,0,0.0,1,0.0,0.0,0,17.9813,0
4,12.0,0,0.0,1,0.0,0.0,0,12.3958,0
4,16.0,0,0.0,1,0.0,0.0,0,7.25528,0
4,24.0,0,0.0,1,0.0,0.0,0,0.374888,0
5,0.0,1,900.0,1,0.0,0.0,0,.,0
5,0.25,0,0.0,1,0.0,0.0,0,51.4928,0
5,0.5,0,0.0,1,0.0,0.0,0,43.0923,0
5,1.0,0,0.0,1,0.0,0.0,0,52.4498,0
5,2.0,0,0.0,1,0.0,0.0,0,40.9467,0
5,4.0,0,0.0,1,0.0,0.0,0,45.5307,0
5,6.0,0,0.0,1,0.0,0.0,0,34.8214,0
5,8.0,0,0.0,1,0.0,0.0,0,41.1362,0
5,12.0,0,0.0,1,0.0,0.0,0,28.6992,0
5,16.0,0,0.0,1,0.0,0.0,0,22.4029,0
5,24.0,0,0.0,1,0.0,0.0,0,13.0446,0
6,0.0,1,300.0,1,0.0,0.0,0,.,0
6,0.25,0,0.0,1,0.0,0.0,0,10.0888,0
6,0.5,0,0.0,1,0.0,0.0,0,9.05328,0
6,1.0,0,0.0,1,0.0,0.0,0,10.7139,0
6,2.0,0,0.0,1,0.0,0.0,0,9.01383,0
6,4.0,0,0.0,1,0.0,0.0,0,6.5377,0
6,6.0,0,0.0,1,0.0,0.0,0,4.09541,0
6,8.0,0,0.0,1,0.0,0.0,0,2.09448,0
6,12.0,0,0.0,1,0.0,0.0,0,0.471516,0
6,16.0,0,0.0,1,0.0,0.0,0,-0.00834589,0
6,24.0,0,0.0,1,0.0,0.0,0,-0.0791338,0
7,0.0,1,600.0,1,0.0,0.0,0,.,0
7,0.25,0,0.0,1,0.0,0.0,0,36.7195,0
7,0.5,0,0.0,1,0.0,0.0,0,41.9152,0
7,1.0,0,0.0,1,0.0,0.0,0,35.1516,0
7,2.0,0,0.0,1,0.0,0.0,0,37.9231,0
7,4.0,0,0.0,1,0.0,0.0,0,36.5776,0
7,6.0,0,0.0,1,0.0,0.0,0,25.5485,0
7,8.0,0,0.0,1,0.0,0.0,0,21.3844,0
7,12.0,0,0.0,1,0.0,0.0,0,11.6325,0
7,16.0,0,0.0,1,0.0,0.0,0,5.46019,0
7,24.0,0,0.0,1,0.0,0.0,0,0.0386743,0
8,0.0,1,900.0,1,0.0,0.0,0,.,0
8,0.25,0,0.0,1,0.0,0.0,0,42.6946,0
8,0.5,0,0.0,1,0.0,0.0,0,54.4386,0
8,1.0,0,0.0,1,0.0,0.0,0,51.8581,0
8,2.0,0,0.0,1,0.0,0.0,0,46.0616,0
8,4.0,0,0.0,1,0.0,0.0,0,38.8378,0
8,6.0,0,0.0,1,0.0,0.0,0,32.124,0
8,8.0,0,0.0,1,0.0,0.0,0,36.0828,0
8,12.0,0,0.0,1,0.0,0.0,0,28.6504,0
8,16.0,0,0.0,1,0.0,0.0,0,25.9297,0
8,24.0,0,0.0,1,0.0,0.0,0,13.7334,0
9,0.0,1,300.0,1,0.0,0.0,0,.,0
9,0.25,0,0.0,1,0.0,0.0,0,21.9063,0
9,0.5,0,0.0,1,0.0,0.0,0,13.9633,0
9,1.0,0,0.0,1,0.0,0.0,0,13.4637,0
9,2.0,0,0.0,1,0.0,0.0,0,13.8671,0
9,4.0,0,0.0,1,0.0,0.0,0,7.9255,0
9,6.0,0,0.0,1,0.0,0.0,0,3.3234,0
9,8.0,0,0.0,1,0.0,0.0,0,0.908246,0
9,12.0,0,0.0,1,0.0,0.0,0,-0.0809945,0
9,16.0,0,0.0,1,0.0,0.0,0,0.130437,0
9,24.0,0,0.0,1,0.0,0.0,0,-0.0522806,0
10,0.0,1,600.0,1,0.0,0.0,0,.,0
10,0.25,0,0.0,1,0.0,0.0,0,45.3109,0
10,0.5,0,0.0,1,0.0,0.0,0,46.7098,0
10,1.0,0,0.0,1,0.0,0.0,0,35.9175,0
10,2.0,0,0.0,1,0.0,0.0,0,37.7578,0
10,4.0,0,0.0,1,0.0,0.0,0,35.3522,0
10,6.0,0,0.0,1,0.0,0.0,0,37.6536,0
10,8.0,0,0.0,1,0.0,0.0,0,29.1688,0
10,12.0,0,0.0,1,0.0,0.0,0,27.8937,0
10,16.0,0,0.0,1,0.0,0.0,0,17.5477,0
10,24.0,0,0.0,1,0.0,0.0,0,7.03218,0
11,0.0,1,900.0,1,0.0,0.0,0,.,0
11,0.25,0,0.0,1,0.0,0.0,0,36.274,0
11,0.5,0,0.0,1,0.0,0.0,0,38.5696,0
11,1.0,0,0.0,1,0.0,0.0,0,36.8229,0
11,2.0,0,0.0,1,0.0,0.0,0,33.6003,0
11,4.0,0,0.0,1,0.0,0.0,0,30.7667,0
11,6.0,0,0.0,1,0.0,0.0,0,31.0754,0
11,8.0,0,0.0,1,0.0,0.0,0,25.4179,0
11,12.0,0,0.0,1,0.0,0.0,0,28.4257,0
11,16.0,0,0.0,1,0.0,0.0,0,19.3692,0
11,24.0,0,0.0,1,0.0,0.0,0,12.392,0
12,0.0,1,300.0,1,0.0,0.0,0,.,0
12,0.25,0,0.0,1,0.0,0.0,0,13.4994,0
12,0.5,0,0.0,1,0.0,0.0,0,11.7424,0
12,1.0,0,0.0,1,0.0,0.0,0,11.6705,0
12,2.0,0,0.0,1,0.0,0.0,0,10.2567,0
12,4.0,0,0.0,1,0.0,0.0,0,9.09784,0
12,6.0,0,0.0,1,0.0,0.0,0,6.26887,0
12,8.0,0,0.0,1,0.0,0.0,0,4.30002,0
12,12.0,0,0.0,1,0.0,0.0,0,1.75816,0
12,16.0,0,0.0,1,0.0,0.0,0,0.69692,0
12,24.0,0,0.0,1,0.0,0.0,0,0.0275695,0
13,0.0,1,600.0,1,0.0,0.0,0,.,0
13,0.25,0,0.0,1,0.0,0.0,0,42.4043,0
13,0.5,0,0.0,1,0.0,0.0,0,36.4557,0
13,1.0,0,0.0,1,0.0,0.0,0,30.4258,0
13,2.0,0,0.0,1,0.0,0.0,0,34.6528,0
13,4.0,0,0.0,1,0.0,0.0,0,30.4433,0
13,6.0,0,0.0,1,0.0,0.0,0,25.142,0
13,8.0,0,0.0,1,0.0,0.0,0,23.9648,0
13,12.0,0,0.0,1,0.0,0.0,0,17.2947,0
13,16.0,0,0.0,1,0.0,0.0,0,12.301,0
13,24.0,0,0.0,1,0.0,0.0,0,2.27568,0
14,0.0,1,900.0,1,0.0,0.0,0,.,0
14,0.25,0,0.0,1,0.0,0.0,0,46.6065,0
14,0.5,0,0.0,1,0.0,0.0,0,34.0851,0
14,1.0,0,0.0,1,0.0,0.0,0,34.9086,0
14,2.0,0,0.0,1,0.0,0.0,0,43.762,0
14,4.0,0,0.0,1,0.0,0.0,0,31.3777,0
14,6.0,0,0.0,1,0.0,0.0,0,22.7411,0
14,8.0,0,0.0,1,0.0,0.0,0,23.9888,0
14,12.0,0,0.0,1,0.0,0.0,0,14.7253,0
14,16.0,0,0.0,1,0.0,0.0,0,12.0458,0
14,24.0,0,0.0,1,0.0,0.0,0,2.08438,0
15,0.0,1,300.0,1,0.0,0.0,0,.,0
15,0.25,0,0.0,1,0.0,0.0,0,18.6998,0
15,0.5,0,0.0,1,0.0,0.0,0,18.0282,0
15,1.0,0,0.0,1,0.0,0.0,0,15.3174,0
15,2.0,0,0.0,1,0.0,0.0,0,12.9424,0
15,4.0,0,0.0,1,0.0,0.0,0,10.8506,0
15,6.0,0,0.0,1,0.0,0.0,0,7.00806,0
15,8.0,0,0.0,1,0.0,0.0,0,3.69497,0
15,12.0,0,0.0,1,0.0,0.0,0,0.381068,0
15,16.0,0,0.0,1,0.0,0.0,0,-0.028193,0
15,24.0,0,0.0,1,0.0,0.0,0,0.253343,0
16,0.0,1,600.0,1,0.0,0.0,0,.,0
16,0.25,0,0.0,1,0.0,0.0,0,31.7314,0
16,0.5,0,0.0,1,0.0,0.0,0,31.491,0
16,1.0,0,0.0,1,0.0,0.0,0,25.9466,0
16,2.0,0,0.0,1,0.0,0.0,0,30.5199,0
16,4.0,0,0.0,1,0.0,0.0,0,18.5284,0
16,6.0,0,0.0,1,0.0,0.0,0,17.7881,0
16,8.0,0,0.0,1,0.0,0.0,0,14.9639,0
16,12.0,0,0.0,1,0.0,0.0,0,8.75604,0
16,16.0,0,0.0,1,0.0,0.0,0,2.07343,0
16,24.0,0,0.0,1,0.0,0.0,0,0.0580451,0
17,0.0,1,900.0,1,0.0,0.0,0,.,0
17,0.25,0,0.0,1,0.0,0.0,0,58.6249,0
17,0.5,0,0.0,1,0.0,0.0,0,57.6512,0
17,1.0,0,0.0,1,0.0,0.0,0,53.5195,0
17,2.0,0,0.0,1,0.0,0.0,0,54.029,0
17,4.0,0,0.0,1,0.0,0.0,0,43.3409,0
17,6.0,0,0.0,1,0.0,0.0,0,45.9938,0
17,8.0,0,0.0,1,0.0,0.0,0,33.518,0
17,12.0,0,0.0,1,0.0,0.0,0,31.2426,0
17,16.0,0,0.0,1,0.0,0.0,0,15.5676,0
17,24.0,0,0.0,1,0.0,0.0,0,4.26717,0
18,0.0,1,300.0,1,0.0,0.0,0,.,0
18,0.25,0,0.0,1,0.0,0.0,0,17.7354,0
18,0.5,0,0.0,1,0.0,0.0,0,16.3809,0
18,1.0,0,0.0,1,0.0,0.0,0,15.4513,0
18,2.0,0,0.0,1,0.0,0.0,0,15.3108,0
18,4.0,0,0.0,1,0.0,0.0,0,14.2493,0
18,6.0,0,0.0,1,0.0,0.0,0,10.048,0
18,8.0,0,0.0,1,0.0,0.0,0,7.98112,0
18,12.0,0,0.0,1,0.0,0.0,0,4.56799,0
18,16.0,0,0.0,1,0.0,0.0,0,1.29939,0
18,24.0,0,0.0,1,0.0,0.0,0,-0.00464926,0
19,0.0,1,600.0,1,0.0,0.0,0,.,0
19,0.25,0,0.0,1,0.0,0.0,0,35.4774,0
19,0.5,0,0.0,1,0.0,0.0,0,39.0205,0
19,1.0,0,0.0,1,0.0,0.0,0,26.683,0
19,2.0,0,0.0,1,0.0,0.0,0,29.5988,0
19,4.0,0,0.0,1,0.0,0.0,0,28.002,0
19,6.0,0,0.0,1,0.0,0.0,0,22.8649,0
19,8.0,0,0.0,1,0.0,0.0,0,18.2695,0
19,12.0,0,0.0,1,0.0,0.0,0,15.1142,0
19,16.0,0,0.0,1,0.0,0.0,0,5.89929,0
19,24.0,0,0.0,1,0.0,0.0,0,0.591531,0
20,0.0,1,900.0,1,0.0,0.0,0,.,0
20,0.25,0,0.0,1,0.0,0.0,0,34.9256,0
20,0.5,0,0.0,1,0.0,0.0,0,30.2645,0
20,1.0,0,0.0,1,0.0,0.0,0,40.9708,0
20,2.0,0,0.0,1,0.0,0.0,0,30.9424,0
20,4.0,0,0.0,1,0.0,0.0,0,34.5869,0
20,6.0,0,0.0,1,0.0,0.0,0,30.9689,0
20,8.0,0,0.0,1,0.0,0.0,0,25.2544,0
20,12.0,0,0.0,1,0.0,0.0,0,29.7369,0
20,16.0,0,0.0,1,0.0,0.0,0,20.1213,0
20,24.0,0,0.0,1,0.0,0.0,0,14.2282,0
21,0.0,1,300.0,1,0.0,0.0,0,.,0
21,0.25,0,0.0,1,0.0,0.0,0,14.0774,0
21,0.5,0,0.0,1,0.0,0.0,0,15.9035,0
21,1.0,0,0.0,1,0.0,0.0,0,14.0693,0
21,2.0,0,0.0,1,0.0,0.0,0,12.7232,0
21,4.0,0,0.0,1,0.0,0.0,0,8.87046,0
21,6.0,0,0.0,1,0.0,0.0,0,4.47158,0
21,8.0,0,0.0,1,0.0,0.0,0,2.79406,0
21,12.0,0,0.0,1,0.0,0.0,0,0.328299,0
21,16.0,0,0.0,1,0.0,0.0,0,0.211266,0
21,24.0,0,0.0,1,0.0,0.0,0,0.0792079,0
22,0.0,1,600.0,1,0.0,0.0,0,.,0
22,0.25,0,0.0,1,0.0,0.0,0,25.1344,0
22,0.5,0,0.0,1,0.0,0.0,0,31.7711,0
22,1.0,0,0.0,1,0.0,0.0,0,27.149,0
22,2.0,0,0.0,1,0.0,0.0,0,22.7192,0
22,4.0,0,0.0,1,0.0,0.0,0,19.1695,0
22,6.0,0,0.0,1,0.0,0.0,0,10.2661,0
22,8.0,0,0.0,1,0.0,0.0,0,8.38663,0
22,12.0,0,0.0,1,0.0,0.0,0,1.49199,0
22,16.0,0,0.0,1,0.0,0.0,0,0.0239513,0
22,24.0,0,0.0,1,0.0,0.0,0,-0.015632,0
23,0.0,1,900.0,1,0.0,0.0,0,.,0
23,0.25,0,0.0,1,0.0,0.0,0,36.3346,0
23,0.5,0,0.0,1,0.0,0.0,0,33.9813,0
23,1.0,0,0.0,1,0.0,0.0,0,31.233,0
23,2.0,0,0.0,1,0.0,0.0,0,32.7382,0
23,4.0,0,0.0,1,0.0,0.0,0,26.696,0
23,6.0,0,0.0,1,0.0,0.0,0,24.6605,0
23,8.0,0,0.0,1,0.0,0.0,0,22.2264,0
23,12.0,0,0.0,1,0.0,0.0,0,13.4599,0
23,16.0,0,0.0,1,0.0,0.0,0,9.93733,0
23,24.0,0,0.0,1,0.0,0.0,0,2.29314,0
24,0.0,1,300.0,1,0.0,0.0,0,.,0
24,0.25,0,0.0,1,0.0,0.0,0,17.6425,0
24,0.5,0,0.0,1,0.0,0.0,0,17.8786,0
24,1.0,0,0.0,1,0.0,0.0,0,12.951,0
24,2.0,0,0.0,1,0.0,0.0,0,11.6931,0
24,4.0,0,0.0,1,0.0,0.0,0,11.0509,0
24,6.0,0,0.0,1,0.0,0.0,0,5.65368,0
24,8.0,0,0.0,1,0.0,0.0,0,2.99771,0
24,12.0,0,0.0,1,0.0,0.0,0,0.486043,0
24,16.0,0,0.0,1,0.0,0.0,0,0.101628,0
24,24.0,0,0.0,1,0.0,0.0,0,0.205777,0
25,0.0,1,600.0,1,0.0,0.0,0,.,0
25,0.25,0,0.0,1,0.0,0.0,0,16.8807,0
25,0.5,0,0.0,1,0.0,0.0,0,16.8472,0
25,1.0,0,0.0,1,0.0,0.0,0,19.2047,0
25,2.0,0,0.0,1,0.0,0.0,0,15.752,0
25,4.0,0,0.0,1,0.0,0.0,0,13.0586,0
25,6.0,0,0.0,1,0.0,0.0,0,11.4348,0
25,8.0,0,0.0,1,0.0,0.0,0,7.50791,0
25,12.0,0,0.0,1,0.0,0.0,0,2.48786,0
25,16.0,0,0.0,1,0.0,0.0,0,0.401,0
25,24.0,0,0.0,1,0.0,0.0,0,0.150006,0
26,0.0,1,900.0,1,0.0,0.0,0,.,0
26,0.25,0,0.0,1,0.0,0.0,0,47.1583,0
26,0.5,0,0.0,1,0.0,0.0,0,48.1829,0
26,1.0,0,0.0,1,0.0,0.0,0,41.031,0
26,2.0,0,0.0,1,0.0,0.0,0,43.4193,0
26,4.0,0,0.0,1,0.0,0.0,0,38.3166,0
26,6.0,0,0.0,1,0.0,0.0,0,41.0201,0
26,8.0,0,0.0,1,0.0,0.0,0,32.5567,0
26,12.0,0,0.0,1,0.0,0.0,0,26.0839,0
26,16.0,0,0.0,1,0.0,0.0,0,17.4563,0
26,24.0,0,0.0,1,0.0,0.0,0,11.1026,0
27,0.0,1,300.0,1,0.0,0.0,0,.,0
27,0.25,0,0.0,1,0.0,0.0,0,15.0584,0
27,0.5,0,0.0,1,0.0,0.0,0,16.028,0
27,1.0,0,0.0,1,0.0,0.0,0,14.5196,0
27,2.0,0,0.0,1,0.0,0.0,0,14.6555,0
27,4.0,0,0.0,1,0.0,0.0,0,11.5919,0
27,6.0,0,0.0,1,0.0,0.0,0,9.11651,0
27,8.0,0,0.0,1,0.0,0.0,0,7.29963,0
27,12.0,0,0.0,1,0.0,0.0,0,3.24843,0
27,16.0,0,0.0,1,0.0,0.0,0,1.35127,0
27,24.0,0,0.0,1,0.0,0.0,0,-0.00187885,0
28,0.0,1,600.0,1,0.0,0.0,0,.,0
28,0.25,0,0.0,1,0.0,0.0,0,28.0027,0
28,0.5,0,0.0,1,0.0,0.0,0,29.6757,0
28,1.0,0,0.0,1,0.0,0.0,0,24.6439,0
28,2.0,0,0.0,1,0.0,0.0,0,30.0638,0
28,4.0,0,0.0,1,0.0,0.0,0,28.4273,0
28,6.0,0,0.0,1,0.0,0.0,0,21.8041,0
28,8.0,0,0.0,1,0.0,0.0,0,21.4266,0
28,12.0,0,0.0,1,0.0,0.0,0,18.7943,0
28,16.0,0,0.0,1,0.0,0.0,0,14.4526,0
28,24.0,0,0.0,1,0.0,0.0,0,5.73284,0
29,0.0,1,900.0,1,0.0,0.0,0,.,0
29,0.25,0,0.0,1,0.0,0.0,0,62.0108,0
29,0.5,0,0.0,1,0.0,0.0,0,86.0833,0
29,1.0,0,0.0,1,0.0,0.0,0,69.9361,0
29,2.0,0,0.0,1,0.0,0.0,0,80.8412,0
29,4.0,0,0.0,1,0.0,0.0,0,62.7926,0
29,6.0,0,0.0,1,0.0,0.0,0,50.4426,0
29,8.0,0,0.0,1,0.0,0.0,0,58.16,0
29,12.0,0,0.0,1,0.0,0.0,0,44.2585,0
29,16.0,0,0.0,1,0.0,0.0,0,25.7188,0
29,24.0,0,0.0,1,0.0,0.0,0,7.13955,0
30,0.0,1,300.0,1,0.0,0.0,0,.,0
30,0.25,0,0.0,1,0.0,0.0,0,8.97619,0
30,0.5,0,0.0,1,0.0,0.0,0,7.73365,0
30,1.0,0,0.0,1,0.0,0.0,0,6.39115,0
30,2.0,0,0.0,1,0.0,0.0,0,7.39758,0
30,4.0,0,0.0,1,0.0,0.0,0,5.87324,0
30,6.0,0,0.0,1,0.0,0.0,0,4.49641,0
30,8.0,0,0.0,1,0.0,0.0,0,3.95636,0
30,12.0,0,0.0,1,0.0,0.0,0,1.75036,0
30,16.0,0,0.0,1,0.0,0.0,0,0.795659,0
30,24.0,0,0.0,1,0.0,0.0,0,0.12323,0
31,0.0,1,600.0,1,0.0,0.0,0,.,0
31,0.25,0,0.0,1,0.0,0.0,0,25.0084,0
31,0.5,0,0.0,1,0.0,0.0,0,25.453,0
31,1.0,0,0.0,1,0.0,0.0,0,24.0956,0
31,2.0,0,0.0,1,0.0,0.0,0,21.8221,0
31,4.0,0,0.0,1,0.0,0.0,0,16.2406,0
31,6.0,0,0.0,1,0.0,0.0,0,14.9769,0
31,8.0,0,0.0,1,0.0,0.0,0,9.56175,0
31,12.0,0,0.0,1,0.0,0.0,0,2.8275,0
31,16.0,0,0.0,1,0.0,0.0,0,0.24181,0
31,24.0,0,0.0,1,0.0,0.0,0,0.161591,0
32,0.0,1,900.0,1,0.0,0.0,0,.,0
32,0.25,0,0.0,1,0.0,0.0,0,54.8536,0
32,0.5,0,0.0,1,0.0,0.0,0,49.7234,0
32,1.0,0,0.0,1,0.0,0.0,0,46.0369,0
32,2.0,0,0.0,1,0.0,0.0,0,45.6982,0
32,4.0,0,0.0,1,0.0,0.0,0,47.9055,0
32,6.0,0,0.0,1,0.0,0.0,0,40.8688,0
32,8.0,0,0.0,1,0.0,0.0,0,30.0868,0
32,12.0,0,0.0,1,0.0,0.0,0,20.8524,0
32,16.0,0,0.0,1,0.0,0.0,0,18.7312,0
32,24.0,0,0.0,1,0.0,0.0,0,4.45298,0
33,0.0,1,300.0,1,0.0,0.0,0,.,0
33,0.25,0,0.0,1,0.0,0.0,0,15.2803,0
33,0.5,0,0.0,1,0.0,0.0,0,17.1635,0
33,1.0,0,0.0,1,0.0,0.0,0,15.6986,0
33,2.0,0,0.0,1,0.0,0.0,0,12.1574,0
33,4.0,0,0.0,1,0.0,0.0,0,6.68489,0
33,6.0,0,0.0,1,0.0,0.0,0,2.34293,0
33,8.0,0,0.0,1,0.0,0.0,0,0.768981,0
33,12.0,0,0.0,1,0.0,0.0,0,-0.207072,0
33,16.0,0,0.0,1,0.0,0.0,0,0.0966886,0
33,24.0,0,0.0,1,0.0,0.0,0,-0.0342178,0
34,0.0,1,600.0,1,0.0,0.0,0,.,0
34,0.25,0,0.0,1,0.0,0.0,0,32.1407,0
34,0.5,0,0.0,1,0.0,0.0,0,35.0531,0
34,1.0,0,0.0,1,0.0,0.0,0,30.0344,0
34,2.0,0,0.0,1,0.0,0.0,0,26.8462,0
34,4.0,0,0.0,1,0.0,0.0,0,20.9199,0
34,6.0,0,0.0,1,0.0,0.0,0,14.2075,0
34,8.0,0,0.0,1,0.0,0.0,0,7.09889,0
34,12.0,0,0.0,1,0.0,0.0,0,1.06974,0
34,16.0,0,0.0,1,0.0,0.0,0,-0.113779,0
34,24.0,0,0.0,1,0.0,0.0,0,0.0670888,0
35,0.0,1,900.0,1,0.0,0.0,0,.,0
35,0.25,0,0.0,1,0.0,0.0,0,43.8594,0
35,0.5,0,0.0,1,0.0,0.0,0,62.8674,0
35,1.0,0,0.0,1,0.0,0.0,0,50.5752,0
35,2.0,0,0.0,1,0.0,0.0,0,47.3017,0
35,4.0,0,0.0,1,0.0,0.0,0,44.49,0
35,6.0,0,0.0,1,0.0,0.0,0,39.0744,0
35,8.0,0,0.0,1,0.0,0.0,0,49.1883,0
35,12.0,0,0.0,1,0.0,0.0,0,34.0695,0
35,16.0,0,0.0,1,0.0,0.0,0,25.4543,0
35,24.0,0,0.0,1,0.0,0.0,0,15.1447,0
36,0.0,1,300.0,1,0.0,0.0,0,.,0
36,0.25,0,0.0,1,0.0,0.0,0,18.8177,0
36,0.5,0,0.0,1,0.0,0.0,0,19.1012,0
36,1.0,0,0.0,1,0.0,0.0,0,17.0742,0
36,2.0,0,0.0,1,0.0,0.0,0,15.8615,0
36,4.0,0,0.0,1,0.0,0.0,0,9.43415,0
36,6.0,0,0.0,1,0.0,0.0,0,9.27888,0
36,8.0,0,0.0,1,0.0,0.0,0,4.63669,0
36,12.0,0,0.0,1,0.0,0.0,0,1.34353,0
36,16.0,0,0.0,1,0.0,0.0,0,0.0861049,0
36,24.0,0,0.0,1,0.0,0.0,0,-0.0918086,0
37,0.0,1,600.0,1,0.0,0.0,0,.,0
37,0.25,0,0.0,1,0.0,0.0,0,28.1012,0
37,0.5,0,0.0,1,0.0,0.0,0,31.9771,0
37,1.0,0,0.0,1,0.0,0.0,0,24.1481,0
37,2.0,0,0.0,1,0.0,0.0,0,26.6491,0
37,4.0,0,0.0,1,0.0,0.0,0,22.0761,0
37,6.0,0,0.0,1,0.0,0.0,0,16.9618,0
37,8.0,0,0.0,1,0.0,0.0,0,11.0651,0
37,12.0,0,0.0,1,0.0,0.0,0,5.55708,0
37,16.0,0,0.0,1,0.0,0.0,0,0.861552,0
37,24.0,0,0.0,1,0.0,0.0,0,0.0406375,0
38,0.0,1,900.0,1,0.0,0.0,0,.,0
38,0.25,0,0.0,1,0.0,0.0,0,32.3264,0
38,0.5,0,0.0,1,0.0,0.0,0,36.8572,0
38,1.0,0,0.0,1,0.0,0.0,0,30.4654,0
38,2.0,0,0.0,1,0.0,0.0,0,34.4579,0
38,4.0,0,0.0,1,0.0,0.0,0,28.0914,0
38,6.0,0,0.0,1,0.0,0.0,0,24.6591,0
38,8.0,0,0.0,1,0.0,0.0,0,27.5342,0
38,12.0,0,0.0,1,0.0,0.0,0,22.2871,0
38,16.0,0,0.0,1,0.0,0.0,0,18.1066,0
38,24.0,0,0.0,1,0.0,0.0,0,7.19986,0
39,0.0,1,300.0,1,0.0,0.0,0,.,0
39,0.25,0,0.0,1,0.0,0.0,0,11.4419,0
39,0.5,0,0.0,1,0.0,0.0,0,12.7369,0
39,1.0,0,0.0,1,0.0,0.0,0,11.1644,0
39,2.0,0,0.0,1,0.0,0.0,0,11.3256,0
39,4.0,0,0.0,1,0.0,0.0,0,7.19643,0
39,6.0,0,0.0,1,0.0,0.0,0,4.95736,0
39,8.0,0,0.0,1,0.0,0.0,0,2.94043,0
39,12.0,0,0.0,1,0.0,0.0,0,1.67629,0
39,16.0,0,0.0,1,0.0,0.0,0,0.434185,0
39,24.0,0,0.0,1,0.0,0.0,0,0.0683959,0
40,0.0,1,600.0,1,0.0,0.0,0,.,0
40,0.25,0,0.0,1,0.0,0.0,0,24.7652,0
40,0.5,0,0.0,1,0.0,0.0,0,26.8553,0
40,1.0,0,0.0,1,0.0,0.0,0,24.7736,0
40,2.0,0,0.0,1,0.0,0.0,0,21.7488,0
40,4.0,0,0.0,1,0.0,0.0,0,15.2939,0
40,6.0,0,0.0,1,0.0,0.0,0,17.2062,0
40,8.0,0,0.0,1,0.0,0.0,0,14.3586,0
40,12.0,0,0.0,1,0.0,0.0,0,7.78452,0
40,16.0,0,0.0,1,0.0,0.0,0,3.81562,0
40,24.0,0,0.0,1,0.0,0.0,0,0.243376,0