ID,TIME,AMT,DV,EVID,MDV,CMT,WT
1,0.0,100.0,.,1,1,1,
1,0.25,.,1.9573390024191237,0,0,1,
1,0.5,.,2.2878712403132786,0,0,1,
1,1.0,.,1.6064788361126574,0,0,1,
1,2.0,.,1.909748752677161,0,0,1,
1,4.0,.,0.9177732763711791,0,0,1,
1,6.0,.,1.1101515755632567,0,0,1,
1,8.0,.,0.9057992573053641,0,0,1,
1,12.0,.,0.6775363824719016,0,0,1,
1,18.0,.,0.26764443314092334,0,0,1,
1,24.0,.,0.2203232599203173,0,0,1,
2,0.0,100.0,.,1,1,1,
2,0.25,.,1.5866699381636826,0,0,1,
2,0.5,.,2.2579457757268595,0,0,1,
2,1.0,.,2.1958514218900063,0,0,1,
2,2.0,.,2.288061161445191,0,0,1,
2,4.0,.,1.4107618928910044,0,0,1,
2,6.0,.,1.0210957511640504,0,0,1,
2,8.0,.,1.1060166577687354,0,0,1,
2,12.0,.,0.8882070999530439,0,0,1,
2,18.0,.,0.5267415338661977,0,0,1,
2,24.0,.,0.18534941582515335,0,0,1,
3,0.0,100.0,.,1,1,1,
3,0.25,.,2.1111919555450678,0,0,1,
3,0.5,.,1.9221431887260696,0,0,1,
3,1.0,.,1.8358025337156991,0,0,1,
3,2.0,.,1.6493123303297923,0,0,1,
3,4.0,.,2.241139920251918,0,0,1,
3,6.0,.,1.3381999865138396,0,0,1,
3,8.0,.,1.1966629915689229,0,0,1,
3,12.0,.,1.0694148456176102,0,0,1,
3,18.0,.,0.7413813703142423,0,0,1,
3,24.0,.,0.32898671005020397,0,0,1,
4,0.0,100.0,.,1,1,1,
4,0.25,.,3.1936623845142544,0,0,1,
4,0.5,.,3.1124239997640726,0,0,1,
4,1.0,.,2.7670460328418782,0,0,1,
4,2.0,.,1.9269641212203965,0,0,1,
4,4.0,.,2.2164043297261293,0,0,1,
4,6.0,.,1.122945359493759,0,0,1,
4,8.0,.,1.1368645441776422,0,0,1,
4,12.0,.,0.7016668474497721,0,0,1,
4,18.0,.,0.24238432236183696,0,0,1,
4,24.0,.,0.1285852131468796,0,0,1,
5,0.0,100.0,.,1,1,1,
5,0.25,.,2.0131902529894132,0,0,1,
5,0.5,.,2.4766812510744445,0,0,1,
5,1.0,.,2.437925918190699,0,0,1,
5,2.0,.,2.0789947681400607,0,0,1,
5,4.0,.,2.1938666939173634,0,0,1,
5,6.0,.,1.7347825530627223,0,0,1,
5,8.0,.,1.4979925371964982,0,0,1,
5,12.0,.,0.8521677396218407,0,0,1,
5,18.0,.,0.3368640154967362,0,0,1,
5,24.0,.,0.23130936265152394,0,0,1,
6,0.0,100.0,.,1,1,1,
6,0.25,.,2.520302084986242,0,0,1,
6,0.5,.,2.826012570434886,0,0,1,
6,1.0,.,1.6982935356595452,0,0,1,
6,2.0,.,1.3365501705714362,0,0,1,
6,4.0,.,1.432794710550523,0,0,1,
6,6.0,.,1.5074663239083255,0,0,1,
6,8.0,.,1.4812310886247446,0,0,1,
6,12.0,.,0.7965315796087765,0,0,1,
6,18.0,.,0.551157051782433,0,0,1,
6,24.0,.,0.27756315397469233,0,0,1,
7,0.0,100.0,.,1,1,1,
7,0.25,.,2.060637607133482,0,0,1,
7,0.5,.,1.6864496150127308,0,0,1,
7,1.0,.,1.9466203558353963,0,0,1,
7,2.0,.,1.8306512541182893,0,0,1,
7,4.0,.,1.2943758945003845,0,0,1,
7,6.0,.,1.0184985462394098,0,0,1,
7,8.0,.,0.8027871817277464,0,0,1,
7,12.0,.,0.3389054664381525,0,0,1,
7,18.0,.,0.21845654007581783,0,0,1,
7,24.0,.,0.09959630377852687,0,0,1,
8,0.0,100.0,.,1,1,1,
8,0.25,.,3.128860218322252,0,0,1,
8,0.5,.,2.8642800729945814,0,0,1,
8,1.0,.,2.3336136211542957,0,0,1,
8,2.0,.,2.130461391230048,0,0,1,
8,4.0,.,1.4577898808473928,0,0,1,
8,6.0,.,1.3144481914007402,0,0,1,
8,8.0,.,0.6356156766761475,0,0,1,
8,12.0,.,0.30785079224086087,0,0,1,
8,18.0,.,0.10598926850734791,0,0,1,
8,24.0,.,0.03384515048848532,0,0,1,
9,0.0,100.0,.,1,1,1,
9,0.25,.,1.9357842120828002,0,0,1,
9,0.5,.,1.9001360660940856,0,0,1,
9,1.0,.,2.3919308111002953,0,0,1,
9,2.0,.,1.7721457542382242,0,0,1,
9,4.0,.,1.5316536324676973,0,0,1,
9,6.0,.,1.3146875521133363,0,0,1,
9,8.0,.,1.111156828233164,0,0,1,
9,12.0,.,0.5207583020202171,0,0,1,
9,18.0,.,0.2684727023359079,0,0,1,
9,24.0,.,0.17572974296190577,0,0,1,
10,0.0,100.0,.,1,1,1,
10,0.25,.,1.5580941953955068,0,0,1,
10,0.5,.,1.9029528962423208,0,0,1,
10,1.0,.,1.4264890949720281,0,0,1,
10,2.0,.,1.1291872992838863,0,0,1,
10,4.0,.,0.989203301699022,0,0,1,
10,6.0,.,1.17360406442843,0,0,1,
10,8.0,.,0.8269750446657302,0,0,1,
10,12.0,.,0.5334140027520003,0,0,1,
10,18.0,.,0.36321181481827725,0,0,1,
10,24.0,.,0.17214406264425522,0,0,1,
11,0.0,100.0,.,1,1,1,
11,0.25,.,1.666972045362026,0,0,1,
11,0.5,.,1.7552200867867596,0,0,1,
11,1.0,.,2.201158550850651,0,0,1,
11,2.0,.,2.3858027903045804,0,0,1,
11,4.0,.,1.5670726012510232,0,0,1,
11,6.0,.,1.3100350708178428,0,0,1,
11,8.0,.,1.0939755687488186,0,0,1,
11,12.0,.,0.6346807511850835,0,0,1,
11,18.0,.,0.4398822164068101,0,0,1,
11,24.0,.,0.32313897678132475,0,0,1,
12,0.0,100.0,.,1,1,1,
12,0.25,.,1.8836465030832767,0,0,1,
12,0.5,.,1.8616273781711437,0,0,1,
12,1.0,.,1.7928806575496716,0,0,1,
12,2.0,.,1.5979618409818657,0,0,1,
12,4.0,.,1.5811729562965289,0,0,1,
12,6.0,.,1.5479890021676728,0,0,1,
12,8.0,.,1.0027639990371247,0,0,1,
12,12.0,.,0.5667061611012014,0,0,1,
12,18.0,.,0.3431482489329514,0,0,1,
12,24.0,.,0.23098148067379476,0,0,1,
13,0.0,100.0,.,1,1,1,
13,0.25,.,2.5215553236488533,0,0,1,
13,0.5,.,2.920621807829414,0,0,1,
13,1.0,.,2.513154029776095,0,0,1,
13,2.0,.,2.0701132180847304,0,0,1,
13,4.0,.,1.5759602184054806,0,0,1,
13,6.0,.,1.337412853834273,0,0,1,
13,8.0,.,0.8794264847268981,0,0,1,
13,12.0,.,0.5690859509620094,0,0,1,
13,18.0,.,0.23935662270921562,0,0,1,
13,24.0,.,0.10338204581375898,0,0,1,
14,0.0,100.0,.,1,1,1,
14,0.25,.,2.493672899432516,0,0,1,
14,0.5,.,2.308920708092947,0,0,1,
14,1.0,.,2.1788410047719498,0,0,1,
14,2.0,.,1.4985259311364985,0,0,1,
14,4.0,.,1.9484381623359812,0,0,1,
14,6.0,.,1.2514603397082313,0,0,1,
14,8.0,.,1.0497795957151466,0,0,1,
14,12.0,.,0.70974740126218,0,0,1,
14,18.0,.,0.46851735738417577,0,0,1,
14,24.0,.,0.2716480982631193,0,0,1,
15,0.0,100.0,.,1,1,1,
15,0.25,.,3.624694642762916,0,0,1,
15,0.5,.,3.6543359873425905,0,0,1,
15,1.0,.,3.9315080185496774,0,0,1,
15,2.0,.,3.3854537210119213,0,0,1,
15,4.0,.,2.209570694950857,0,0,1,
15,6.0,.,1.8025926194677533,0,0,1,
15,8.0,.,1.0730163243179816,0,0,1,
15,12.0,.,0.5453385493698831,0,0,1,
15,18.0,.,0.33837988301229893,0,0,1,
15,24.0,.,0.11605373324767783,0,0,1,
16,0.0,100.0,.,1,1,1,
16,0.25,.,2.5232426618682675,0,0,1,
16,0.5,.,2.4579329856025245,0,0,1,
16,1.0,.,1.915492880336492,0,0,1,
16,2.0,.,1.9733833046994196,0,0,1,
16,4.0,.,1.7814289159221968,0,0,1,
16,6.0,.,1.29144915716492,0,0,1,
16,8.0,.,1.2494661512744896,0,0,1,
16,12.0,.,0.9017366963132258,0,0,1,
16,18.0,.,0.5172523816753429,0,0,1,
16,24.0,.,0.3887175494360581,0,0,1,
17,0.0,100.0,.,1,1,1,
17,0.25,.,1.6309642678742362,0,0,1,
17,0.5,.,2.4465274733594873,0,0,1,
17,1.0,.,1.8486432094918266,0,0,1,
17,2.0,.,2.592443451275396,0,0,1,
17,4.0,.,2.010329301312431,0,0,1,
17,6.0,.,1.8991572645897605,0,0,1,
17,8.0,.,1.1709150829178792,0,0,1,
17,12.0,.,1.1721999144881103,0,0,1,
17,18.0,.,0.7792321764249655,0,0,1,
17,24.0,.,0.5426980100999595,0,0,1,
18,0.0,100.0,.,1,1,1,
18,0.25,.,2.3261924558272,0,0,1,
18,0.5,.,1.9773510805774972,0,0,1,
18,1.0,.,2.475069548598082,0,0,1,
18,2.0,.,1.9481042293250088,0,0,1,
18,4.0,.,1.2802536451467845,0,0,1,
18,6.0,.,1.4281969716679253,0,0,1,
18,8.0,.,0.9628051734767884,0,0,1,
18,12.0,.,0.6372272259383271,0,0,1,
18,18.0,.,0.34028231067243053,0,0,1,
18,24.0,.,0.22145499881785785,0,0,1,
19,0.0,100.0,.,1,1,1,
19,0.25,.,1.846972339053498,0,0,1,
19,0.5,.,2.0491451138000505,0,0,1,
19,1.0,.,1.9183074437075553,0,0,1,
19,2.0,.,1.7383986563205096,0,0,1,
19,4.0,.,1.286743530615428,0,0,1,
19,6.0,.,0.758004514809652,0,0,1,
19,8.0,.,0.6931786993851601,0,0,1,
19,12.0,.,0.7755580999953167,0,0,1,
19,18.0,.,0.3494494897349893,0,0,1,
19,24.0,.,0.15498921348516512,0,0,1,
20,0.0,100.0,.,1,1,1,
20,0.25,.,1.6418205006669684,0,0,1,
20,0.5,.,1.9286471201273974,0,0,1,
20,1.0,.,1.8827751224554798,0,0,1,
20,2.0,.,1.7207003720622218,0,0,1,
20,4.0,.,1.3051143566970305,0,0,1,
20,6.0,.,1.176311483578107,0,0,1,
20,8.0,.,1.029454129735078,0,0,1,
20,12.0,.,0.7893622784739718,0,0,1,
20,18.0,.,0.44920296760582706,0,0,1,
20,24.0,.,0.30209376227499013,0,0,1,
21,0.0,100.0,.,1,1,1,
21,0.25,.,2.1787906014482856,0,0,1,
21,0.5,.,2.298341212358249,0,0,1,
21,1.0,.,2.0037036541674094,0,0,1,
21,2.0,.,2.2300079325364943,0,0,1,
21,4.0,.,1.260952245339097,0,0,1,
21,6.0,.,1.3857450491612076,0,0,1,
21,8.0,.,1.4022759081355036,0,0,1,
21,12.0,.,0.8214991599936828,0,0,1,
21,18.0,.,0.522742140113059,0,0,1,
21,24.0,.,0.2876442849440758,0,0,1,
22,0.0,100.0,.,1,1,1,
22,0.25,.,2.9632394574383225,0,0,1,
22,0.5,.,3.120015175202947,0,0,1,
22,1.0,.,3.1773539317047335,0,0,1,
22,2.0,.,2.380903968887663,0,0,1,
22,4.0,.,1.3847745109329246,0,0,1,
22,6.0,.,1.3657825023079435,0,0,1,
22,8.0,.,0.7942058140118889,0,0,1,
22,12.0,.,0.42351849678129155,0,0,1,
22,18.0,.,0.12134917892608799,0,0,1,
22,24.0,.,0.04718181433496946,0,0,1,
23,0.0,100.0,.,1,1,1,
23,0.25,.,2.2236505972423966,0,0,1,
23,0.5,.,2.8645871973392945,0,0,1,
23,1.0,.,2.5737155767637074,0,0,1,
23,2.0,.,2.070705434779169,0,0,1,
23,4.0,.,1.5861877281920316,0,0,1,
23,6.0,.,1.1562348464937229,0,0,1,
23,8.0,.,1.1832025686400505,0,0,1,
23,12.0,.,1.0643946834330964,0,0,1,
23,18.0,.,0.40442270016041976,0,0,1,
23,24.0,.,0.3649895207585753,0,0,1,
24,0.0,100.0,.,1,1,1,
24,0.25,.,1.7534046809157906,0,0,1,
24,0.5,.,2.2978672229088963,0,0,1,
24,1.0,.,2.478757675259119,0,0,1,
24,2.0,.,2.503248214427405,0,0,1,
24,4.0,.,1.5895419566854063,0,0,1,
24,6.0,.,1.7946822371729718,0,0,1,
24,8.0,.,1.391558531609396,0,0,1,
24,12.0,.,1.0100291824207843,0,0,1,
24,18.0,.,0.4745459174080765,0,0,1,
24,24.0,.,0.4696193211724224,0,0,1,
25,0.0,100.0,.,1,1,1,
25,0.25,.,2.012035479609944,0,0,1,
25,0.5,.,2.433039547290967,0,0,1,
25,1.0,.,1.6762703490756752,0,0,1,
25,2.0,.,1.4080975865062981,0,0,1,
25,4.0,.,1.0294432140806178,0,0,1,
25,6.0,.,0.6789162087475533,0,0,1,
25,8.0,.,0.6392362585685043,0,0,1,
25,12.0,.,0.29462517201987,0,0,1,
25,18.0,.,0.0932094697308874,0,0,1,
25,24.0,.,0.039155031399722096,0,0,1,
26,0.0,100.0,.,1,1,1,
26,0.25,.,2.232737209122122,0,0,1,
26,0.5,.,2.0999186167232677,0,0,1,
26,1.0,.,2.4670700654512654,0,0,1,
26,2.0,.,2.1187608582840656,0,0,1,
26,4.0,.,1.47925522780686,0,0,1,
26,6.0,.,1.407310955420956,0,0,1,
26,8.0,.,1.2678453471589473,0,0,1,
26,12.0,.,1.0970212159398058,0,0,1,
26,18.0,.,0.5818217743857771,0,0,1,
26,24.0,.,0.3347025729937362,0,0,1,
27,0.0,100.0,.,1,1,1,
27,0.25,.,1.6724462352805567,0,0,1,
27,0.5,.,1.9183894787323783,0,0,1,
27,1.0,.,2.1133523268221994,0,0,1,
27,2.0,.,1.7038642521578569,0,0,1,
27,4.0,.,1.313094051160327,0,0,1,
27,6.0,.,0.9075322728001795,0,0,1,
27,8.0,.,0.7631802913336334,0,0,1,
27,12.0,.,0.5933935984004973,0,0,1,
27,18.0,.,0.23053424483058568,0,0,1,
27,24.0,.,0.1773315611484305,0,0,1,
28,0.0,100.0,.,1,1,1,
28,0.25,.,2.3163608550062063,0,0,1,
28,0.5,.,2.146948297640584,0,0,1,
28,1.0,.,1.7812540619788337,0,0,1,
28,2.0,.,1.6145503418993286,0,0,1,
28,4.0,.,1.661088457738968,0,0,1,
28,6.0,.,1.1007383651942195,0,0,1,
28,8.0,.,0.9520829720792996,0,0,1,
28,12.0,.,0.7329116301154016,0,0,1,
28,18.0,.,0.3923729377520376,0,0,1,
28,24.0,.,0.249306781268796,0,0,1,
29,0.0,100.0,.,1,1,1,
29,0.25,.,2.7664349446007392,0,0,1,
29,0.5,.,2.9272558302046168,0,0,1,
29,1.0,.,2.782467734968262,0,0,1,
29,2.0,.,2.270558414642893,0,0,1,
29,4.0,.,1.2811611781517807,0,0,1,
29,6.0,.,1.4643119660023944,0,0,1,
29,8.0,.,1.3285904176240253,0,0,1,
29,12.0,.,0.6596798695762366,0,0,1,
29,18.0,.,0.42458746791441176,0,0,1,
29,24.0,.,0.2858320511403659,0,0,1,
30,0.0,100.0,.,1,1,1,
30,0.25,.,3.104209903627948,0,0,1,
30,0.5,.,2.8042953798283303,0,0,1,
30,1.0,.,2.727849499311183,0,0,1,
30,2.0,.,1.9878387281342171,0,0,1,
30,4.0,.,1.9597427564361138,0,0,1,
30,6.0,.,1.3978515578441084,0,0,1,
30,8.0,.,1.1578988124757421,0,0,1,
30,12.0,.,0.8813850601977351,0,0,1,
30,18.0,.,0.3909968368130945,0,0,1,
30,24.0,.,0.2672588358118001,0,0,1,
